rate_date,currency_code,usd_per_unit
2014-01-01,USD,1.0
2014-01-02,EUR,1.3658
2014-01-02,GBP,1.64911857
2014-01-02,JPY,0.00949659
2014-01-02,TRY,0.45766176
2014-01-02,USD,1.0
2014-01-03,EUR,1.3634
2014-01-03,GBP,1.64176049
2014-01-03,JPY,0.00957041
2014-01-03,TRY,0.46003307
2014-01-03,USD,1.0
2014-01-04,EUR,1.3634
2014-01-04,GBP,1.64176049
2014-01-04,JPY,0.00957041
2014-01-04,TRY,0.46003307
2014-01-04,USD,1.0
2014-01-05,EUR,1.3634
2014-01-05,GBP,1.64176049
2014-01-05,JPY,0.00957041
2014-01-05,TRY,0.46003307
2014-01-05,USD,1.0
2014-01-06,EUR,1.3602
2014-01-06,GBP,1.63820306
2014-01-06,JPY,0.00956002
2014-01-06,TRY,0.45587693
2014-01-06,USD,1.0
2014-01-07,EUR,1.3641
2014-01-07,GBP,1.64122
2014-01-07,JPY,0.00957734
2014-01-07,TRY,0.46137455
2014-01-07,USD,1.0
2014-01-08,EUR,1.3594
2014-01-08,GBP,1.64238251
2014-01-08,JPY,0.00955104
2014-01-08,TRY,0.45955174
2014-01-08,USD,1.0
2014-01-09,EUR,1.3612
2014-01-09,GBP,1.64844081
2014-01-09,JPY,0.00952421
2014-01-09,TRY,0.45762313
2014-01-09,USD,1.0
2014-01-10,EUR,1.3587
2014-01-10,GBP,1.64094203
2014-01-10,JPY,0.00952338
2014-01-10,TRY,0.459253
2014-01-10,USD,1.0
2014-01-11,EUR,1.3587
2014-01-11,GBP,1.64094203
2014-01-11,JPY,0.00952338
2014-01-11,TRY,0.459253
2014-01-11,USD,1.0
2014-01-12,EUR,1.3587
2014-01-12,GBP,1.64094203
2014-01-12,JPY,0.00952338
2014-01-12,TRY,0.459253
2014-01-12,USD,1.0
2014-01-13,EUR,1.3654
2014-01-13,GBP,1.64169773
2014-01-13,JPY,0.00965834
2014-01-13,TRY,0.45926673
2014-01-13,USD,1.0
2014-01-14,EUR,1.3667
2014-01-14,GBP,1.64375489
2014-01-14,JPY,0.00965047
2014-01-14,TRY,0.45588579
2014-01-14,USD,1.0
2014-01-15,EUR,1.3606
2014-01-15,GBP,1.6388822
2014-01-15,JPY,0.00959115
2014-01-15,TRY,0.45569027
2014-01-15,USD,1.0
2014-01-16,EUR,1.3597
2014-01-16,GBP,1.63396022
2014-01-16,JPY,0.00956121
2014-01-16,TRY,0.45336934
2014-01-16,USD,1.0
2014-01-17,EUR,1.3584
2014-01-17,GBP,1.64415396
2014-01-17,JPY,0.00957969
2014-01-17,TRY,0.45066684
2014-01-17,USD,1.0
2014-01-18,EUR,1.3584
2014-01-18,GBP,1.64415396
2014-01-18,JPY,0.00957969
2014-01-18,TRY,0.45066684
2014-01-18,USD,1.0
2014-01-19,EUR,1.3584
2014-01-19,GBP,1.64415396
2014-01-19,JPY,0.00957969
2014-01-19,TRY,0.45066684
2014-01-19,USD,1.0
2014-01-20,EUR,1.3566
2014-01-20,GBP,1.64197531
2014-01-20,JPY,0.00961787
2014-01-20,TRY,0.44655848
2014-01-20,USD,1.0
2014-01-21,EUR,1.3526
2014-01-21,GBP,1.64170409
2014-01-21,JPY,0.00955361
2014-01-21,TRY,0.44407236
2014-01-21,USD,1.0
2014-01-22,EUR,1.3566
2014-01-22,GBP,1.65641026
2014-01-22,JPY,0.00958254
2014-01-22,TRY,0.44284129
2014-01-22,USD,1.0
2014-01-23,EUR,1.3639
2014-01-23,GBP,1.65975053
2014-01-23,JPY,0.00960561
2014-01-23,TRY,0.43917439
2014-01-23,USD,1.0
2014-01-24,EUR,1.3687
2014-01-24,GBP,1.6508262
2014-01-24,JPY,0.00976388
2014-01-24,TRY,0.42922102
2014-01-24,USD,1.0
2014-01-25,EUR,1.3687
2014-01-25,GBP,1.6508262
2014-01-25,JPY,0.00976388
2014-01-25,TRY,0.42922102
2014-01-25,USD,1.0
2014-01-26,EUR,1.3687
2014-01-26,GBP,1.6508262
2014-01-26,JPY,0.00976388
2014-01-26,TRY,0.42922102
2014-01-26,USD,1.0
2014-01-27,EUR,1.3658
2014-01-27,GBP,1.65541482
2014-01-27,JPY,0.00972861
2014-01-27,TRY,0.43153239
2014-01-27,USD,1.0
2014-01-28,EUR,1.3649
2014-01-28,GBP,1.65874704
2014-01-28,JPY,0.00970699
2014-01-28,TRY,0.44057456
2014-01-28,USD,1.0
2014-01-29,EUR,1.3608
2014-01-29,GBP,1.65527308
2014-01-29,JPY,0.00973878
2014-01-29,TRY,0.44696995
2014-01-29,USD,1.0
2014-01-30,EUR,1.3574
2014-01-30,GBP,1.64773003
2014-01-30,JPY,0.00974584
2014-01-30,TRY,0.44059984
2014-01-30,USD,1.0
2014-01-31,EUR,1.3516
2014-01-31,GBP,1.64558349
2014-01-31,JPY,0.00978499
2014-01-31,TRY,0.4396591
2014-01-31,USD,1.0
2014-02-01,EUR,1.3516
2014-02-01,GBP,1.64558349
2014-02-01,JPY,0.00978499
2014-02-01,TRY,0.4396591
2014-02-01,USD,1.0
2014-02-02,EUR,1.3516
2014-02-02,GBP,1.64558349
2014-02-02,JPY,0.00978499
2014-02-02,TRY,0.4396591
2014-02-02,USD,1.0
2014-02-03,EUR,1.3498
2014-02-03,GBP,1.6343383
2014-02-03,JPY,0.00979393
2014-02-03,TRY,0.44207906
2014-02-03,USD,1.0
2014-02-04,EUR,1.3519
2014-02-04,GBP,1.6306616
2014-02-04,JPY,0.00986428
2014-02-04,TRY,0.44454309
2014-02-04,USD,1.0
2014-02-05,EUR,1.3543
2014-02-05,GBP,1.62737323
2014-02-05,JPY,0.0099013
2014-02-05,TRY,0.44662467
2014-02-05,USD,1.0
2014-02-06,EUR,1.3495
2014-02-06,GBP,1.62835596
2014-02-06,JPY,0.0098554
2014-02-06,TRY,0.4491895
2014-02-06,USD,1.0
2014-02-07,EUR,1.3574
2014-02-07,GBP,1.63266779
2014-02-07,JPY,0.00978024
2014-02-07,TRY,0.45003647
2014-02-07,USD,1.0
2014-02-08,EUR,1.3574
2014-02-08,GBP,1.63266779
2014-02-08,JPY,0.00978024
2014-02-08,TRY,0.45003647
2014-02-08,USD,1.0
2014-02-09,EUR,1.3574
2014-02-09,GBP,1.63266779
2014-02-09,JPY,0.00978024
2014-02-09,TRY,0.45003647
2014-02-09,USD,1.0
2014-02-10,EUR,1.3638
2014-02-10,GBP,1.63997114
2014-02-10,JPY,0.00979319
2014-02-10,TRY,0.45082807
2014-02-10,USD,1.0
2014-02-11,EUR,1.3676
2014-02-11,GBP,1.64622329
2014-02-11,JPY,0.00976857
2014-02-11,TRY,0.45471472
2014-02-11,USD,1.0
2014-02-12,EUR,1.3573
2014-02-12,GBP,1.65202045
2014-02-12,JPY,0.00977248
2014-02-12,TRY,0.45592879
2014-02-12,USD,1.0
2014-02-13,EUR,1.3675
2014-02-13,GBP,1.66463786
2014-02-13,JPY,0.00980849
2014-02-13,TRY,0.45330991
2014-02-13,USD,1.0
2014-02-14,EUR,1.3707
2014-02-14,GBP,1.67087219
2014-02-14,JPY,0.00982722
2014-02-14,TRY,0.45747947
2014-02-14,USD,1.0
2014-02-15,EUR,1.3707
2014-02-15,GBP,1.67087219
2014-02-15,JPY,0.00982722
2014-02-15,TRY,0.45747947
2014-02-15,USD,1.0
2014-02-16,EUR,1.3707
2014-02-16,GBP,1.67087219
2014-02-16,JPY,0.00982722
2014-02-16,TRY,0.45747947
2014-02-16,USD,1.0
2014-02-17,EUR,1.3699
2014-02-17,GBP,1.67295597
2014-02-17,JPY,0.00981304
2014-02-17,TRY,0.45880501
2014-02-17,USD,1.0
2014-02-18,EUR,1.3731
2014-02-18,GBP,1.66780032
2014-02-18,JPY,0.00975421
2014-02-18,TRY,0.45872448
2014-02-18,USD,1.0
2014-02-19,EUR,1.3745
2014-02-19,GBP,1.66585868
2014-02-19,JPY,0.00981225
2014-02-19,TRY,0.45661418
2014-02-19,USD,1.0
2014-02-20,EUR,1.3706
2014-02-20,GBP,1.66739659
2014-02-20,JPY,0.0097963
2014-02-20,TRY,0.4524627
2014-02-20,USD,1.0
2014-02-21,EUR,1.3707
2014-02-21,GBP,1.66786318
2014-02-21,JPY,0.00975587
2014-02-21,TRY,0.45542745
2014-02-21,USD,1.0
2014-02-22,EUR,1.3707
2014-02-22,GBP,1.66786318
2014-02-22,JPY,0.00975587
2014-02-22,TRY,0.45542745
2014-02-22,USD,1.0
2014-02-23,EUR,1.3707
2014-02-23,GBP,1.66786318
2014-02-23,JPY,0.00975587
2014-02-23,TRY,0.45542745
2014-02-23,USD,1.0
2014-02-24,EUR,1.3735
2014-02-24,GBP,1.66555508
2014-02-24,JPY,0.0097626
2014-02-24,TRY,0.45867424
2014-02-24,USD,1.0
2014-02-25,EUR,1.3754
2014-02-25,GBP,1.66927605
2014-02-25,JPY,0.00977888
2014-02-25,TRY,0.45289605
2014-02-25,USD,1.0
2014-02-26,EUR,1.3726
2014-02-26,GBP,1.66861172
2014-02-26,JPY,0.0097694
2014-02-26,TRY,0.45060898
2014-02-26,USD,1.0
2014-02-27,EUR,1.3656
2014-02-27,GBP,1.66465533
2014-02-27,JPY,0.00981387
2014-02-27,TRY,0.44974312
2014-02-27,USD,1.0
2014-02-28,EUR,1.3813
2014-02-28,GBP,1.67177005
2014-02-28,JPY,0.00982223
2014-02-28,TRY,0.45207004
2014-02-28,USD,1.0
2014-03-01,EUR,1.3813
2014-03-01,GBP,1.67177005
2014-03-01,JPY,0.00982223
2014-03-01,TRY,0.45207004
2014-03-01,USD,1.0
2014-03-02,EUR,1.3813
2014-03-02,GBP,1.67177005
2014-03-02,JPY,0.00982223
2014-03-02,TRY,0.45207004
2014-03-02,USD,1.0
2014-03-03,EUR,1.3768
2014-03-03,GBP,1.67280238
2014-03-03,JPY,0.00986883
2014-03-03,TRY,0.45028781
2014-03-03,USD,1.0
2014-03-04,EUR,1.3768
2014-03-04,GBP,1.66965802
2014-03-04,JPY,0.00982026
2014-03-04,TRY,0.45111402
2014-03-04,USD,1.0
2014-03-05,EUR,1.3732
2014-03-05,GBP,1.67116953
2014-03-05,JPY,0.00975908
2014-03-05,TRY,0.4530518
2014-03-05,USD,1.0
2014-03-06,EUR,1.3745
2014-03-06,GBP,1.66929803
2014-03-06,JPY,0.00973304
2014-03-06,TRY,0.45429006
2014-03-06,USD,1.0
2014-03-07,EUR,1.3894
2014-03-07,GBP,1.67700664
2014-03-07,JPY,0.00971473
2014-03-07,TRY,0.45579503
2014-03-07,USD,1.0
2014-03-08,EUR,1.3894
2014-03-08,GBP,1.67700664
2014-03-08,JPY,0.00971473
2014-03-08,TRY,0.45579503
2014-03-08,USD,1.0
2014-03-09,EUR,1.3894
2014-03-09,GBP,1.67700664
2014-03-09,JPY,0.00971473
2014-03-09,TRY,0.45579503
2014-03-09,USD,1.0
2014-03-10,EUR,1.3881
2014-03-10,GBP,1.66478772
2014-03-10,JPY,0.00968059
2014-03-10,TRY,0.45153211
2014-03-10,USD,1.0
2014-03-11,EUR,1.385
2014-03-11,GBP,1.66146833
2014-03-11,JPY,0.00968193
2014-03-11,TRY,0.44881558
2014-03-11,USD,1.0
2014-03-12,EUR,1.3887
2014-03-12,GBP,1.66132312
2014-03-12,JPY,0.00973297
2014-03-12,TRY,0.44634076
2014-03-12,USD,1.0
2014-03-13,EUR,1.3942
2014-03-13,GBP,1.66880124
2014-03-13,JPY,0.00972924
2014-03-13,TRY,0.44930712
2014-03-13,USD,1.0
2014-03-14,EUR,1.3884
2014-03-14,GBP,1.65947529
2014-03-14,JPY,0.00987272
2014-03-14,TRY,0.44729381
2014-03-14,USD,1.0
2014-03-15,EUR,1.3884
2014-03-15,GBP,1.65947529
2014-03-15,JPY,0.00987272
2014-03-15,TRY,0.44729381
2014-03-15,USD,1.0
2014-03-16,EUR,1.3884
2014-03-16,GBP,1.65947529
2014-03-16,JPY,0.00987272
2014-03-16,TRY,0.44729381
2014-03-16,USD,1.0
2014-03-17,EUR,1.3906
2014-03-17,GBP,1.66190618
2014-03-17,JPY,0.00983104
2014-03-17,TRY,0.44956679
2014-03-17,USD,1.0
2014-03-18,EUR,1.3902
2014-03-18,GBP,1.6583562
2014-03-18,JPY,0.00985259
2014-03-18,TRY,0.45012142
2014-03-18,USD,1.0
2014-03-19,EUR,1.3913
2014-03-19,GBP,1.6626434
2014-03-19,JPY,0.00984573
2014-03-19,TRY,0.45011323
2014-03-19,USD,1.0
2014-03-20,EUR,1.3762
2014-03-20,GBP,1.64903241
2014-03-20,JPY,0.00977068
2014-03-20,TRY,0.4469633
2014-03-20,USD,1.0
2014-03-21,EUR,1.378
2014-03-21,GBP,1.64891708
2014-03-21,JPY,0.0097682
2014-03-21,TRY,0.44650379
2014-03-21,USD,1.0
2014-03-22,EUR,1.378
2014-03-22,GBP,1.64891708
2014-03-22,JPY,0.0097682
2014-03-22,TRY,0.44650379
2014-03-22,USD,1.0
2014-03-23,EUR,1.378
2014-03-23,GBP,1.64891708
2014-03-23,JPY,0.0097682
2014-03-23,TRY,0.44650379
2014-03-23,USD,1.0
2014-03-24,EUR,1.3774
2014-03-24,GBP,1.648791
2014-03-24,JPY,0.00976533
2014-03-24,TRY,0.44678712
2014-03-24,USD,1.0
2014-03-25,EUR,1.3789
2014-03-25,GBP,1.65177288
2014-03-25,JPY,0.0097642
2014-03-25,TRY,0.44840818
2014-03-25,USD,1.0
2014-03-26,EUR,1.3791
2014-03-26,GBP,1.6543906
2014-03-26,JPY,0.00976354
2014-03-26,TRY,0.45298079
2014-03-26,USD,1.0
2014-03-27,EUR,1.3758
2014-03-27,GBP,1.66219645
2014-03-27,JPY,0.00977478
2014-03-27,TRY,0.45776077
2014-03-27,USD,1.0
2014-03-28,EUR,1.3759
2014-03-28,GBP,1.66332205
2014-03-28,JPY,0.00976508
2014-03-28,TRY,0.45653328
2014-03-28,USD,1.0
2014-03-29,EUR,1.3759
2014-03-29,GBP,1.66332205
2014-03-29,JPY,0.00976508
2014-03-29,TRY,0.45653328
2014-03-29,USD,1.0
2014-03-30,EUR,1.3759
2014-03-30,GBP,1.66332205
2014-03-30,JPY,0.00976508
2014-03-30,TRY,0.45653328
2014-03-30,USD,1.0
2014-03-31,EUR,1.3788
2014-03-31,GBP,1.66481526
2014-03-31,JPY,0.00968122
2014-03-31,TRY,0.46435187
2014-03-31,USD,1.0
2014-04-01,EUR,1.379
2014-04-01,GBP,1.66304872
2014-04-01,JPY,0.00967516
2014-04-01,TRY,0.46495162
2014-04-01,USD,1.0
2014-04-02,EUR,1.3795
2014-04-02,GBP,1.6660628
2014-04-02,JPY,0.00964483
2014-04-02,TRY,0.47104418
2014-04-02,USD,1.0
2014-04-03,EUR,1.3771
2014-04-03,GBP,1.65975654
2014-04-03,JPY,0.009622
2014-04-03,TRY,0.46692435
2014-04-03,USD,1.0
2014-04-04,EUR,1.37
2014-04-04,GBP,1.65719124
2014-04-04,JPY,0.00962552
2014-04-04,TRY,0.46773643
2014-04-04,USD,1.0
2014-04-05,EUR,1.37
2014-04-05,GBP,1.65719124
2014-04-05,JPY,0.00962552
2014-04-05,TRY,0.46773643
2014-04-05,USD,1.0
2014-04-06,EUR,1.37
2014-04-06,GBP,1.65719124
2014-04-06,JPY,0.00962552
2014-04-06,TRY,0.46773643
2014-04-06,USD,1.0
2014-04-07,EUR,1.3723
2014-04-07,GBP,1.6591706
2014-04-07,JPY,0.00968796
2014-04-07,TRY,0.47153214
2014-04-07,USD,1.0
2014-04-08,EUR,1.3774
2014-04-08,GBP,1.67119631
2014-04-08,JPY,0.00977573
2014-04-08,TRY,0.47735228
2014-04-08,USD,1.0
2014-04-09,EUR,1.3794
2014-04-09,GBP,1.67453718
2014-04-09,JPY,0.00980175
2014-04-09,TRY,0.47264005
2014-04-09,USD,1.0
2014-04-10,EUR,1.3867
2014-04-10,GBP,1.67637814
2014-04-10,JPY,0.00983475
2014-04-10,TRY,0.47666025
2014-04-10,USD,1.0
2014-04-11,EUR,1.3872
2014-04-11,GBP,1.67313955
2014-04-11,JPY,0.00985998
2014-04-11,TRY,0.47039674
2014-04-11,USD,1.0
2014-04-12,EUR,1.3872
2014-04-12,GBP,1.67313955
2014-04-12,JPY,0.00985998
2014-04-12,TRY,0.47039674
2014-04-12,USD,1.0
2014-04-13,EUR,1.3872
2014-04-13,GBP,1.67313955
2014-04-13,JPY,0.00985998
2014-04-13,TRY,0.47039674
2014-04-13,USD,1.0
2014-04-14,EUR,1.3827
2014-04-14,GBP,1.67113851
2014-04-14,JPY,0.00981543
2014-04-14,TRY,0.47014621
2014-04-14,USD,1.0
2014-04-15,EUR,1.3803
2014-04-15,GBP,1.67288813
2014-04-15,JPY,0.00981582
2014-04-15,TRY,0.46998536
2014-04-15,USD,1.0
2014-04-16,EUR,1.384
2014-04-16,GBP,1.67981551
2014-04-16,JPY,0.00977746
2014-04-16,TRY,0.4677572
2014-04-16,USD,1.0
2014-04-17,EUR,1.3855
2014-04-17,GBP,1.68082009
2014-04-17,JPY,0.00978668
2014-04-17,TRY,0.4688346
2014-04-17,USD,1.0
2014-04-18,EUR,1.3855
2014-04-18,GBP,1.68082009
2014-04-18,JPY,0.00978668
2014-04-18,TRY,0.4688346
2014-04-18,USD,1.0
2014-04-19,EUR,1.3855
2014-04-19,GBP,1.68082009
2014-04-19,JPY,0.00978668
2014-04-19,TRY,0.4688346
2014-04-19,USD,1.0
2014-04-20,EUR,1.3855
2014-04-20,GBP,1.68082009
2014-04-20,JPY,0.00978668
2014-04-20,TRY,0.4688346
2014-04-20,USD,1.0
2014-04-21,EUR,1.3855
2014-04-21,GBP,1.68082009
2014-04-21,JPY,0.00978668
2014-04-21,TRY,0.4688346
2014-04-21,USD,1.0
2014-04-22,EUR,1.3817
2014-04-22,GBP,1.68397319
2014-04-22,JPY,0.00975157
2014-04-22,TRY,0.46729573
2014-04-22,USD,1.0
2014-04-23,EUR,1.3834
2014-04-23,GBP,1.67908727
2014-04-23,JPY,0.00977944
2014-04-23,TRY,0.4651804
2014-04-23,USD,1.0
2014-04-24,EUR,1.382
2014-04-24,GBP,1.67922236
2014-04-24,JPY,0.00975782
2014-04-24,TRY,0.46926995
2014-04-24,USD,1.0
2014-04-25,EUR,1.3831
2014-04-25,GBP,1.68086529
2014-04-25,JPY,0.00980574
2014-04-25,TRY,0.46822844
2014-04-25,USD,1.0
2014-04-26,EUR,1.3831
2014-04-26,GBP,1.68086529
2014-04-26,JPY,0.00980574
2014-04-26,TRY,0.46822844
2014-04-26,USD,1.0
2014-04-27,EUR,1.3831
2014-04-27,GBP,1.68086529
2014-04-27,JPY,0.00980574
2014-04-27,TRY,0.46822844
2014-04-27,USD,1.0
2014-04-28,EUR,1.3861
2014-04-28,GBP,1.68461351
2014-04-28,JPY,0.00977159
2014-04-28,TRY,0.46922817
2014-04-28,USD,1.0
2014-04-29,EUR,1.3826
2014-04-29,GBP,1.68158599
2014-04-29,JPY,0.00973456
2014-04-29,TRY,0.47153917
2014-04-29,USD,1.0
2014-04-30,EUR,1.385
2014-04-30,GBP,1.68286756
2014-04-30,JPY,0.00974872
2014-04-30,TRY,0.47224495
2014-04-30,USD,1.0
2014-05-01,EUR,1.385
2014-05-01,GBP,1.68286756
2014-05-01,JPY,0.00974872
2014-05-01,TRY,0.47224495
2014-05-01,USD,1.0
2014-05-02,EUR,1.3862
2014-05-02,GBP,1.68760653
2014-05-02,JPY,0.00975785
2014-05-02,TRY,0.47550768
2014-05-02,USD,1.0
2014-05-03,EUR,1.3862
2014-05-03,GBP,1.68760653
2014-05-03,JPY,0.00975785
2014-05-03,TRY,0.47550768
2014-05-03,USD,1.0
2014-05-04,EUR,1.3862
2014-05-04,GBP,1.68760653
2014-05-04,JPY,0.00975785
2014-05-04,TRY,0.47550768
2014-05-04,USD,1.0
2014-05-05,EUR,1.3874
2014-05-05,GBP,1.68592711
2014-05-05,JPY,0.00980911
2014-05-05,TRY,0.47624605
2014-05-05,USD,1.0
2014-05-06,EUR,1.3945
2014-05-06,GBP,1.69822809
2014-05-06,JPY,0.00982804
2014-05-06,TRY,0.47784669
2014-05-06,USD,1.0
2014-05-07,EUR,1.3927
2014-05-07,GBP,1.696966
2014-05-07,JPY,0.0098299
2014-05-07,TRY,0.47804895
2014-05-07,USD,1.0
2014-05-08,EUR,1.3953
2014-05-08,GBP,1.69476497
2014-05-08,JPY,0.00982952
2014-05-08,TRY,0.48155306
2014-05-08,USD,1.0
2014-05-09,EUR,1.3781
2014-05-09,GBP,1.68626491
2014-05-09,JPY,0.00983374
2014-05-09,TRY,0.48081083
2014-05-09,USD,1.0
2014-05-10,EUR,1.3781
2014-05-10,GBP,1.68626491
2014-05-10,JPY,0.00983374
2014-05-10,TRY,0.48081083
2014-05-10,USD,1.0
2014-05-11,EUR,1.3781
2014-05-11,GBP,1.68626491
2014-05-11,JPY,0.00983374
2014-05-11,TRY,0.48081083
2014-05-11,USD,1.0
2014-05-12,EUR,1.3765
2014-05-12,GBP,1.68864626
2014-05-12,JPY,0.00981042
2014-05-12,TRY,0.48072222
2014-05-12,USD,1.0
2014-05-13,EUR,1.3703
2014-05-13,GBP,1.68351864
2014-05-13,JPY,0.00977041
2014-05-13,TRY,0.48261896
2014-05-13,USD,1.0
2014-05-14,EUR,1.3719
2014-05-14,GBP,1.67775468
2014-05-14,JPY,0.00982385
2014-05-14,TRY,0.48104772
2014-05-14,USD,1.0
2014-05-15,EUR,1.3659
2014-05-15,GBP,1.67553974
2014-05-15,JPY,0.00981462
2014-05-15,TRY,0.47983559
2014-05-15,USD,1.0
2014-05-16,EUR,1.3696
2014-05-16,GBP,1.68090329
2014-05-16,JPY,0.00985678
2014-05-16,TRY,0.47629977
2014-05-16,USD,1.0
2014-05-17,EUR,1.3696
2014-05-17,GBP,1.68090329
2014-05-17,JPY,0.00985678
2014-05-17,TRY,0.47629977
2014-05-17,USD,1.0
2014-05-18,EUR,1.3696
2014-05-18,GBP,1.68090329
2014-05-18,JPY,0.00985678
2014-05-18,TRY,0.47629977
2014-05-18,USD,1.0
2014-05-19,EUR,1.3715
2014-05-19,GBP,1.68364842
2014-05-19,JPY,0.00988184
2014-05-19,TRY,0.47636414
2014-05-19,USD,1.0
2014-05-20,EUR,1.3702
2014-05-20,GBP,1.68329238
2014-05-20,JPY,0.00986607
2014-05-20,TRY,0.47356052
2014-05-20,USD,1.0
2014-05-21,EUR,1.3676
2014-05-21,GBP,1.68964665
2014-05-21,JPY,0.00989724
2014-05-21,TRY,0.47418605
2014-05-21,USD,1.0
2014-05-22,EUR,1.3668
2014-05-22,GBP,1.68657453
2014-05-22,JPY,0.00983592
2014-05-22,TRY,0.47628672
2014-05-22,USD,1.0
2014-05-23,EUR,1.363
2014-05-23,GBP,1.68406746
2014-05-23,JPY,0.0098114
2014-05-23,TRY,0.47873275
2014-05-23,USD,1.0
2014-05-24,EUR,1.363
2014-05-24,GBP,1.68406746
2014-05-24,JPY,0.0098114
2014-05-24,TRY,0.47873275
2014-05-24,USD,1.0
2014-05-25,EUR,1.363
2014-05-25,GBP,1.68406746
2014-05-25,JPY,0.0098114
2014-05-25,TRY,0.47873275
2014-05-25,USD,1.0
2014-05-26,EUR,1.3635
2014-05-26,GBP,1.68354118
2014-05-26,JPY,0.00981147
2014-05-26,TRY,0.47897566
2014-05-26,USD,1.0
2014-05-27,EUR,1.3638
2014-05-27,GBP,1.68162762
2014-05-27,JPY,0.0098108
2014-05-27,TRY,0.47618715
2014-05-27,USD,1.0
2014-05-28,EUR,1.3608
2014-05-28,GBP,1.67483077
2014-05-28,JPY,0.00980898
2014-05-28,TRY,0.47553816
2014-05-28,USD,1.0
2014-05-29,EUR,1.3612
2014-05-29,GBP,1.67120933
2014-05-29,JPY,0.00983953
2014-05-29,TRY,0.47761404
2014-05-29,USD,1.0
2014-05-30,EUR,1.3607
2014-05-30,GBP,1.6734719
2014-05-30,JPY,0.00983449
2014-05-30,TRY,0.4774721
2014-05-30,USD,1.0
2014-05-31,EUR,1.3607
2014-05-31,GBP,1.6734719
2014-05-31,JPY,0.00983449
2014-05-31,TRY,0.4774721
2014-05-31,USD,1.0
2014-06-01,EUR,1.3607
2014-06-01,GBP,1.6734719
2014-06-01,JPY,0.00983449
2014-06-01,TRY,0.4774721
2014-06-01,USD,1.0
2014-06-02,EUR,1.3611
2014-06-02,GBP,1.67437569
2014-06-02,JPY,0.00979631
2014-06-02,TRY,0.47685948
2014-06-02,USD,1.0
2014-06-03,EUR,1.3645
2014-06-03,GBP,1.67484964
2014-06-03,JPY,0.00977156
2014-06-03,TRY,0.4743612
2014-06-03,USD,1.0
2014-06-04,EUR,1.3627
2014-06-04,GBP,1.67613776
2014-06-04,JPY,0.00974889
2014-06-04,TRY,0.47191439
2014-06-04,USD,1.0
2014-06-05,EUR,1.3567
2014-06-05,GBP,1.67431815
2014-06-05,JPY,0.00974361
2014-06-05,TRY,0.47427113
2014-06-05,USD,1.0
2014-06-06,EUR,1.3642
2014-06-06,GBP,1.68253577
2014-06-06,JPY,0.00976451
2014-06-06,TRY,0.4781801
2014-06-06,USD,1.0
2014-06-07,EUR,1.3642
2014-06-07,GBP,1.68253577
2014-06-07,JPY,0.00976451
2014-06-07,TRY,0.4781801
2014-06-07,USD,1.0
2014-06-08,EUR,1.3642
2014-06-08,GBP,1.68253577
2014-06-08,JPY,0.00976451
2014-06-08,TRY,0.4781801
2014-06-08,USD,1.0
2014-06-09,EUR,1.3608
2014-06-09,GBP,1.68031117
2014-06-09,JPY,0.00976254
2014-06-09,TRY,0.48042365
2014-06-09,USD,1.0
2014-06-10,EUR,1.3547
2014-06-10,GBP,1.67764706
2014-06-10,JPY,0.00977206
2014-06-10,TRY,0.47913277
2014-06-10,USD,1.0
2014-06-11,EUR,1.3547
2014-06-11,GBP,1.67868649
2014-06-11,JPY,0.00980317
2014-06-11,TRY,0.47600141
2014-06-11,USD,1.0
2014-06-12,EUR,1.3528
2014-06-12,GBP,1.68279637
2014-06-12,JPY,0.00979438
2014-06-12,TRY,0.47469998
2014-06-12,USD,1.0
2014-06-13,EUR,1.3534
2014-06-13,GBP,1.69620253
2014-06-13,JPY,0.00980156
2014-06-13,TRY,0.47071508
2014-06-13,USD,1.0
2014-06-14,EUR,1.3534
2014-06-14,GBP,1.69620253
2014-06-14,JPY,0.00980156
2014-06-14,TRY,0.47071508
2014-06-14,USD,1.0
2014-06-15,EUR,1.3534
2014-06-15,GBP,1.69620253
2014-06-15,JPY,0.00980156
2014-06-15,TRY,0.47071508
2014-06-15,USD,1.0
2014-06-16,EUR,1.3532
2014-06-16,GBP,1.6970153
2014-06-16,JPY,0.00981932
2014-06-16,TRY,0.46695883
2014-06-16,USD,1.0
2014-06-17,EUR,1.3568
2014-06-17,GBP,1.69727295
2014-06-17,JPY,0.00980347
2014-06-17,TRY,0.46831423
2014-06-17,USD,1.0
2014-06-18,EUR,1.3563
2014-06-18,GBP,1.69431605
2014-06-18,JPY,0.00978219
2014-06-18,TRY,0.46630681
2014-06-18,USD,1.0
2014-06-19,EUR,1.362
2014-06-19,GBP,1.70281928
2014-06-19,JPY,0.00981127
2014-06-19,TRY,0.46925065
2014-06-19,USD,1.0
2014-06-20,EUR,1.3588
2014-06-20,GBP,1.70382445
2014-06-20,JPY,0.0097981
2014-06-20,TRY,0.46660486
2014-06-20,USD,1.0
2014-06-21,EUR,1.3588
2014-06-21,GBP,1.70382445
2014-06-21,JPY,0.0097981
2014-06-21,TRY,0.46660486
2014-06-21,USD,1.0
2014-06-22,EUR,1.3588
2014-06-22,GBP,1.70382445
2014-06-22,JPY,0.0097981
2014-06-22,TRY,0.46660486
2014-06-22,USD,1.0
2014-06-23,EUR,1.3596
2014-06-23,GBP,1.70077558
2014-06-23,JPY,0.00981944
2014-06-23,TRY,0.46811734
2014-06-23,USD,1.0
2014-06-24,EUR,1.3618
2014-06-24,GBP,1.69906425
2014-06-24,JPY,0.00981124
2014-06-24,TRY,0.46853604
2014-06-24,USD,1.0
2014-06-25,EUR,1.3615
2014-06-25,GBP,1.6971019
2014-06-25,JPY,0.00981403
2014-06-25,TRY,0.46730736
2014-06-25,USD,1.0
2014-06-26,EUR,1.3606
2014-06-26,GBP,1.7026655
2014-06-26,JPY,0.00982454
2014-06-26,TRY,0.46917241
2014-06-26,USD,1.0
2014-06-27,EUR,1.362
2014-06-27,GBP,1.70324517
2014-06-27,JPY,0.00986313
2014-06-27,TRY,0.47056385
2014-06-27,USD,1.0
2014-06-28,EUR,1.362
2014-06-28,GBP,1.70324517
2014-06-28,JPY,0.00986313
2014-06-28,TRY,0.47056385
2014-06-28,USD,1.0
2014-06-29,EUR,1.362
2014-06-29,GBP,1.70324517
2014-06-29,JPY,0.00986313
2014-06-29,TRY,0.47056385
2014-06-29,USD,1.0
2014-06-30,EUR,1.3658
2014-06-30,GBP,1.7040549
2014-06-30,JPY,0.00986565
2014-06-30,TRY,0.4714695
2014-06-30,USD,1.0
2014-07-01,EUR,1.3688
2014-07-01,GBP,1.7150733
2014-07-01,JPY,0.0098489
2014-07-01,TRY,0.47092823
2014-07-01,USD,1.0
2014-07-02,EUR,1.3656
2014-07-02,GBP,1.71600905
2014-07-02,JPY,0.00984926
2014-07-02,TRY,0.47003752
2014-07-02,USD,1.0
2014-07-03,EUR,1.3646
2014-07-03,GBP,1.71324545
2014-07-03,JPY,0.00981303
2014-07-03,TRY,0.46890248
2014-07-03,USD,1.0
2014-07-04,EUR,1.3588
2014-07-04,GBP,1.71435781
2014-07-04,JPY,0.0097988
2014-07-04,TRY,0.46953938
2014-07-04,USD,1.0
2014-07-05,EUR,1.3588
2014-07-05,GBP,1.71435781
2014-07-05,JPY,0.0097988
2014-07-05,TRY,0.46953938
2014-07-05,USD,1.0
2014-07-06,EUR,1.3588
2014-07-06,GBP,1.71435781
2014-07-06,JPY,0.0097988
2014-07-06,TRY,0.46953938
2014-07-06,USD,1.0
2014-07-07,EUR,1.3592
2014-07-07,GBP,1.71216225
2014-07-07,JPY,0.00981159
2014-07-07,TRY,0.4692236
2014-07-07,USD,1.0
2014-07-08,EUR,1.3589
2014-07-08,GBP,1.71178434
2014-07-08,JPY,0.00982858
2014-07-08,TRY,0.47017507
2014-07-08,USD,1.0
2014-07-09,EUR,1.3603
2014-07-09,GBP,1.70988624
2014-07-09,JPY,0.00983018
2014-07-09,TRY,0.47025271
2014-07-09,USD,1.0
2014-07-10,EUR,1.3604
2014-07-10,GBP,1.71108735
2014-07-10,JPY,0.00986727
2014-07-10,TRY,0.46915198
2014-07-10,USD,1.0
2014-07-11,EUR,1.3595
2014-07-11,GBP,1.71200101
2014-07-11,JPY,0.00986933
2014-07-11,TRY,0.47113252
2014-07-11,USD,1.0
2014-07-12,EUR,1.3595
2014-07-12,GBP,1.71200101
2014-07-12,JPY,0.00986933
2014-07-12,TRY,0.47113252
2014-07-12,USD,1.0
2014-07-13,EUR,1.3595
2014-07-13,GBP,1.71200101
2014-07-13,JPY,0.00986933
2014-07-13,TRY,0.47113252
2014-07-13,USD,1.0
2014-07-14,EUR,1.3627
2014-07-14,GBP,1.71064524
2014-07-14,JPY,0.00985393
2014-07-14,TRY,0.47183269
2014-07-14,USD,1.0
2014-07-15,EUR,1.3613
2014-07-15,GBP,1.7164292
2014-07-15,JPY,0.00984452
2014-07-15,TRY,0.47139691
2014-07-15,USD,1.0
2014-07-16,EUR,1.3532
2014-07-16,GBP,1.71226117
2014-07-16,JPY,0.00982502
2014-07-16,TRY,0.47131761
2014-07-16,USD,1.0
2014-07-17,EUR,1.3525
2014-07-17,GBP,1.71007713
2014-07-17,JPY,0.00985284
2014-07-17,TRY,0.47027121
2014-07-17,USD,1.0
2014-07-18,EUR,1.3525
2014-07-18,GBP,1.70867286
2014-07-18,JPY,0.00986722
2014-07-18,TRY,0.47043478
2014-07-18,USD,1.0
2014-07-19,EUR,1.3525
2014-07-19,GBP,1.70867286
2014-07-19,JPY,0.00986722
2014-07-19,TRY,0.47043478
2014-07-19,USD,1.0
2014-07-20,EUR,1.3525
2014-07-20,GBP,1.70867286
2014-07-20,JPY,0.00986722
2014-07-20,TRY,0.47043478
2014-07-20,USD,1.0
2014-07-21,EUR,1.3518
2014-07-21,GBP,1.7078964
2014-07-21,JPY,0.00986931
2014-07-21,TRY,0.47163492
2014-07-21,USD,1.0
2014-07-22,EUR,1.3481
2014-07-22,GBP,1.70537634
2014-07-22,JPY,0.00984518
2014-07-22,TRY,0.47179254
2014-07-22,USD,1.0
2014-07-23,EUR,1.3465
2014-07-23,GBP,1.70270612
2014-07-23,JPY,0.00986375
2014-07-23,TRY,0.47741455
2014-07-23,USD,1.0
2014-07-24,EUR,1.3472
2014-07-24,GBP,1.700688
2014-07-24,JPY,0.00983573
2014-07-24,TRY,0.47783216
2014-07-24,USD,1.0
2014-07-25,EUR,1.344
2014-07-25,GBP,1.6987929
2014-07-25,JPY,0.00981237
2014-07-25,TRY,0.47752709
2014-07-25,USD,1.0
2014-07-26,EUR,1.344
2014-07-26,GBP,1.6987929
2014-07-26,JPY,0.00981237
2014-07-26,TRY,0.47752709
2014-07-26,USD,1.0
2014-07-27,EUR,1.344
2014-07-27,GBP,1.6987929
2014-07-27,JPY,0.00981237
2014-07-27,TRY,0.47752709
2014-07-27,USD,1.0
2014-07-28,EUR,1.3433
2014-07-28,GBP,1.69919676
2014-07-28,JPY,0.00982375
2014-07-28,TRY,0.47627996
2014-07-28,USD,1.0
2014-07-29,EUR,1.3429
2014-07-29,GBP,1.69472489
2014-07-29,JPY,0.00979933
2014-07-29,TRY,0.47521144
2014-07-29,USD,1.0
2014-07-30,EUR,1.3401
2014-07-30,GBP,1.69268662
2014-07-30,JPY,0.00977818
2014-07-30,TRY,0.47014454
2014-07-30,USD,1.0
2014-07-31,EUR,1.3379
2014-07-31,GBP,1.68756307
2014-07-31,JPY,0.00971887
2014-07-31,TRY,0.46860005
2014-07-31,USD,1.0
2014-08-01,EUR,1.3395
2014-08-01,GBP,1.68257757
2014-08-01,JPY,0.00971215
2014-08-01,TRY,0.46518493
2014-08-01,USD,1.0
2014-08-02,EUR,1.3395
2014-08-02,GBP,1.68257757
2014-08-02,JPY,0.00971215
2014-08-02,TRY,0.46518493
2014-08-02,USD,1.0
2014-08-03,EUR,1.3395
2014-08-03,GBP,1.68257757
2014-08-03,JPY,0.00971215
2014-08-03,TRY,0.46518493
2014-08-03,USD,1.0
2014-08-04,EUR,1.3422
2014-08-04,GBP,1.68364275
2014-08-04,JPY,0.00974586
2014-08-04,TRY,0.4683509
2014-08-04,USD,1.0
2014-08-05,EUR,1.3382
2014-08-05,GBP,1.68560272
2014-08-05,JPY,0.0097352
2014-08-05,TRY,0.46924749
2014-08-05,USD,1.0
2014-08-06,EUR,1.3345
2014-08-06,GBP,1.68316832
2014-08-06,JPY,0.00977083
2014-08-06,TRY,0.46218051
2014-08-06,USD,1.0
2014-08-07,EUR,1.3368
2014-08-07,GBP,1.6836272
2014-08-07,JPY,0.00977479
2014-08-07,TRY,0.46256055
2014-08-07,USD,1.0
2014-08-08,EUR,1.3388
2014-08-08,GBP,1.68043178
2014-08-08,JPY,0.00981165
2014-08-08,TRY,0.46293223
2014-08-08,USD,1.0
2014-08-09,EUR,1.3388
2014-08-09,GBP,1.68043178
2014-08-09,JPY,0.00981165
2014-08-09,TRY,0.46293223
2014-08-09,USD,1.0
2014-08-10,EUR,1.3388
2014-08-10,GBP,1.68043178
2014-08-10,JPY,0.00981165
2014-08-10,TRY,0.46293223
2014-08-10,USD,1.0
2014-08-11,EUR,1.3386
2014-08-11,GBP,1.67828485
2014-08-11,JPY,0.00979081
2014-08-11,TRY,0.46506618
2014-08-11,USD,1.0
2014-08-12,EUR,1.3346
2014-08-12,GBP,1.67768699
2014-08-12,JPY,0.00977801
2014-08-12,TRY,0.46191119
2014-08-12,USD,1.0
2014-08-13,EUR,1.336
2014-08-13,GBP,1.67062648
2014-08-13,JPY,0.00975966
2014-08-13,TRY,0.46340617
2014-08-13,USD,1.0
2014-08-14,EUR,1.3373
2014-08-14,GBP,1.66828842
2014-08-14,JPY,0.00976203
2014-08-14,TRY,0.46376058
2014-08-14,USD,1.0
2014-08-15,EUR,1.3388
2014-08-15,GBP,1.66901452
2014-08-15,JPY,0.00974878
2014-08-15,TRY,0.46296424
2014-08-15,USD,1.0
2014-08-16,EUR,1.3388
2014-08-16,GBP,1.66901452
2014-08-16,JPY,0.00974878
2014-08-16,TRY,0.46296424
2014-08-16,USD,1.0
2014-08-17,EUR,1.3388
2014-08-17,GBP,1.66901452
2014-08-17,JPY,0.00974878
2014-08-17,TRY,0.46296424
2014-08-17,USD,1.0
2014-08-18,EUR,1.3383
2014-08-18,GBP,1.67245689
2014-08-18,JPY,0.00975295
2014-08-18,TRY,0.46126008
2014-08-18,USD,1.0
2014-08-19,EUR,1.3354
2014-08-19,GBP,1.66373887
2014-08-19,JPY,0.00973891
2014-08-19,TRY,0.46161291
2014-08-19,USD,1.0
2014-08-20,EUR,1.3284
2014-08-20,GBP,1.66445308
2014-08-20,JPY,0.0096801
2014-08-20,TRY,0.46019539
2014-08-20,USD,1.0
2014-08-21,EUR,1.3262
2014-08-21,GBP,1.6593056
2014-08-21,JPY,0.00963038
2014-08-21,TRY,0.458734
2014-08-21,USD,1.0
2014-08-22,EUR,1.3267
2014-08-22,GBP,1.65775334
2014-08-22,JPY,0.00963471
2014-08-22,TRY,0.45801975
2014-08-22,USD,1.0
2014-08-23,EUR,1.3267
2014-08-23,GBP,1.65775334
2014-08-23,JPY,0.00963471
2014-08-23,TRY,0.45801975
2014-08-23,USD,1.0
2014-08-24,EUR,1.3267
2014-08-24,GBP,1.65775334
2014-08-24,JPY,0.00963471
2014-08-24,TRY,0.45801975
2014-08-24,USD,1.0
2014-08-25,EUR,1.32
2014-08-25,GBP,1.65897923
2014-08-25,JPY,0.0096259
2014-08-25,TRY,0.45900271
2014-08-25,USD,1.0
2014-08-26,EUR,1.3192
2014-08-26,GBP,1.65718234
2014-08-26,JPY,0.00961867
2014-08-26,TRY,0.46101695
2014-08-26,USD,1.0
2014-08-27,EUR,1.3177
2014-08-27,GBP,1.65957179
2014-08-27,JPY,0.00962668
2014-08-27,TRY,0.4635708
2014-08-27,USD,1.0
2014-08-28,EUR,1.3178
2014-08-28,GBP,1.65865324
2014-08-28,JPY,0.0096415
2014-08-28,TRY,0.46159235
2014-08-28,USD,1.0
2014-08-29,EUR,1.3188
2014-08-29,GBP,1.65824217
2014-08-29,JPY,0.00961855
2014-08-29,TRY,0.46263944
2014-08-29,USD,1.0
2014-08-30,EUR,1.3188
2014-08-30,GBP,1.65824217
2014-08-30,JPY,0.00961855
2014-08-30,TRY,0.46263944
2014-08-30,USD,1.0
2014-08-31,EUR,1.3188
2014-08-31,GBP,1.65824217
2014-08-31,JPY,0.00961855
2014-08-31,TRY,0.46263944
2014-08-31,USD,1.0
2014-09-01,EUR,1.3133
2014-09-01,GBP,1.66187915
2014-09-01,JPY,0.00958823
2014-09-01,TRY,0.46296753
2014-09-01,USD,1.0
2014-09-02,EUR,1.3115
2014-09-02,GBP,1.65322072
2014-09-02,JPY,0.00952917
2014-09-02,TRY,0.4599979
2014-09-02,USD,1.0
2014-09-03,EUR,1.3151
2014-09-03,GBP,1.64685993
2014-09-03,JPY,0.00952212
2014-09-03,TRY,0.46262356
2014-09-03,USD,1.0
2014-09-04,EUR,1.3015
2014-09-04,GBP,1.64082199
2014-09-04,JPY,0.00950763
2014-09-04,TRY,0.4640425
2014-09-04,USD,1.0
2014-09-05,EUR,1.2948
2014-09-05,GBP,1.62960166
2014-09-05,JPY,0.00950172
2014-09-05,TRY,0.46124252
2014-09-05,USD,1.0
2014-09-06,EUR,1.2948
2014-09-06,GBP,1.62960166
2014-09-06,JPY,0.00950172
2014-09-06,TRY,0.46124252
2014-09-06,USD,1.0
2014-09-07,EUR,1.2948
2014-09-07,GBP,1.62960166
2014-09-07,JPY,0.00950172
2014-09-07,TRY,0.46124252
2014-09-07,USD,1.0
2014-09-08,EUR,1.2947
2014-09-08,GBP,1.61363495
2014-09-08,JPY,0.00949751
2014-09-08,TRY,0.46186501
2014-09-08,USD,1.0
2014-09-09,EUR,1.2902
2014-09-09,GBP,1.61174266
2014-09-09,JPY,0.0094244
2014-09-09,TRY,0.45476014
2014-09-09,USD,1.0
2014-09-10,EUR,1.2929
2014-09-10,GBP,1.61360374
2014-09-10,JPY,0.00937563
2014-09-10,TRY,0.45356955
2014-09-10,USD,1.0
2014-09-11,EUR,1.2928
2014-09-11,GBP,1.62452878
2014-09-11,JPY,0.00934239
2014-09-11,TRY,0.45457103
2014-09-11,USD,1.0
2014-09-12,EUR,1.2931
2014-09-12,GBP,1.62327391
2014-09-12,JPY,0.00932166
2014-09-12,TRY,0.45360789
2014-09-12,USD,1.0
2014-09-13,EUR,1.2931
2014-09-13,GBP,1.62327391
2014-09-13,JPY,0.00932166
2014-09-13,TRY,0.45360789
2014-09-13,USD,1.0
2014-09-14,EUR,1.2931
2014-09-14,GBP,1.62327391
2014-09-14,JPY,0.00932166
2014-09-14,TRY,0.45360789
2014-09-14,USD,1.0
2014-09-15,EUR,1.2911
2014-09-15,GBP,1.6241273
2014-09-15,JPY,0.00932337
2014-09-15,TRY,0.45168626
2014-09-15,USD,1.0
2014-09-16,EUR,1.2949
2014-09-16,GBP,1.62024525
2014-09-16,JPY,0.009338
2014-09-16,TRY,0.45220884
2014-09-16,USD,1.0
2014-09-17,EUR,1.2956
2014-09-17,GBP,1.63256048
2014-09-17,JPY,0.00931751
2014-09-17,TRY,0.45269043
2014-09-17,USD,1.0
2014-09-18,EUR,1.2872
2014-09-18,GBP,1.63288088
2014-09-18,JPY,0.00918707
2014-09-18,TRY,0.44779962
2014-09-18,USD,1.0
2014-09-19,EUR,1.2852
2014-09-19,GBP,1.63407502
2014-09-19,JPY,0.0091905
2014-09-19,TRY,0.44921356
2014-09-19,USD,1.0
2014-09-20,EUR,1.2852
2014-09-20,GBP,1.63407502
2014-09-20,JPY,0.0091905
2014-09-20,TRY,0.44921356
2014-09-20,USD,1.0
2014-09-21,EUR,1.2852
2014-09-21,GBP,1.63407502
2014-09-21,JPY,0.0091905
2014-09-21,TRY,0.44921356
2014-09-21,USD,1.0
2014-09-22,EUR,1.2845
2014-09-22,GBP,1.63297737
2014-09-22,JPY,0.00916911
2014-09-22,TRY,0.44640995
2014-09-22,USD,1.0
2014-09-23,EUR,1.2892
2014-09-23,GBP,1.64020356
2014-09-23,JPY,0.00921713
2014-09-23,TRY,0.44777882
2014-09-23,USD,1.0
2014-09-24,EUR,1.2826
2014-09-24,GBP,1.63952448
2014-09-24,JPY,0.00919427
2014-09-24,TRY,0.44733538
2014-09-24,USD,1.0
2014-09-25,EUR,1.2712
2014-09-25,GBP,1.62890825
2014-09-25,JPY,0.00915323
2014-09-25,TRY,0.44317389
2014-09-25,USD,1.0
2014-09-26,EUR,1.2732
2014-09-26,GBP,1.63084411
2014-09-26,JPY,0.00916433
2014-09-26,TRY,0.44306793
2014-09-26,USD,1.0
2014-09-27,EUR,1.2732
2014-09-27,GBP,1.63084411
2014-09-27,JPY,0.00916433
2014-09-27,TRY,0.44306793
2014-09-27,USD,1.0
2014-09-28,EUR,1.2732
2014-09-28,GBP,1.63084411
2014-09-28,JPY,0.00916433
2014-09-28,TRY,0.44306793
2014-09-28,USD,1.0
2014-09-29,EUR,1.2701
2014-09-29,GBP,1.62271624
2014-09-29,JPY,0.00913938
2014-09-29,TRY,0.43725686
2014-09-29,USD,1.0
2014-09-30,EUR,1.2583
2014-09-30,GBP,1.6188087
2014-09-30,JPY,0.00911085
2014-09-30,TRY,0.43722853
2014-09-30,USD,1.0
2014-10-01,EUR,1.2603
2014-10-01,GBP,1.61950655
2014-10-01,JPY,0.00909767
2014-10-01,TRY,0.43696692
2014-10-01,USD,1.0
2014-10-02,EUR,1.2631
2014-10-02,GBP,1.61439162
2014-10-02,JPY,0.00918819
2014-10-02,TRY,0.43935441
2014-10-02,USD,1.0
2014-10-03,EUR,1.2616
2014-10-03,GBP,1.60662209
2014-10-03,JPY,0.00917794
2014-10-03,TRY,0.43874109
2014-10-03,USD,1.0
2014-10-04,EUR,1.2616
2014-10-04,GBP,1.60662209
2014-10-04,JPY,0.00917794
2014-10-04,TRY,0.43874109
2014-10-04,USD,1.0
2014-10-05,EUR,1.2616
2014-10-05,GBP,1.60662209
2014-10-05,JPY,0.00917794
2014-10-05,TRY,0.43874109
2014-10-05,USD,1.0
2014-10-06,EUR,1.2565
2014-10-06,GBP,1.59910913
2014-10-06,JPY,0.00915483
2014-10-06,TRY,0.43952008
2014-10-06,USD,1.0
2014-10-07,EUR,1.2607
2014-10-07,GBP,1.60803571
2014-10-07,JPY,0.00920891
2014-10-07,TRY,0.43992742
2014-10-07,USD,1.0
2014-10-08,EUR,1.2645
2014-10-08,GBP,1.60673443
2014-10-08,JPY,0.00923195
2014-10-08,TRY,0.4361548
2014-10-08,USD,1.0
2014-10-09,EUR,1.2763
2014-10-09,GBP,1.62069841
2014-10-09,JPY,0.00929097
2014-10-09,TRY,0.44260646
2014-10-09,USD,1.0
2014-10-10,EUR,1.2638
2014-10-10,GBP,1.60340015
2014-10-10,JPY,0.00927423
2014-10-10,TRY,0.4382716
2014-10-10,USD,1.0
2014-10-11,EUR,1.2638
2014-10-11,GBP,1.60340015
2014-10-11,JPY,0.00927423
2014-10-11,TRY,0.4382716
2014-10-11,USD,1.0
2014-10-12,EUR,1.2638
2014-10-12,GBP,1.60340015
2014-10-12,JPY,0.00927423
2014-10-12,TRY,0.4382716
2014-10-12,USD,1.0
2014-10-13,EUR,1.2679
2014-10-13,GBP,1.60901015
2014-10-13,JPY,0.00932622
2014-10-13,TRY,0.43990702
2014-10-13,USD,1.0
2014-10-14,EUR,1.2646
2014-10-14,GBP,1.59169289
2014-10-14,JPY,0.00934733
2014-10-14,TRY,0.43896005
2014-10-14,USD,1.0
2014-10-15,EUR,1.2666
2014-10-15,GBP,1.59180596
2014-10-15,JPY,0.0093476
2014-10-15,TRY,0.44021966
2014-10-15,USD,1.0
2014-10-16,EUR,1.2749
2014-10-16,GBP,1.59962359
2014-10-16,JPY,0.0094472
2014-10-16,TRY,0.43936313
2014-10-16,USD,1.0
2014-10-17,EUR,1.2823
2014-10-17,GBP,1.61194217
2014-10-17,JPY,0.00939758
2014-10-17,TRY,0.44498039
2014-10-17,USD,1.0
2014-10-18,EUR,1.2823
2014-10-18,GBP,1.61194217
2014-10-18,JPY,0.00939758
2014-10-18,TRY,0.44498039
2014-10-18,USD,1.0
2014-10-19,EUR,1.2823
2014-10-19,GBP,1.61194217
2014-10-19,JPY,0.00939758
2014-10-19,TRY,0.44498039
2014-10-19,USD,1.0
2014-10-20,EUR,1.2773
2014-10-20,GBP,1.61397523
2014-10-20,JPY,0.00934929
2014-10-20,TRY,0.44458754
2014-10-20,USD,1.0
2014-10-21,EUR,1.2762
2014-10-21,GBP,1.61544304
2014-10-21,JPY,0.00937004
2014-10-21,TRY,0.44647355
2014-10-21,USD,1.0
2014-10-22,EUR,1.2693
2014-10-22,GBP,1.60488052
2014-10-22,JPY,0.00934752
2014-10-22,TRY,0.44554038
2014-10-22,USD,1.0
2014-10-23,EUR,1.2669
2014-10-23,GBP,1.60285931
2014-10-23,JPY,0.00928676
2014-10-23,TRY,0.4470991
2014-10-23,USD,1.0
2014-10-24,EUR,1.2659
2014-10-24,GBP,1.60504628
2014-10-24,JPY,0.00926449
2014-10-24,TRY,0.44680926
2014-10-24,USD,1.0
2014-10-25,EUR,1.2659
2014-10-25,GBP,1.60504628
2014-10-25,JPY,0.00926449
2014-10-25,TRY,0.44680926
2014-10-25,USD,1.0
2014-10-26,EUR,1.2659
2014-10-26,GBP,1.60504628
2014-10-26,JPY,0.00926449
2014-10-26,TRY,0.44680926
2014-10-26,USD,1.0
2014-10-27,EUR,1.2679
2014-10-27,GBP,1.61084996
2014-10-27,JPY,0.00927099
2014-10-27,TRY,0.44691576
2014-10-27,USD,1.0
2014-10-28,EUR,1.2748
2014-10-28,GBP,1.61756122
2014-10-28,JPY,0.00927465
2014-10-28,TRY,0.451081
2014-10-28,USD,1.0
2014-10-29,EUR,1.2737
2014-10-29,GBP,1.61034199
2014-10-29,JPY,0.00924646
2014-10-29,TRY,0.45442221
2014-10-29,USD,1.0
2014-10-30,EUR,1.2598
2014-10-30,GBP,1.60035569
2014-10-30,JPY,0.00917753
2014-10-30,TRY,0.45173551
2014-10-30,USD,1.0
2014-10-31,EUR,1.2524
2014-10-31,GBP,1.59693975
2014-10-31,JPY,0.00893423
2014-10-31,TRY,0.45100652
2014-10-31,USD,1.0
2014-11-01,EUR,1.2524
2014-11-01,GBP,1.59693975
2014-11-01,JPY,0.00893423
2014-11-01,TRY,0.45100652
2014-11-01,USD,1.0
2014-11-02,EUR,1.2524
2014-11-02,GBP,1.59693975
2014-11-02,JPY,0.00893423
2014-11-02,TRY,0.45100652
2014-11-02,USD,1.0
2014-11-03,EUR,1.2493
2014-11-03,GBP,1.59992316
2014-11-03,JPY,0.00878613
2014-11-03,TRY,0.44875894
2014-11-03,USD,1.0
2014-11-04,EUR,1.2514
2014-11-04,GBP,1.60046042
2014-11-04,JPY,0.00881516
2014-11-04,TRY,0.44907773
2014-11-04,USD,1.0
2014-11-05,EUR,1.248
2014-11-05,GBP,1.59122785
2014-11-05,JPY,0.00871448
2014-11-05,TRY,0.44700741
2014-11-05,USD,1.0
2014-11-06,EUR,1.2517
2014-11-06,GBP,1.59218979
2014-11-06,JPY,0.00873299
2014-11-06,TRY,0.44671663
2014-11-06,USD,1.0
2014-11-07,EUR,1.2393
2014-11-07,GBP,1.58195047
2014-11-07,JPY,0.00867311
2014-11-07,TRY,0.43963958
2014-11-07,USD,1.0
2014-11-08,EUR,1.2393
2014-11-08,GBP,1.58195047
2014-11-08,JPY,0.00867311
2014-11-08,TRY,0.43963958
2014-11-08,USD,1.0
2014-11-09,EUR,1.2393
2014-11-09,GBP,1.58195047
2014-11-09,JPY,0.00867311
2014-11-09,TRY,0.43963958
2014-11-09,USD,1.0
2014-11-10,EUR,1.2486
2014-11-10,GBP,1.59016811
2014-11-10,JPY,0.00875842
2014-11-10,TRY,0.44446818
2014-11-10,USD,1.0
2014-11-11,EUR,1.2424
2014-11-11,GBP,1.58550281
2014-11-11,JPY,0.00863497
2014-11-11,TRY,0.44155383
2014-11-11,USD,1.0
2014-11-12,EUR,1.2467
2014-11-12,GBP,1.5821066
2014-11-12,JPY,0.00867994
2014-11-12,TRY,0.44240596
2014-11-12,USD,1.0
2014-11-13,EUR,1.2456
2014-11-13,GBP,1.57431749
2014-11-13,JPY,0.00865782
2014-11-13,TRY,0.44400086
2014-11-13,USD,1.0
2014-11-14,EUR,1.2436
2014-11-14,GBP,1.56545821
2014-11-14,JPY,0.0085801
2014-11-14,TRY,0.4456549
2014-11-14,USD,1.0
2014-11-15,EUR,1.2436
2014-11-15,GBP,1.56545821
2014-11-15,JPY,0.0085801
2014-11-15,TRY,0.4456549
2014-11-15,USD,1.0
2014-11-16,EUR,1.2436
2014-11-16,GBP,1.56545821
2014-11-16,JPY,0.0085801
2014-11-16,TRY,0.4456549
2014-11-16,USD,1.0
2014-11-17,EUR,1.2496
2014-11-17,GBP,1.56415071
2014-11-17,JPY,0.00860014
2014-11-17,TRY,0.44862497
2014-11-17,USD,1.0
2014-11-18,EUR,1.2514
2014-11-18,GBP,1.56542407
2014-11-18,JPY,0.00857652
2014-11-18,TRY,0.44983644
2014-11-18,USD,1.0
2014-11-19,EUR,1.2535
2014-11-19,GBP,1.56756081
2014-11-19,JPY,0.00850119
2014-11-19,TRY,0.44766258
2014-11-19,USD,1.0
2014-11-20,EUR,1.2539
2014-11-20,GBP,1.56953311
2014-11-20,JPY,0.00845801
2014-11-20,TRY,0.44855835
2014-11-20,USD,1.0
2014-11-21,EUR,1.2422
2014-11-21,GBP,1.56823633
2014-11-21,JPY,0.0084815
2014-11-21,TRY,0.45015401
2014-11-21,USD,1.0
2014-11-22,EUR,1.2422
2014-11-22,GBP,1.56823633
2014-11-22,JPY,0.0084815
2014-11-22,TRY,0.45015401
2014-11-22,USD,1.0
2014-11-23,EUR,1.2422
2014-11-23,GBP,1.56823633
2014-11-23,JPY,0.0084815
2014-11-23,TRY,0.45015401
2014-11-23,USD,1.0
2014-11-24,EUR,1.241
2014-11-24,GBP,1.56771097
2014-11-24,JPY,0.00845253
2014-11-24,TRY,0.44884083
2014-11-24,USD,1.0
2014-11-25,EUR,1.2424
2014-11-25,GBP,1.56690629
2014-11-25,JPY,0.00847129
2014-11-25,TRY,0.44892502
2014-11-25,USD,1.0
2014-11-26,EUR,1.2475
2014-11-26,GBP,1.57721727
2014-11-26,JPY,0.00849159
2014-11-26,TRY,0.45057247
2014-11-26,USD,1.0
2014-11-27,EUR,1.248
2014-11-27,GBP,1.57575758
2014-11-27,JPY,0.0085089
2014-11-27,TRY,0.45112782
2014-11-27,USD,1.0
2014-11-28,EUR,1.2483
2014-11-28,GBP,1.56959638
2014-11-28,JPY,0.00845216
2014-11-28,TRY,0.45238095
2014-11-28,USD,1.0
2014-11-29,EUR,1.2483
2014-11-29,GBP,1.56959638
2014-11-29,JPY,0.00845216
2014-11-29,TRY,0.45238095
2014-11-29,USD,1.0
2014-11-30,EUR,1.2483
2014-11-30,GBP,1.56959638
2014-11-30,JPY,0.00845216
2014-11-30,TRY,0.45238095
2014-11-30,USD,1.0
2014-12-01,EUR,1.2469
2014-12-01,GBP,1.57297843
2014-12-01,JPY,0.00844669
2014-12-01,TRY,0.4505836
2014-12-01,USD,1.0
2014-12-02,EUR,1.2424
2014-12-02,GBP,1.56552419
2014-12-02,JPY,0.00839006
2014-12-02,TRY,0.44924968
2014-12-02,USD,1.0
2014-12-03,EUR,1.2331
2014-12-03,GBP,1.56843042
2014-12-03,JPY,0.00837704
2014-12-03,TRY,0.44722907
2014-12-03,USD,1.0
2014-12-04,EUR,1.2311
2014-12-04,GBP,1.56608574
2014-12-04,JPY,0.00833853
2014-12-04,TRY,0.44676296
2014-12-04,USD,1.0
2014-12-05,EUR,1.2362
2014-12-05,GBP,1.56858267
2014-12-05,JPY,0.00829497
2014-12-05,TRY,0.44692697
2014-12-05,USD,1.0
2014-12-06,EUR,1.2362
2014-12-06,GBP,1.56858267
2014-12-06,JPY,0.00829497
2014-12-06,TRY,0.44692697
2014-12-06,USD,1.0
2014-12-07,EUR,1.2362
2014-12-07,GBP,1.56858267
2014-12-07,JPY,0.00829497
2014-12-07,TRY,0.44692697
2014-12-07,USD,1.0
2014-12-08,EUR,1.2258
2014-12-08,GBP,1.5625239
2014-12-08,JPY,0.00825733
2014-12-08,TRY,0.43863165
2014-12-08,USD,1.0
2014-12-09,EUR,1.2369
2014-12-09,GBP,1.56539897
2014-12-09,JPY,0.0083563
2014-12-09,TRY,0.44269864
2014-12-09,USD,1.0
2014-12-10,EUR,1.2392
2014-12-10,GBP,1.56910415
2014-12-10,JPY,0.00841105
2014-12-10,TRY,0.44257143
2014-12-10,USD,1.0
2014-12-11,EUR,1.2428
2014-12-11,GBP,1.56780623
2014-12-11,JPY,0.00844293
2014-12-11,TRY,0.44144496
2014-12-11,USD,1.0
2014-12-12,EUR,1.245
2014-12-12,GBP,1.57097792
2014-12-12,JPY,0.00844583
2014-12-12,TRY,0.43648985
2014-12-12,USD,1.0
2014-12-13,EUR,1.245
2014-12-13,GBP,1.57097792
2014-12-13,JPY,0.00844583
2014-12-13,TRY,0.43648985
2014-12-13,USD,1.0
2014-12-14,EUR,1.245
2014-12-14,GBP,1.57097792
2014-12-14,JPY,0.00844583
2014-12-14,TRY,0.43648985
2014-12-14,USD,1.0
2014-12-15,EUR,1.2426
2014-12-15,GBP,1.56577621
2014-12-15,JPY,0.00841471
2014-12-15,TRY,0.4281137
2014-12-15,USD,1.0
2014-12-16,EUR,1.2537
2014-12-16,GBP,1.5740113
2014-12-16,JPY,0.00859936
2014-12-16,TRY,0.42074706
2014-12-16,USD,1.0
2014-12-17,EUR,1.2448
2014-12-17,GBP,1.56933938
2014-12-17,JPY,0.00853246
2014-12-17,TRY,0.42441186
2014-12-17,USD,1.0
2014-12-18,EUR,1.2285
2014-12-18,GBP,1.56198347
2014-12-18,JPY,0.00841669
2014-12-18,TRY,0.4305541
2014-12-18,USD,1.0
2014-12-19,EUR,1.2279
2014-12-19,GBP,1.56480184
2014-12-19,JPY,0.00838672
2014-12-19,TRY,0.43005744
2014-12-19,USD,1.0
2014-12-20,EUR,1.2279
2014-12-20,GBP,1.56480184
2014-12-20,JPY,0.00838672
2014-12-20,TRY,0.43005744
2014-12-20,USD,1.0
2014-12-21,EUR,1.2279
2014-12-21,GBP,1.56480184
2014-12-21,JPY,0.00838672
2014-12-21,TRY,0.43005744
2014-12-21,USD,1.0
2014-12-22,EUR,1.2259
2014-12-22,GBP,1.56185501
2014-12-22,JPY,0.00833605
2014-12-22,TRY,0.43130563
2014-12-22,USD,1.0
2014-12-23,EUR,1.2213
2014-12-23,GBP,1.55243422
2014-12-23,JPY,0.00831948
2014-12-23,TRY,0.42992924
2014-12-23,USD,1.0
2014-12-24,EUR,1.2219
2014-12-24,GBP,1.55359186
2014-12-24,JPY,0.00830829
2014-12-24,TRY,0.43009504
2014-12-24,USD,1.0
2014-12-25,EUR,1.2219
2014-12-25,GBP,1.55359186
2014-12-25,JPY,0.00830829
2014-12-25,TRY,0.43009504
2014-12-25,USD,1.0
2014-12-26,EUR,1.2219
2014-12-26,GBP,1.55359186
2014-12-26,JPY,0.00830829
2014-12-26,TRY,0.43009504
2014-12-26,USD,1.0
2014-12-27,EUR,1.2219
2014-12-27,GBP,1.55359186
2014-12-27,JPY,0.00830829
2014-12-27,TRY,0.43009504
2014-12-27,USD,1.0
2014-12-28,EUR,1.2219
2014-12-28,GBP,1.55359186
2014-12-28,JPY,0.00830829
2014-12-28,TRY,0.43009504
2014-12-28,USD,1.0
2014-12-29,EUR,1.2197
2014-12-29,GBP,1.55534302
2014-12-29,JPY,0.00829954
2014-12-29,TRY,0.43079151
2014-12-29,USD,1.0
2014-12-30,EUR,1.216
2014-12-30,GBP,1.5543909
2014-12-30,JPY,0.00836256
2014-12-30,TRY,0.42536817
2014-12-30,USD,1.0
2014-12-31,EUR,1.2141
2014-12-31,GBP,1.55873668
2014-12-31,JPY,0.00835984
2014-12-31,TRY,0.42870763
2014-12-31,USD,1.0
2015-01-01,EUR,1.2141
2015-01-01,GBP,1.55873668
2015-01-01,JPY,0.00835984
2015-01-01,TRY,0.42870763
2015-01-01,USD,1.0
2015-01-02,EUR,1.2043
2015-01-02,GBP,1.54397436
2015-01-02,JPY,0.00829351
2015-01-02,TRY,0.42506706
2015-01-02,USD,1.0
2015-01-03,EUR,1.2043
2015-01-03,GBP,1.54397436
2015-01-03,JPY,0.00829351
2015-01-03,TRY,0.42506706
2015-01-03,USD,1.0
2015-01-04,EUR,1.2043
2015-01-04,GBP,1.54397436
2015-01-04,JPY,0.00829351
2015-01-04,TRY,0.42506706
2015-01-04,USD,1.0
2015-01-05,EUR,1.1915
2015-01-05,GBP,1.52229462
2015-01-05,JPY,0.00833217
2015-01-05,TRY,0.42753597
2015-01-05,USD,1.0
2015-01-06,EUR,1.1914
2015-01-06,GBP,1.51925529
2015-01-06,JPY,0.0084085
2015-01-06,TRY,0.429612
2015-01-06,USD,1.0
2015-01-07,EUR,1.1831
2015-01-07,GBP,1.51233542
2015-01-07,JPY,0.00838068
2015-01-07,TRY,0.42948415
2015-01-07,USD,1.0
2015-01-08,EUR,1.1768
2015-01-08,GBP,1.50659327
2015-01-08,JPY,0.0083461
2015-01-08,TRY,0.43294949
2015-01-08,USD,1.0
2015-01-09,EUR,1.1813
2015-01-09,GBP,1.51468137
2015-01-09,JPY,0.00838932
2015-01-09,TRY,0.4350372
2015-01-09,USD,1.0
2015-01-10,EUR,1.1813
2015-01-10,GBP,1.51468137
2015-01-10,JPY,0.00838932
2015-01-10,TRY,0.4350372
2015-01-10,USD,1.0
2015-01-11,EUR,1.1813
2015-01-11,GBP,1.51468137
2015-01-11,JPY,0.00838932
2015-01-11,TRY,0.4350372
2015-01-11,USD,1.0
2015-01-12,EUR,1.1804
2015-01-12,GBP,1.5150815
2015-01-12,JPY,0.00839784
2015-01-12,TRY,0.43573274
2015-01-12,USD,1.0
2015-01-13,EUR,1.1782
2015-01-13,GBP,1.5169306
2015-01-13,JPY,0.00844225
2015-01-13,TRY,0.4384
2015-01-13,USD,1.0
2015-01-14,EUR,1.1775
2015-01-14,GBP,1.51876693
2015-01-14,JPY,0.00856488
2015-01-14,TRY,0.43680677
2015-01-14,USD,1.0
2015-01-15,EUR,1.1708
2015-01-15,GBP,1.52606882
2015-01-15,JPY,0.00857855
2015-01-15,TRY,0.43817365
2015-01-15,USD,1.0
2015-01-16,EUR,1.1588
2015-01-16,GBP,1.51734974
2015-01-16,JPY,0.00857989
2015-01-16,TRY,0.43097292
2015-01-16,USD,1.0
2015-01-17,EUR,1.1588
2015-01-17,GBP,1.51734974
2015-01-17,JPY,0.00857989
2015-01-17,TRY,0.43097292
2015-01-17,USD,1.0
2015-01-18,EUR,1.1588
2015-01-18,GBP,1.51734974
2015-01-18,JPY,0.00857989
2015-01-18,TRY,0.43097292
2015-01-18,USD,1.0
2015-01-19,EUR,1.1605
2015-01-19,GBP,1.51422234
2015-01-19,JPY,0.00851618
2015-01-19,TRY,0.42745589
2015-01-19,USD,1.0
2015-01-20,EUR,1.1579
2015-01-20,GBP,1.51617127
2015-01-20,JPY,0.00842906
2015-01-20,TRY,0.42869308
2015-01-20,USD,1.0
2015-01-21,EUR,1.1593
2015-01-21,GBP,1.51127624
2015-01-21,JPY,0.00851988
2015-01-21,TRY,0.42713975
2015-01-21,USD,1.0
2015-01-22,EUR,1.1618
2015-01-22,GBP,1.51988488
2015-01-22,JPY,0.0084989
2015-01-22,TRY,0.428266
2015-01-22,USD,1.0
2015-01-23,EUR,1.1198
2015-01-23,GBP,1.49846113
2015-01-23,JPY,0.00847563
2015-01-23,TRY,0.42513288
2015-01-23,USD,1.0
2015-01-24,EUR,1.1198
2015-01-24,GBP,1.49846113
2015-01-24,JPY,0.00847563
2015-01-24,TRY,0.42513288
2015-01-24,USD,1.0
2015-01-25,EUR,1.1198
2015-01-25,GBP,1.49846113
2015-01-25,JPY,0.00847563
2015-01-25,TRY,0.42513288
2015-01-25,USD,1.0
2015-01-26,EUR,1.1244
2015-01-26,GBP,1.50130182
2015-01-26,JPY,0.00845223
2015-01-26,TRY,0.423886
2015-01-26,USD,1.0
2015-01-27,EUR,1.1306
2015-01-27,GBP,1.51301439
2015-01-27,JPY,0.00849564
2015-01-27,TRY,0.42236999
2015-01-27,USD,1.0
2015-01-28,EUR,1.1344
2015-01-28,GBP,1.51942138
2015-01-28,JPY,0.00848467
2015-01-28,TRY,0.42078712
2015-01-28,USD,1.0
2015-01-29,EUR,1.1315
2015-01-29,GBP,1.51320629
2015-01-29,JPY,0.0084801
2015-01-29,TRY,0.41497048
2015-01-29,USD,1.0
2015-01-30,EUR,1.1305
2015-01-30,GBP,1.50512582
2015-01-30,JPY,0.00849489
2015-01-30,TRY,0.40991334
2015-01-30,USD,1.0
2015-01-31,EUR,1.1305
2015-01-31,GBP,1.50512582
2015-01-31,JPY,0.00849489
2015-01-31,TRY,0.40991334
2015-01-31,USD,1.0
2015-02-01,EUR,1.1305
2015-02-01,GBP,1.50512582
2015-02-01,JPY,0.00849489
2015-02-01,TRY,0.40991334
2015-02-01,USD,1.0
2015-02-02,EUR,1.131
2015-02-02,GBP,1.50279033
2015-02-02,JPY,0.00849992
2015-02-02,TRY,0.41343764
2015-02-02,USD,1.0
2015-02-03,EUR,1.1376
2015-02-03,GBP,1.50885337
2015-02-03,JPY,0.00852263
2015-02-03,TRY,0.41545541
2015-02-03,USD,1.0
2015-02-04,EUR,1.1446
2015-02-04,GBP,1.52288451
2015-02-04,JPY,0.00851067
2015-02-04,TRY,0.41178587
2015-02-04,USD,1.0
2015-02-05,EUR,1.141
2015-02-05,GBP,1.52499332
2015-02-05,JPY,0.0085162
2015-02-05,TRY,0.40898989
2015-02-05,USD,1.0
2015-02-06,EUR,1.1447
2015-02-06,GBP,1.53178108
2015-02-06,JPY,0.00852472
2015-02-06,TRY,0.41061052
2015-02-06,USD,1.0
2015-02-07,EUR,1.1447
2015-02-07,GBP,1.53178108
2015-02-07,JPY,0.00852472
2015-02-07,TRY,0.41061052
2015-02-07,USD,1.0
2015-02-08,EUR,1.1447
2015-02-08,GBP,1.53178108
2015-02-08,JPY,0.00852472
2015-02-08,TRY,0.41061052
2015-02-08,USD,1.0
2015-02-09,EUR,1.1275
2015-02-09,GBP,1.52056642
2015-02-09,JPY,0.0084318
2015-02-09,TRY,0.40153134
2015-02-09,USD,1.0
2015-02-10,EUR,1.1297
2015-02-10,GBP,1.52250674
2015-02-10,JPY,0.00838865
2015-02-10,TRY,0.40124312
2015-02-10,USD,1.0
2015-02-11,EUR,1.1314
2015-02-11,GBP,1.52974581
2015-02-11,JPY,0.00834982
2015-02-11,TRY,0.40046722
2015-02-11,USD,1.0
2015-02-12,EUR,1.1328
2015-02-12,GBP,1.53579176
2015-02-12,JPY,0.0083466
2015-02-12,TRY,0.40155973
2015-02-12,USD,1.0
2015-02-13,EUR,1.1381
2015-02-13,GBP,1.53776517
2015-02-13,JPY,0.00840174
2015-02-13,TRY,0.40494574
2015-02-13,USD,1.0
2015-02-14,EUR,1.1381
2015-02-14,GBP,1.53776517
2015-02-14,JPY,0.00840174
2015-02-14,TRY,0.40494574
2015-02-14,USD,1.0
2015-02-15,EUR,1.1381
2015-02-15,GBP,1.53776517
2015-02-15,JPY,0.00840174
2015-02-15,TRY,0.40494574
2015-02-15,USD,1.0
2015-02-16,EUR,1.1408
2015-02-16,GBP,1.53725913
2015-02-16,JPY,0.00843413
2015-02-16,TRY,0.40861062
2015-02-16,USD,1.0
2015-02-17,EUR,1.1415
2015-02-17,GBP,1.53551251
2015-02-17,JPY,0.00841752
2015-02-17,TRY,0.40862717
2015-02-17,USD,1.0
2015-02-18,EUR,1.1372
2015-02-18,GBP,1.5425936
2015-02-18,JPY,0.00838087
2015-02-18,TRY,0.40701503
2015-02-18,USD,1.0
2015-02-19,EUR,1.1387
2015-02-19,GBP,1.54316303
2015-02-19,JPY,0.00840245
2015-02-19,TRY,0.40828254
2015-02-19,USD,1.0
2015-02-20,EUR,1.1298
2015-02-20,GBP,1.53756124
2015-02-20,JPY,0.00843701
2015-02-20,TRY,0.40589186
2015-02-20,USD,1.0
2015-02-21,EUR,1.1298
2015-02-21,GBP,1.53756124
2015-02-21,JPY,0.00843701
2015-02-21,TRY,0.40589186
2015-02-21,USD,1.0
2015-02-22,EUR,1.1298
2015-02-22,GBP,1.53756124
2015-02-22,JPY,0.00843701
2015-02-22,TRY,0.40589186
2015-02-22,USD,1.0
2015-02-23,EUR,1.1298
2015-02-23,GBP,1.5367247
2015-02-23,JPY,0.0084
2015-02-23,TRY,0.40296751
2015-02-23,USD,1.0
2015-02-24,EUR,1.1328
2015-02-24,GBP,1.54248366
2015-02-24,JPY,0.00836879
2015-02-24,TRY,0.40339007
2015-02-24,USD,1.0
2015-02-25,EUR,1.1346
2015-02-25,GBP,1.54830786
2015-02-25,JPY,0.00840943
2015-02-25,TRY,0.40496841
2015-02-25,USD,1.0
2015-02-26,EUR,1.1317
2015-02-26,GBP,1.55006164
2015-02-26,JPY,0.00841162
2015-02-26,TRY,0.40295531
2015-02-26,USD,1.0
2015-02-27,EUR,1.124
2015-02-27,GBP,1.54438032
2015-02-27,JPY,0.00838493
2015-02-27,TRY,0.39717314
2015-02-27,USD,1.0
2015-02-28,EUR,1.124
2015-02-28,GBP,1.54438032
2015-02-28,JPY,0.00838493
2015-02-28,TRY,0.39717314
2015-02-28,USD,1.0
2015-03-01,EUR,1.124
2015-03-01,GBP,1.54438032
2015-03-01,JPY,0.00838493
2015-03-01,TRY,0.39717314
2015-03-01,USD,1.0
2015-03-02,EUR,1.1227
2015-03-02,GBP,1.53921031
2015-03-02,JPY,0.00834907
2015-03-02,TRY,0.39796533
2015-03-02,USD,1.0
2015-03-03,EUR,1.1168
2015-03-03,GBP,1.53490929
2015-03-03,JPY,0.00835053
2015-03-03,TRY,0.39468476
2015-03-03,USD,1.0
2015-03-04,EUR,1.1124
2015-03-04,GBP,1.53244249
2015-03-04,JPY,0.00835449
2015-03-04,TRY,0.39283822
2015-03-04,USD,1.0
2015-03-05,EUR,1.1069
2015-03-05,GBP,1.52654806
2015-03-05,JPY,0.0083163
2015-03-05,TRY,0.3861773
2015-03-05,USD,1.0
2015-03-06,EUR,1.0963
2015-03-06,GBP,1.51842105
2015-03-06,JPY,0.00833815
2015-03-06,TRY,0.38772767
2015-03-06,USD,1.0
2015-03-07,EUR,1.0963
2015-03-07,GBP,1.51842105
2015-03-07,JPY,0.00833815
2015-03-07,TRY,0.38772767
2015-03-07,USD,1.0
2015-03-08,EUR,1.0963
2015-03-08,GBP,1.51842105
2015-03-08,JPY,0.00833815
2015-03-08,TRY,0.38772767
2015-03-08,USD,1.0
2015-03-09,EUR,1.086
2015-03-09,GBP,1.51127192
2015-03-09,JPY,0.0082705
2015-03-09,TRY,0.3832851
2015-03-09,USD,1.0
2015-03-10,EUR,1.0738
2015-03-10,GBP,1.50645342
2015-03-10,JPY,0.00824161
2015-03-10,TRY,0.37843172
2015-03-10,USD,1.0
2015-03-11,EUR,1.0578
2015-03-11,GBP,1.50351787
2015-03-11,JPY,0.00824281
2015-03-11,TRY,0.38158797
2015-03-11,USD,1.0
2015-03-12,EUR,1.0613
2015-03-12,GBP,1.49668594
2015-03-12,JPY,0.00827266
2015-03-12,TRY,0.38568885
2015-03-12,USD,1.0
2015-03-13,EUR,1.0572
2015-03-13,GBP,1.47808459
2015-03-13,JPY,0.008233
2015-03-13,TRY,0.3790606
2015-03-13,USD,1.0
2015-03-14,EUR,1.0572
2015-03-14,GBP,1.47808459
2015-03-14,JPY,0.008233
2015-03-14,TRY,0.3790606
2015-03-14,USD,1.0
2015-03-15,EUR,1.0572
2015-03-15,GBP,1.47808459
2015-03-15,JPY,0.008233
2015-03-15,TRY,0.3790606
2015-03-15,USD,1.0
2015-03-16,EUR,1.0557
2015-03-16,GBP,1.48043753
2015-03-16,JPY,0.00825023
2015-03-16,TRY,0.38153235
2015-03-16,USD,1.0
2015-03-17,EUR,1.0635
2015-03-17,GBP,1.47718592
2015-03-17,JPY,0.00825058
2015-03-17,TRY,0.38277426
2015-03-17,USD,1.0
2015-03-18,EUR,1.0592
2015-03-18,GBP,1.46500692
2015-03-18,JPY,0.00825243
2015-03-18,TRY,0.38110316
2015-03-18,USD,1.0
2015-03-19,EUR,1.0677
2015-03-19,GBP,1.48642628
2015-03-19,JPY,0.00826905
2015-03-19,TRY,0.3843966
2015-03-19,USD,1.0
2015-03-20,EUR,1.0776
2015-03-20,GBP,1.48532047
2015-03-20,JPY,0.00827269
2015-03-20,TRY,0.3864859
2015-03-20,USD,1.0
2015-03-21,EUR,1.0776
2015-03-21,GBP,1.48532047
2015-03-21,JPY,0.00827269
2015-03-21,TRY,0.3864859
2015-03-21,USD,1.0
2015-03-22,EUR,1.0776
2015-03-22,GBP,1.48532047
2015-03-22,JPY,0.00827269
2015-03-22,TRY,0.3864859
2015-03-22,USD,1.0
2015-03-23,EUR,1.0912
2015-03-23,GBP,1.49111779
2015-03-23,JPY,0.00834251
2015-03-23,TRY,0.39077496
2015-03-23,USD,1.0
2015-03-24,EUR,1.095
2015-03-24,GBP,1.49101307
2015-03-24,JPY,0.0083658
2015-03-24,TRY,0.39047178
2015-03-24,USD,1.0
2015-03-25,EUR,1.0985
2015-03-25,GBP,1.49151392
2015-03-25,JPY,0.00837718
2015-03-25,TRY,0.39107836
2015-03-25,USD,1.0
2015-03-26,EUR,1.0973
2015-03-26,GBP,1.48867182
2015-03-26,JPY,0.00839749
2015-03-26,TRY,0.38603342
2015-03-26,USD,1.0
2015-03-27,EUR,1.0856
2015-03-27,GBP,1.48753083
2015-03-27,JPY,0.00839014
2015-03-27,TRY,0.38357713
2015-03-27,USD,1.0
2015-03-28,EUR,1.0856
2015-03-28,GBP,1.48753083
2015-03-28,JPY,0.00839014
2015-03-28,TRY,0.38357713
2015-03-28,USD,1.0
2015-03-29,EUR,1.0856
2015-03-29,GBP,1.48753083
2015-03-29,JPY,0.00839014
2015-03-29,TRY,0.38357713
2015-03-29,USD,1.0
2015-03-30,EUR,1.0845
2015-03-30,GBP,1.47993996
2015-03-30,JPY,0.00834102
2015-03-30,TRY,0.38369008
2015-03-30,USD,1.0
2015-03-31,EUR,1.0759
2015-03-31,GBP,1.47930703
2015-03-31,JPY,0.00834354
2015-03-31,TRY,0.38246063
2015-03-31,USD,1.0
2015-04-01,EUR,1.0755
2015-04-01,GBP,1.47632121
2015-04-01,JPY,0.00831851
2015-04-01,TRY,0.38323119
2015-04-01,USD,1.0
2015-04-02,EUR,1.083
2015-04-02,GBP,1.48031711
2015-04-02,JPY,0.00835713
2015-04-02,TRY,0.38479304
2015-04-02,USD,1.0
2015-04-03,EUR,1.083
2015-04-03,GBP,1.48031711
2015-04-03,JPY,0.00835713
2015-04-03,TRY,0.38479304
2015-04-03,USD,1.0
2015-04-04,EUR,1.083
2015-04-04,GBP,1.48031711
2015-04-04,JPY,0.00835713
2015-04-04,TRY,0.38479304
2015-04-04,USD,1.0
2015-04-05,EUR,1.083
2015-04-05,GBP,1.48031711
2015-04-05,JPY,0.00835713
2015-04-05,TRY,0.38479304
2015-04-05,USD,1.0
2015-04-06,EUR,1.083
2015-04-06,GBP,1.48031711
2015-04-06,JPY,0.00835713
2015-04-06,TRY,0.38479304
2015-04-06,USD,1.0
2015-04-07,EUR,1.0847
2015-04-07,GBP,1.48874554
2015-04-07,JPY,0.00832272
2015-04-07,TRY,0.38630293
2015-04-07,USD,1.0
2015-04-08,EUR,1.0862
2015-04-08,GBP,1.49531938
2015-04-08,JPY,0.0083496
2015-04-08,TRY,0.38599858
2015-04-08,USD,1.0
2015-04-09,EUR,1.0774
2015-04-09,GBP,1.48238855
2015-04-09,JPY,0.00833772
2015-04-09,TRY,0.38595737
2015-04-09,USD,1.0
2015-04-10,EUR,1.057
2015-04-10,GBP,1.4591386
2015-04-10,JPY,0.00830192
2015-04-10,TRY,0.3785681
2015-04-10,USD,1.0
2015-04-11,EUR,1.057
2015-04-11,GBP,1.4591386
2015-04-11,JPY,0.00830192
2015-04-11,TRY,0.3785681
2015-04-11,USD,1.0
2015-04-12,EUR,1.057
2015-04-12,GBP,1.4591386
2015-04-12,JPY,0.00830192
2015-04-12,TRY,0.3785681
2015-04-12,USD,1.0
2015-04-13,EUR,1.0552
2015-04-13,GBP,1.46250866
2015-04-13,JPY,0.0082956
2015-04-13,TRY,0.37705914
2015-04-13,USD,1.0
2015-04-14,EUR,1.0564
2015-04-14,GBP,1.46376611
2015-04-14,JPY,0.00833978
2015-04-14,TRY,0.37349738
2015-04-14,USD,1.0
2015-04-15,EUR,1.0579
2015-04-15,GBP,1.47586496
2015-04-15,JPY,0.00836152
2015-04-15,TRY,0.36846505
2015-04-15,USD,1.0
2015-04-16,EUR,1.0711
2015-04-16,GBP,1.48991515
2015-04-16,JPY,0.00839157
2015-04-16,TRY,0.37063566
2015-04-16,USD,1.0
2015-04-17,EUR,1.0814
2015-04-17,GBP,1.50215308
2015-04-17,JPY,0.00841884
2015-04-17,TRY,0.37242139
2015-04-17,USD,1.0
2015-04-18,EUR,1.0814
2015-04-18,GBP,1.50215308
2015-04-18,JPY,0.00841884
2015-04-18,TRY,0.37242139
2015-04-18,USD,1.0
2015-04-19,EUR,1.0814
2015-04-19,GBP,1.50215308
2015-04-19,JPY,0.00841884
2015-04-19,TRY,0.37242139
2015-04-19,USD,1.0
2015-04-20,EUR,1.0723
2015-04-20,GBP,1.49023695
2015-04-20,JPY,0.00839834
2015-04-20,TRY,0.36982238
2015-04-20,USD,1.0
2015-04-21,EUR,1.07
2015-04-21,GBP,1.48879922
2015-04-21,JPY,0.00837573
2015-04-21,TRY,0.3721092
2015-04-21,USD,1.0
2015-04-22,EUR,1.0743
2015-04-22,GBP,1.50694347
2015-04-22,JPY,0.00836357
2015-04-22,TRY,0.36860525
2015-04-22,USD,1.0
2015-04-23,EUR,1.0772
2015-04-23,GBP,1.50237099
2015-04-23,JPY,0.00832715
2015-04-23,TRY,0.36641948
2015-04-23,USD,1.0
2015-04-24,EUR,1.0824
2015-04-24,GBP,1.51194301
2015-04-24,JPY,0.00836735
2015-04-24,TRY,0.36610857
2015-04-24,USD,1.0
2015-04-25,EUR,1.0824
2015-04-25,GBP,1.51194301
2015-04-25,JPY,0.00836735
2015-04-25,TRY,0.36610857
2015-04-25,USD,1.0
2015-04-26,EUR,1.0824
2015-04-26,GBP,1.51194301
2015-04-26,JPY,0.00836735
2015-04-26,TRY,0.36610857
2015-04-26,USD,1.0
2015-04-27,EUR,1.0822
2015-04-27,GBP,1.51103044
2015-04-27,JPY,0.00837422
2015-04-27,TRY,0.36792004
2015-04-27,USD,1.0
2015-04-28,EUR,1.0927
2015-04-28,GBP,1.52825175
2015-04-28,JPY,0.00839957
2015-04-28,TRY,0.3747128
2015-04-28,USD,1.0
2015-04-29,EUR,1.1002
2015-04-29,GBP,1.5363776
2015-04-29,JPY,0.00838567
2015-04-29,TRY,0.37374732
2015-04-29,USD,1.0
2015-04-30,EUR,1.1215
2015-04-30,GBP,1.54327783
2015-04-30,JPY,0.00841588
2015-04-30,TRY,0.37615294
2015-04-30,USD,1.0
2015-05-01,EUR,1.1215
2015-05-01,GBP,1.54327783
2015-05-01,JPY,0.00841588
2015-05-01,TRY,0.37615294
2015-05-01,USD,1.0
2015-05-02,EUR,1.1215
2015-05-02,GBP,1.54327783
2015-05-02,JPY,0.00841588
2015-05-02,TRY,0.37615294
2015-05-02,USD,1.0
2015-05-03,EUR,1.1215
2015-05-03,GBP,1.54327783
2015-05-03,JPY,0.00841588
2015-05-03,TRY,0.37615294
2015-05-03,USD,1.0
2015-05-04,EUR,1.1152
2015-05-04,GBP,1.51135686
2015-05-04,JPY,0.00831804
2015-05-04,TRY,0.36832023
2015-05-04,USD,1.0
2015-05-05,EUR,1.1117
2015-05-05,GBP,1.51251701
2015-05-05,JPY,0.00830122
2015-05-05,TRY,0.36849083
2015-05-05,USD,1.0
2015-05-06,EUR,1.123
2015-05-06,GBP,1.52250542
2015-05-06,JPY,0.00834386
2015-05-06,TRY,0.36934715
2015-05-06,USD,1.0
2015-05-07,EUR,1.1305
2015-05-07,GBP,1.52255892
2015-05-07,JPY,0.00839148
2015-05-07,TRY,0.37270869
2015-05-07,USD,1.0
2015-05-08,EUR,1.1221
2015-05-08,GBP,1.54134615
2015-05-08,JPY,0.00831801
2015-05-08,TRY,0.37003693
2015-05-08,USD,1.0
2015-05-09,EUR,1.1221
2015-05-09,GBP,1.54134615
2015-05-09,JPY,0.00831801
2015-05-09,TRY,0.37003693
2015-05-09,USD,1.0
2015-05-10,EUR,1.1221
2015-05-10,GBP,1.54134615
2015-05-10,JPY,0.00831801
2015-05-10,TRY,0.37003693
2015-05-10,USD,1.0
2015-05-11,EUR,1.1142
2015-05-11,GBP,1.5483602
2015-05-11,JPY,0.00833732
2015-05-11,TRY,0.37088077
2015-05-11,USD,1.0
2015-05-12,EUR,1.1239
2015-05-12,GBP,1.5688163
2015-05-12,JPY,0.00833445
2015-05-12,TRY,0.37159861
2015-05-12,USD,1.0
2015-05-13,EUR,1.1221
2015-05-13,GBP,1.56412043
2015-05-13,JPY,0.00835455
2015-05-13,TRY,0.37725256
2015-05-13,USD,1.0
2015-05-14,EUR,1.1419
2015-05-14,GBP,1.57917301
2015-05-14,JPY,0.00838892
2015-05-14,TRY,0.38365139
2015-05-14,USD,1.0
2015-05-15,EUR,1.1328
2015-05-15,GBP,1.5709333
2015-05-15,JPY,0.00834291
2015-05-15,TRY,0.38524061
2015-05-15,USD,1.0
2015-05-16,EUR,1.1328
2015-05-16,GBP,1.5709333
2015-05-16,JPY,0.00834291
2015-05-16,TRY,0.38524061
2015-05-16,USD,1.0
2015-05-17,EUR,1.1328
2015-05-17,GBP,1.5709333
2015-05-17,JPY,0.00834291
2015-05-17,TRY,0.38524061
2015-05-17,USD,1.0
2015-05-18,EUR,1.1389
2015-05-18,GBP,1.56657497
2015-05-18,JPY,0.00835399
2015-05-18,TRY,0.3875787
2015-05-18,USD,1.0
2015-05-19,EUR,1.118
2015-05-19,GBP,1.54879823
2015-05-19,JPY,0.00832093
2015-05-19,TRY,0.38685121
2015-05-19,USD,1.0
2015-05-20,EUR,1.1118
2015-05-20,GBP,1.55344418
2015-05-20,JPY,0.00827048
2015-05-20,TRY,0.38543942
2015-05-20,USD,1.0
2015-05-21,EUR,1.1133
2015-05-21,GBP,1.56824905
2015-05-21,JPY,0.00825951
2015-05-21,TRY,0.38911607
2015-05-21,USD,1.0
2015-05-22,EUR,1.1164
2015-05-22,GBP,1.56402354
2015-05-22,JPY,0.00826902
2015-05-22,TRY,0.38569701
2015-05-22,USD,1.0
2015-05-23,EUR,1.1164
2015-05-23,GBP,1.56402354
2015-05-23,JPY,0.00826902
2015-05-23,TRY,0.38569701
2015-05-23,USD,1.0
2015-05-24,EUR,1.1164
2015-05-24,GBP,1.56402354
2015-05-24,JPY,0.00826902
2015-05-24,TRY,0.38569701
2015-05-24,USD,1.0
2015-05-25,EUR,1.0978
2015-05-25,GBP,1.54619718
2015-05-25,JPY,0.00823
2015-05-25,TRY,0.38297575
2015-05-25,USD,1.0
2015-05-26,EUR,1.0926
2015-05-26,GBP,1.5397407
2015-05-26,JPY,0.00814947
2015-05-26,TRY,0.38002156
2015-05-26,USD,1.0
2015-05-27,EUR,1.0863
2015-05-27,GBP,1.53649222
2015-05-27,JPY,0.00808439
2015-05-27,TRY,0.3765599
2015-05-27,USD,1.0
2015-05-28,EUR,1.0896
2015-05-28,GBP,1.52947782
2015-05-28,JPY,0.00804965
2015-05-28,TRY,0.37611322
2015-05-28,USD,1.0
2015-05-29,EUR,1.097
2015-05-29,GBP,1.52573018
2015-05-29,JPY,0.00806914
2015-05-29,TRY,0.37583939
2015-05-29,USD,1.0
2015-05-30,EUR,1.097
2015-05-30,GBP,1.52573018
2015-05-30,JPY,0.00806914
2015-05-30,TRY,0.37583939
2015-05-30,USD,1.0
2015-05-31,EUR,1.097
2015-05-31,GBP,1.52573018
2015-05-31,JPY,0.00806914
2015-05-31,TRY,0.37583939
2015-05-31,USD,1.0
2015-06-01,EUR,1.0944
2015-06-01,GBP,1.52158498
2015-06-01,JPY,0.0080595
2015-06-01,TRY,0.37355361
2015-06-01,USD,1.0
2015-06-02,EUR,1.1029
2015-06-02,GBP,1.52271158
2015-06-02,JPY,0.00801992
2015-06-02,TRY,0.37315604
2015-06-02,USD,1.0
2015-06-03,EUR,1.1134
2015-06-03,GBP,1.53044674
2015-06-03,JPY,0.00804131
2015-06-03,TRY,0.3733235
2015-06-03,USD,1.0
2015-06-04,EUR,1.1317
2015-06-04,GBP,1.5388904
2015-06-04,JPY,0.00805652
2015-06-04,TRY,0.3725516
2015-06-04,USD,1.0
2015-06-05,EUR,1.1218
2015-06-05,GBP,1.533142
2015-06-05,JPY,0.00801457
2015-06-05,TRY,0.37519649
2015-06-05,USD,1.0
2015-06-06,EUR,1.1218
2015-06-06,GBP,1.533142
2015-06-06,JPY,0.00801457
2015-06-06,TRY,0.37519649
2015-06-06,USD,1.0
2015-06-07,EUR,1.1218
2015-06-07,GBP,1.533142
2015-06-07,JPY,0.00801457
2015-06-07,TRY,0.37519649
2015-06-07,USD,1.0
2015-06-08,EUR,1.1162
2015-06-08,GBP,1.52528013
2015-06-08,JPY,0.00798198
2015-06-08,TRY,0.3616394
2015-06-08,USD,1.0
2015-06-09,EUR,1.1249
2015-06-09,GBP,1.52964373
2015-06-09,JPY,0.00806033
2015-06-09,TRY,0.36572599
2015-06-09,USD,1.0
2015-06-10,EUR,1.1279
2015-06-10,GBP,1.54846238
2015-06-10,JPY,0.00813253
2015-06-10,TRY,0.36459141
2015-06-10,USD,1.0
2015-06-11,EUR,1.1232
2015-06-11,GBP,1.54582989
2015-06-11,JPY,0.00808348
2015-06-11,TRY,0.36528017
2015-06-11,USD,1.0
2015-06-12,EUR,1.122
2015-06-12,GBP,1.54865424
2015-06-12,JPY,0.00808474
2015-06-12,TRY,0.36811024
2015-06-12,USD,1.0
2015-06-13,EUR,1.122
2015-06-13,GBP,1.54865424
2015-06-13,JPY,0.00808474
2015-06-13,TRY,0.36811024
2015-06-13,USD,1.0
2015-06-14,EUR,1.122
2015-06-14,GBP,1.54865424
2015-06-14,JPY,0.00808474
2015-06-14,TRY,0.36811024
2015-06-14,USD,1.0
2015-06-15,EUR,1.1218
2015-06-15,GBP,1.55073265
2015-06-15,JPY,0.0080973
2015-06-15,TRY,0.36495543
2015-06-15,USD,1.0
2015-06-16,EUR,1.1215
2015-06-16,GBP,1.56154275
2015-06-16,JPY,0.00810215
2015-06-16,TRY,0.36522617
2015-06-16,USD,1.0
2015-06-17,EUR,1.1279
2015-06-17,GBP,1.57308229
2015-06-17,JPY,0.00806911
2015-06-17,TRY,0.36548931
2015-06-17,USD,1.0
2015-06-18,EUR,1.1404
2015-06-18,GBP,1.59118181
2015-06-18,JPY,0.00814921
2015-06-18,TRY,0.36834625
2015-06-18,USD,1.0
2015-06-19,EUR,1.1299
2015-06-19,GBP,1.58382394
2015-06-19,JPY,0.00811768
2015-06-19,TRY,0.36870615
2015-06-19,USD,1.0
2015-06-20,EUR,1.1299
2015-06-20,GBP,1.58382394
2015-06-20,JPY,0.00811768
2015-06-20,TRY,0.36870615
2015-06-20,USD,1.0
2015-06-21,EUR,1.1299
2015-06-21,GBP,1.58382394
2015-06-21,JPY,0.00811768
2015-06-21,TRY,0.36870615
2015-06-21,USD,1.0
2015-06-22,EUR,1.1345
2015-06-22,GBP,1.58250802
2015-06-22,JPY,0.00811516
2015-06-22,TRY,0.37309261
2015-06-22,USD,1.0
2015-06-23,EUR,1.1204
2015-06-23,GBP,1.57780594
2015-06-23,JPY,0.0080767
2015-06-23,TRY,0.37334222
2015-06-23,USD,1.0
2015-06-24,EUR,1.1213
2015-06-24,GBP,1.57530205
2015-06-24,JPY,0.00807097
2015-06-24,TRY,0.3742407
2015-06-24,USD,1.0
2015-06-25,EUR,1.1206
2015-06-25,GBP,1.57255122
2015-06-25,JPY,0.00808981
2015-06-25,TRY,0.37547328
2015-06-25,USD,1.0
2015-06-26,EUR,1.1202
2015-06-26,GBP,1.57265197
2015-06-26,JPY,0.00808342
2015-06-26,TRY,0.37530153
2015-06-26,USD,1.0
2015-06-27,EUR,1.1202
2015-06-27,GBP,1.57265197
2015-06-27,JPY,0.00808342
2015-06-27,TRY,0.37530153
2015-06-27,USD,1.0
2015-06-28,EUR,1.1202
2015-06-28,GBP,1.57265197
2015-06-28,JPY,0.00808342
2015-06-28,TRY,0.37530153
2015-06-28,USD,1.0
2015-06-29,EUR,1.1133
2015-06-29,GBP,1.57134792
2015-06-29,JPY,0.00813756
2015-06-29,TRY,0.37227888
2015-06-29,USD,1.0
2015-06-30,EUR,1.1189
2015-06-30,GBP,1.57281417
2015-06-30,JPY,0.00816656
2015-06-30,TRY,0.3735519
2015-06-30,USD,1.0
2015-07-01,EUR,1.11
2015-07-01,GBP,1.56547493
2015-07-01,JPY,0.00812413
2015-07-01,TRY,0.37313433
2015-07-01,USD,1.0
2015-07-02,EUR,1.1066
2015-07-02,GBP,1.55793327
2015-07-02,JPY,0.008088
2015-07-02,TRY,0.36979114
2015-07-02,USD,1.0
2015-07-03,EUR,1.1096
2015-07-03,GBP,1.5623768
2015-07-03,JPY,0.00813609
2015-07-03,TRY,0.37143909
2015-07-03,USD,1.0
2015-07-04,EUR,1.1096
2015-07-04,GBP,1.5623768
2015-07-04,JPY,0.00813609
2015-07-04,TRY,0.37143909
2015-07-04,USD,1.0
2015-07-05,EUR,1.1096
2015-07-05,GBP,1.5623768
2015-07-05,JPY,0.00813609
2015-07-05,TRY,0.37143909
2015-07-05,USD,1.0
2015-07-06,EUR,1.1008
2015-07-06,GBP,1.55480226
2015-07-06,JPY,0.00814744
2015-07-06,TRY,0.37161569
2015-07-06,USD,1.0
2015-07-07,EUR,1.0931
2015-07-07,GBP,1.54458104
2015-07-07,JPY,0.00816477
2015-07-07,TRY,0.3727282
2015-07-07,USD,1.0
2015-07-08,EUR,1.1024
2015-07-08,GBP,1.53687439
2015-07-08,JPY,0.00823424
2015-07-08,TRY,0.37253312
2015-07-08,USD,1.0
2015-07-09,EUR,1.1054
2015-07-09,GBP,1.54041249
2015-07-09,JPY,0.00823083
2015-07-09,TRY,0.3743819
2015-07-09,USD,1.0
2015-07-10,EUR,1.1185
2015-07-10,GBP,1.55174806
2015-07-10,JPY,0.00817139
2015-07-10,TRY,0.37538596
2015-07-10,USD,1.0
2015-07-11,EUR,1.1185
2015-07-11,GBP,1.55174806
2015-07-11,JPY,0.00817139
2015-07-11,TRY,0.37538596
2015-07-11,USD,1.0
2015-07-12,EUR,1.1185
2015-07-12,GBP,1.55174806
2015-07-12,JPY,0.00817139
2015-07-12,TRY,0.37538596
2015-07-12,USD,1.0
2015-07-13,EUR,1.1049
2015-07-13,GBP,1.55291637
2015-07-13,JPY,0.00810638
2015-07-13,TRY,0.37593141
2015-07-13,USD,1.0
2015-07-14,EUR,1.1031
2015-07-14,GBP,1.55717109
2015-07-14,JPY,0.00810984
2015-07-14,TRY,0.37925462
2015-07-14,USD,1.0
2015-07-15,EUR,1.1009
2015-07-15,GBP,1.56266856
2015-07-15,JPY,0.00809783
2015-07-15,TRY,0.37816021
2015-07-15,USD,1.0
2015-07-16,EUR,1.0867
2015-07-16,GBP,1.55665377
2015-07-16,JPY,0.0080556
2015-07-16,TRY,0.37680305
2015-07-16,USD,1.0
2015-07-17,EUR,1.0889
2015-07-17,GBP,1.55935844
2015-07-17,JPY,0.00806533
2015-07-17,TRY,0.37727808
2015-07-17,USD,1.0
2015-07-18,EUR,1.0889
2015-07-18,GBP,1.55935844
2015-07-18,JPY,0.00806533
2015-07-18,TRY,0.37727808
2015-07-18,USD,1.0
2015-07-19,EUR,1.0889
2015-07-19,GBP,1.55935844
2015-07-19,JPY,0.00806533
2015-07-19,TRY,0.37727808
2015-07-19,USD,1.0
2015-07-20,EUR,1.0852
2015-07-20,GBP,1.55673505
2015-07-20,JPY,0.00804865
2015-07-20,TRY,0.37178389
2015-07-20,USD,1.0
2015-07-21,EUR,1.0867
2015-07-21,GBP,1.55531702
2015-07-21,JPY,0.00803951
2015-07-21,TRY,0.37187735
2015-07-21,USD,1.0
2015-07-22,EUR,1.0902
2015-07-22,GBP,1.56144371
2015-07-22,JPY,0.00807675
2015-07-22,TRY,0.36756575
2015-07-22,USD,1.0
2015-07-23,EUR,1.0999
2015-07-23,GBP,1.56147076
2015-07-23,JPY,0.00807859
2015-07-23,TRY,0.36693912
2015-07-23,USD,1.0
2015-07-24,EUR,1.0939
2015-07-24,GBP,1.54746074
2015-07-24,JPY,0.00806116
2015-07-24,TRY,0.36360312
2015-07-24,USD,1.0
2015-07-25,EUR,1.0939
2015-07-25,GBP,1.54746074
2015-07-25,JPY,0.00806116
2015-07-25,TRY,0.36360312
2015-07-25,USD,1.0
2015-07-26,EUR,1.0939
2015-07-26,GBP,1.54746074
2015-07-26,JPY,0.00806116
2015-07-26,TRY,0.36360312
2015-07-26,USD,1.0
2015-07-27,EUR,1.1058
2015-07-27,GBP,1.55156447
2015-07-27,JPY,0.00811715
2015-07-27,TRY,0.360442
2015-07-27,USD,1.0
2015-07-28,EUR,1.1025
2015-07-28,GBP,1.55852417
2015-07-28,JPY,0.00807929
2015-07-28,TRY,0.36368135
2015-07-28,USD,1.0
2015-07-29,EUR,1.103
2015-07-29,GBP,1.56387353
2015-07-29,JPY,0.00808059
2015-07-29,TRY,0.36242361
2015-07-29,USD,1.0
2015-07-30,EUR,1.0955
2015-07-30,GBP,1.56276748
2015-07-30,JPY,0.00804037
2015-07-30,TRY,0.35951037
2015-07-30,USD,1.0
2015-07-31,EUR,1.0967
2015-07-31,GBP,1.55759125
2015-07-31,JPY,0.00804386
2015-07-31,TRY,0.3597507
2015-07-31,USD,1.0
2015-08-01,EUR,1.0967
2015-08-01,GBP,1.55759125
2015-08-01,JPY,0.00804386
2015-08-01,TRY,0.3597507
2015-08-01,USD,1.0
2015-08-02,EUR,1.0967
2015-08-02,GBP,1.55759125
2015-08-02,JPY,0.00804386
2015-08-02,TRY,0.3597507
2015-08-02,USD,1.0
2015-08-03,EUR,1.0951
2015-08-03,GBP,1.55819579
2015-08-03,JPY,0.00804806
2015-08-03,TRY,0.35987512
2015-08-03,USD,1.0
2015-08-04,EUR,1.0973
2015-08-04,GBP,1.56143721
2015-08-04,JPY,0.00806423
2015-08-04,TRY,0.36059809
2015-08-04,USD,1.0
2015-08-05,EUR,1.0883
2015-08-05,GBP,1.56297573
2015-08-05,JPY,0.00804777
2015-08-05,TRY,0.35980428
2015-08-05,USD,1.0
2015-08-06,EUR,1.0885
2015-08-06,GBP,1.55189621
2015-08-06,JPY,0.00800721
2015-08-06,TRY,0.35905133
2015-08-06,USD,1.0
2015-08-07,EUR,1.0941
2015-08-07,GBP,1.5516948
2015-08-07,JPY,0.0080195
2015-08-07,TRY,0.35858023
2015-08-07,USD,1.0
2015-08-08,EUR,1.0941
2015-08-08,GBP,1.5516948
2015-08-08,JPY,0.0080195
2015-08-08,TRY,0.35858023
2015-08-08,USD,1.0
2015-08-09,EUR,1.0941
2015-08-09,GBP,1.5516948
2015-08-09,JPY,0.0080195
2015-08-09,TRY,0.35858023
2015-08-09,USD,1.0
2015-08-10,EUR,1.096
2015-08-10,GBP,1.54999293
2015-08-10,JPY,0.00801932
2015-08-10,TRY,0.35827531
2015-08-10,USD,1.0
2015-08-11,EUR,1.1055
2015-08-11,GBP,1.55967833
2015-08-11,JPY,0.00801145
2015-08-11,TRY,0.36132174
2015-08-11,USD,1.0
2015-08-12,EUR,1.1155
2015-08-12,GBP,1.56035809
2015-08-12,JPY,0.00805706
2015-08-12,TRY,0.36024544
2015-08-12,USD,1.0
2015-08-13,EUR,1.1109
2015-08-13,GBP,1.56332677
2015-08-13,JPY,0.00803661
2015-08-13,TRY,0.35843578
2015-08-13,USD,1.0
2015-08-14,EUR,1.1171
2015-08-14,GBP,1.56347096
2015-08-14,JPY,0.00805407
2015-08-14,TRY,0.35293188
2015-08-14,USD,1.0
2015-08-15,EUR,1.1171
2015-08-15,GBP,1.56347096
2015-08-15,JPY,0.00805407
2015-08-15,TRY,0.35293188
2015-08-15,USD,1.0
2015-08-16,EUR,1.1171
2015-08-16,GBP,1.56347096
2015-08-16,JPY,0.00805407
2015-08-16,TRY,0.35293188
2015-08-16,USD,1.0
2015-08-17,EUR,1.11
2015-08-17,GBP,1.56228008
2015-08-17,JPY,0.00803068
2015-08-17,TRY,0.3498818
2015-08-17,USD,1.0
2015-08-18,EUR,1.106
2015-08-18,GBP,1.57057654
2015-08-18,JPY,0.00804715
2015-08-18,TRY,0.34612255
2015-08-18,USD,1.0
2015-08-19,EUR,1.1041
2015-08-19,GBP,1.56632146
2015-08-19,JPY,0.00804093
2015-08-19,TRY,0.34243092
2015-08-19,USD,1.0
2015-08-20,EUR,1.1183
2015-08-20,GBP,1.56668535
2015-08-20,JPY,0.00807437
2015-08-20,TRY,0.33780396
2015-08-20,USD,1.0
2015-08-21,EUR,1.1281
2015-08-21,GBP,1.5672409
2015-08-21,JPY,0.00815101
2015-08-21,TRY,0.34144496
2015-08-21,USD,1.0
2015-08-22,EUR,1.1281
2015-08-22,GBP,1.5672409
2015-08-22,JPY,0.00815101
2015-08-22,TRY,0.34144496
2015-08-22,USD,1.0
2015-08-23,EUR,1.1281
2015-08-23,GBP,1.5672409
2015-08-23,JPY,0.00815101
2015-08-23,TRY,0.34144496
2015-08-23,USD,1.0
2015-08-24,EUR,1.1497
2015-08-24,GBP,1.57450014
2015-08-24,JPY,0.00834325
2015-08-24,TRY,0.33844569
2015-08-24,USD,1.0
2015-08-25,EUR,1.1506
2015-08-25,GBP,1.57832647
2015-08-25,JPY,0.00834736
2015-08-25,TRY,0.34237934
2015-08-25,USD,1.0
2015-08-26,EUR,1.1402
2015-08-26,GBP,1.55892808
2015-08-26,JPY,0.00835556
2015-08-26,TRY,0.34168415
2015-08-26,USD,1.0
2015-08-27,EUR,1.1284
2015-08-27,GBP,1.54321663
2015-08-27,JPY,0.00832031
2015-08-27,TRY,0.34235437
2015-08-27,USD,1.0
2015-08-28,EUR,1.1268
2015-08-28,GBP,1.539134
2015-08-28,JPY,0.00827556
2015-08-28,TRY,0.34227393
2015-08-28,USD,1.0
2015-08-29,EUR,1.1268
2015-08-29,GBP,1.539134
2015-08-29,JPY,0.00827556
2015-08-29,TRY,0.34227393
2015-08-29,USD,1.0
2015-08-30,EUR,1.1268
2015-08-30,GBP,1.539134
2015-08-30,JPY,0.00827556
2015-08-30,TRY,0.34227393
2015-08-30,USD,1.0
2015-08-31,EUR,1.1215
2015-08-31,GBP,1.54151719
2015-08-31,JPY,0.00824208
2015-08-31,TRY,0.34264153
2015-08-31,USD,1.0
2015-09-01,EUR,1.1236
2015-09-01,GBP,1.53329694
2015-09-01,JPY,0.00833099
2015-09-01,TRY,0.34209164
2015-09-01,USD,1.0
2015-09-02,EUR,1.1255
2015-09-02,GBP,1.52734428
2015-09-02,JPY,0.00832409
2015-09-02,TRY,0.33976333
2015-09-02,USD,1.0
2015-09-03,EUR,1.1229
2015-09-03,GBP,1.5287951
2015-09-03,JPY,0.00831901
2015-09-03,TRY,0.33670165
2015-09-03,USD,1.0
2015-09-04,EUR,1.1138
2015-09-04,GBP,1.52262474
2015-09-04,JPY,0.00838579
2015-09-04,TRY,0.33581572
2015-09-04,USD,1.0
2015-09-05,EUR,1.1138
2015-09-05,GBP,1.52262474
2015-09-05,JPY,0.00838579
2015-09-05,TRY,0.33581572
2015-09-05,USD,1.0
2015-09-06,EUR,1.1138
2015-09-06,GBP,1.52262474
2015-09-06,JPY,0.00838579
2015-09-06,TRY,0.33581572
2015-09-06,USD,1.0
2015-09-07,EUR,1.1146
2015-09-07,GBP,1.52611761
2015-09-07,JPY,0.00837478
2015-09-07,TRY,0.33057508
2015-09-07,USD,1.0
2015-09-08,EUR,1.1162
2015-09-08,GBP,1.5408614
2015-09-08,JPY,0.00834106
2015-09-08,TRY,0.33187643
2015-09-08,USD,1.0
2015-09-09,EUR,1.1139
2015-09-09,GBP,1.5362019
2015-09-09,JPY,0.00827256
2015-09-09,TRY,0.33119258
2015-09-09,USD,1.0
2015-09-10,EUR,1.1185
2015-09-10,GBP,1.53946735
2015-09-10,JPY,0.00826193
2015-09-10,TRY,0.3283236
2015-09-10,USD,1.0
2015-09-11,EUR,1.1268
2015-09-11,GBP,1.542294
2015-09-11,JPY,0.00828408
2015-09-11,TRY,0.32849397
2015-09-11,USD,1.0
2015-09-12,EUR,1.1268
2015-09-12,GBP,1.542294
2015-09-12,JPY,0.00828408
2015-09-12,TRY,0.32849397
2015-09-12,USD,1.0
2015-09-13,EUR,1.1268
2015-09-13,GBP,1.542294
2015-09-13,JPY,0.00828408
2015-09-13,TRY,0.32849397
2015-09-13,USD,1.0
2015-09-14,EUR,1.1305
2015-09-14,GBP,1.54145078
2015-09-14,JPY,0.00831006
2015-09-14,TRY,0.32583946
2015-09-14,USD,1.0
2015-09-15,EUR,1.132
2015-09-15,GBP,1.54097468
2015-09-15,JPY,0.00835794
2015-09-15,TRY,0.3300484
2015-09-15,USD,1.0
2015-09-16,EUR,1.1228
2015-09-16,GBP,1.54517305
2015-09-16,JPY,0.00828941
2015-09-16,TRY,0.33311577
2015-09-16,USD,1.0
2015-09-17,EUR,1.1312
2015-09-17,GBP,1.55246003
2015-09-17,JPY,0.00827142
2015-09-17,TRY,0.33136095
2015-09-17,USD,1.0
2015-09-18,EUR,1.1419
2015-09-18,GBP,1.56467525
2015-09-18,JPY,0.00837723
2015-09-18,TRY,0.33337226
2015-09-18,USD,1.0
2015-09-19,EUR,1.1419
2015-09-19,GBP,1.56467525
2015-09-19,JPY,0.00837723
2015-09-19,TRY,0.33337226
2015-09-19,USD,1.0
2015-09-20,EUR,1.1419
2015-09-20,GBP,1.56467525
2015-09-20,JPY,0.00837723
2015-09-20,TRY,0.33337226
2015-09-20,USD,1.0
2015-09-21,EUR,1.125
2015-09-21,GBP,1.5532238
2015-09-21,JPY,0.00830258
2015-09-21,TRY,0.33470189
2015-09-21,USD,1.0
2015-09-22,EUR,1.1155
2015-09-22,GBP,1.54437214
2015-09-22,JPY,0.00834019
2015-09-22,TRY,0.32924058
2015-09-22,USD,1.0
2015-09-23,EUR,1.115
2015-09-23,GBP,1.52802522
2015-09-23,JPY,0.00831903
2015-09-23,TRY,0.33056626
2015-09-23,USD,1.0
2015-09-24,EUR,1.1241
2015-09-24,GBP,1.52172736
2015-09-24,JPY,0.00835886
2015-09-24,TRY,0.32705848
2015-09-24,USD,1.0
2015-09-25,EUR,1.1151
2015-09-25,GBP,1.51765907
2015-09-25,JPY,0.0082649
2015-09-25,TRY,0.33023366
2015-09-25,USD,1.0
2015-09-26,EUR,1.1151
2015-09-26,GBP,1.51765907
2015-09-26,JPY,0.0082649
2015-09-26,TRY,0.33023366
2015-09-26,USD,1.0
2015-09-27,EUR,1.1151
2015-09-27,GBP,1.51765907
2015-09-27,JPY,0.0082649
2015-09-27,TRY,0.33023366
2015-09-27,USD,1.0
2015-09-28,EUR,1.117
2015-09-28,GBP,1.51931447
2015-09-28,JPY,0.00832774
2015-09-28,TRY,0.32721094
2015-09-28,USD,1.0
2015-09-29,EUR,1.1204
2015-09-29,GBP,1.51589771
2015-09-29,JPY,0.00833755
2015-09-29,TRY,0.32923891
2015-09-29,USD,1.0
2015-09-30,EUR,1.1203
2015-09-30,GBP,1.51699391
2015-09-30,JPY,0.00831762
2015-09-30,TRY,0.33044273
2015-09-30,USD,1.0
2015-10-01,EUR,1.1153
2015-10-01,GBP,1.5139134
2015-10-01,JPY,0.00835055
2015-10-01,TRY,0.33000947
2015-10-01,USD,1.0
2015-10-02,EUR,1.116
2015-10-02,GBP,1.5167165
2015-10-02,JPY,0.00831347
2015-10-02,TRY,0.33043169
2015-10-02,USD,1.0
2015-10-03,EUR,1.116
2015-10-03,GBP,1.5167165
2015-10-03,JPY,0.00831347
2015-10-03,TRY,0.33043169
2015-10-03,USD,1.0
2015-10-04,EUR,1.116
2015-10-04,GBP,1.5167165
2015-10-04,JPY,0.00831347
2015-10-04,TRY,0.33043169
2015-10-04,USD,1.0
2015-10-05,EUR,1.1236
2015-10-05,GBP,1.51796812
2015-10-05,JPY,0.00831865
2015-10-05,TRY,0.3339178
2015-10-05,USD,1.0
2015-10-06,EUR,1.1224
2015-10-06,GBP,1.51696175
2015-10-06,JPY,0.00830977
2015-10-06,TRY,0.3342864
2015-10-06,USD,1.0
2015-10-07,EUR,1.1266
2015-10-07,GBP,1.53112259
2015-10-07,JPY,0.00832668
2015-10-07,TRY,0.34142498
2015-10-07,USD,1.0
2015-10-08,EUR,1.1254
2015-10-08,GBP,1.52783057
2015-10-08,JPY,0.00834124
2015-10-08,TRY,0.34090634
2015-10-08,USD,1.0
2015-10-09,EUR,1.1362
2015-10-09,GBP,1.53395437
2015-10-09,JPY,0.00831467
2015-10-09,TRY,0.34458496
2015-10-09,USD,1.0
2015-10-10,EUR,1.1362
2015-10-10,GBP,1.53395437
2015-10-10,JPY,0.00831467
2015-10-10,TRY,0.34458496
2015-10-10,USD,1.0
2015-10-11,EUR,1.1362
2015-10-11,GBP,1.53395437
2015-10-11,JPY,0.00831467
2015-10-11,TRY,0.34458496
2015-10-11,USD,1.0
2015-10-12,EUR,1.1373
2015-10-12,GBP,1.53668423
2015-10-12,JPY,0.00832516
2015-10-12,TRY,0.34279772
2015-10-12,USD,1.0
2015-10-13,EUR,1.1374
2015-10-13,GBP,1.52058824
2015-10-13,JPY,0.00835341
2015-10-13,TRY,0.3385119
2015-10-13,USD,1.0
2015-10-14,EUR,1.141
2015-10-14,GBP,1.53815044
2015-10-14,JPY,0.0083602
2015-10-14,TRY,0.34059701
2015-10-14,USD,1.0
2015-10-15,EUR,1.1439
2015-10-15,GBP,1.54643775
2015-10-15,JPY,0.00845892
2015-10-15,TRY,0.34689917
2015-10-15,USD,1.0
2015-10-16,EUR,1.136
2015-10-16,GBP,1.54431756
2015-10-16,JPY,0.00839926
2015-10-16,TRY,0.34453476
2015-10-16,USD,1.0
2015-10-17,EUR,1.136
2015-10-17,GBP,1.54431756
2015-10-17,JPY,0.00839926
2015-10-17,TRY,0.34453476
2015-10-17,USD,1.0
2015-10-18,EUR,1.136
2015-10-18,GBP,1.54431756
2015-10-18,JPY,0.00839926
2015-10-18,TRY,0.34453476
2015-10-18,USD,1.0
2015-10-19,EUR,1.1333
2015-10-19,GBP,1.54885882
2015-10-19,JPY,0.00837682
2015-10-19,TRY,0.34500289
2015-10-19,USD,1.0
2015-10-20,EUR,1.1373
2015-10-20,GBP,1.54692601
2015-10-20,JPY,0.00835267
2015-10-20,TRY,0.34587312
2015-10-20,USD,1.0
2015-10-21,EUR,1.1354
2015-10-21,GBP,1.54497211
2015-10-21,JPY,0.00833015
2015-10-21,TRY,0.34417533
2015-10-21,USD,1.0
2015-10-22,EUR,1.1313
2015-10-22,GBP,1.54675964
2015-10-22,JPY,0.00834969
2015-10-22,TRY,0.34614325
2015-10-22,USD,1.0
2015-10-23,EUR,1.1084
2015-10-23,GBP,1.5404072
2015-10-23,JPY,0.00828401
2015-10-23,TRY,0.34780972
2015-10-23,USD,1.0
2015-10-24,EUR,1.1084
2015-10-24,GBP,1.5404072
2015-10-24,JPY,0.00828401
2015-10-24,TRY,0.34780972
2015-10-24,USD,1.0
2015-10-25,EUR,1.1084
2015-10-25,GBP,1.5404072
2015-10-25,JPY,0.00828401
2015-10-25,TRY,0.34780972
2015-10-25,USD,1.0
2015-10-26,EUR,1.1011
2015-10-26,GBP,1.53271158
2015-10-26,JPY,0.00826279
2015-10-26,TRY,0.3465412
2015-10-26,USD,1.0
2015-10-27,EUR,1.1061
2015-10-27,GBP,1.53326864
2015-10-27,JPY,0.00831279
2015-10-27,TRY,0.34366941
2015-10-27,USD,1.0
2015-10-28,EUR,1.1085
2015-10-28,GBP,1.52938742
2015-10-28,JPY,0.00831084
2015-10-28,TRY,0.34589821
2015-10-28,USD,1.0
2015-10-29,EUR,1.093
2015-10-29,GBP,1.52504535
2015-10-29,JPY,0.00826153
2015-10-29,TRY,0.34049844
2015-10-29,USD,1.0
2015-10-30,EUR,1.1017
2015-10-30,GBP,1.53397382
2015-10-30,JPY,0.00829094
2015-10-30,TRY,0.34290961
2015-10-30,USD,1.0
2015-10-31,EUR,1.1017
2015-10-31,GBP,1.53397382
2015-10-31,JPY,0.00829094
2015-10-31,TRY,0.34290961
2015-10-31,USD,1.0
2015-11-01,EUR,1.1017
2015-11-01,GBP,1.53397382
2015-11-01,JPY,0.00829094
2015-11-01,TRY,0.34290961
2015-11-01,USD,1.0
2015-11-02,EUR,1.1032
2015-11-02,GBP,1.54683118
2015-11-02,JPY,0.00829349
2015-11-02,TRY,0.35644588
2015-11-02,USD,1.0
2015-11-03,EUR,1.0976
2015-11-03,GBP,1.53908715
2015-11-03,JPY,0.00827441
2015-11-03,TRY,0.35154699
2015-11-03,USD,1.0
2015-11-04,EUR,1.0935
2015-11-04,GBP,1.54144347
2015-11-04,JPY,0.00825595
2015-11-04,TRY,0.35215123
2015-11-04,USD,1.0
2015-11-05,EUR,1.0883
2015-11-05,GBP,1.52722425
2015-11-05,JPY,0.0082043
2015-11-05,TRY,0.34864648
2015-11-05,USD,1.0
2015-11-06,EUR,1.0864
2015-11-06,GBP,1.51382986
2015-11-06,JPY,0.00820482
2015-11-06,TRY,0.3471592
2015-11-06,USD,1.0
2015-11-07,EUR,1.0864
2015-11-07,GBP,1.51382986
2015-11-07,JPY,0.00820482
2015-11-07,TRY,0.3471592
2015-11-07,USD,1.0
2015-11-08,EUR,1.0864
2015-11-08,GBP,1.51382986
2015-11-08,JPY,0.00820482
2015-11-08,TRY,0.3471592
2015-11-08,USD,1.0
2015-11-09,EUR,1.0776
2015-11-09,GBP,1.50903235
2015-11-09,JPY,0.00809739
2015-11-09,TRY,0.34263911
2015-11-09,USD,1.0
2015-11-10,EUR,1.0711
2015-11-10,GBP,1.51199887
2015-11-10,JPY,0.00811562
2015-11-10,TRY,0.34308136
2015-11-10,USD,1.0
2015-11-11,EUR,1.0716
2015-11-11,GBP,1.51784703
2015-11-11,JPY,0.00812434
2015-11-11,TRY,0.34647095
2015-11-11,USD,1.0
2015-11-12,EUR,1.0726
2015-11-12,GBP,1.51840317
2015-11-12,JPY,0.00813069
2015-11-12,TRY,0.34669339
2015-11-12,USD,1.0
2015-11-13,EUR,1.0764
2015-11-13,GBP,1.52238173
2015-11-13,JPY,0.00815208
2015-11-13,TRY,0.34767442
2015-11-13,USD,1.0
2015-11-14,EUR,1.0764
2015-11-14,GBP,1.52238173
2015-11-14,JPY,0.00815208
2015-11-14,TRY,0.34767442
2015-11-14,USD,1.0
2015-11-15,EUR,1.0764
2015-11-15,GBP,1.52238173
2015-11-15,JPY,0.00815208
2015-11-15,TRY,0.34767442
2015-11-15,USD,1.0
2015-11-16,EUR,1.0723
2015-11-16,GBP,1.51926891
2015-11-16,JPY,0.00812287
2015-11-16,TRY,0.34677576
2015-11-16,USD,1.0
2015-11-17,EUR,1.067
2015-11-17,GBP,1.52059285
2015-11-17,JPY,0.00811469
2015-11-17,TRY,0.3487726
2015-11-17,USD,1.0
2015-11-18,EUR,1.0666
2015-11-18,GBP,1.52175774
2015-11-18,JPY,0.00810179
2015-11-18,TRY,0.34913257
2015-11-18,USD,1.0
2015-11-19,EUR,1.0687
2015-11-19,GBP,1.52715061
2015-11-19,JPY,0.00812082
2015-11-19,TRY,0.35116485
2015-11-19,USD,1.0
2015-11-20,EUR,1.0688
2015-11-20,GBP,1.52467903
2015-11-20,JPY,0.00814138
2015-11-20,TRY,0.35431792
2015-11-20,USD,1.0
2015-11-21,EUR,1.0688
2015-11-21,GBP,1.52467903
2015-11-21,JPY,0.00814138
2015-11-21,TRY,0.35431792
2015-11-21,USD,1.0
2015-11-22,EUR,1.0688
2015-11-22,GBP,1.52467903
2015-11-22,JPY,0.00814138
2015-11-22,TRY,0.35431792
2015-11-22,USD,1.0
2015-11-23,EUR,1.0631
2015-11-23,GBP,1.51330961
2015-11-23,JPY,0.00812023
2015-11-23,TRY,0.35124063
2015-11-23,USD,1.0
2015-11-24,EUR,1.0651
2015-11-24,GBP,1.50821297
2015-11-24,JPY,0.00816044
2015-11-24,TRY,0.34722086
2015-11-24,USD,1.0
2015-11-25,EUR,1.0586
2015-11-25,GBP,1.50851443
2015-11-25,JPY,0.00814684
2015-11-25,TRY,0.34740089
2015-11-25,USD,1.0
2015-11-26,EUR,1.0612
2015-11-26,GBP,1.50996016
2015-11-26,JPY,0.00815931
2015-11-26,TRY,0.34376417
2015-11-26,USD,1.0
2015-11-27,EUR,1.058
2015-11-27,GBP,1.50519277
2015-11-27,JPY,0.00815414
2015-11-27,TRY,0.34278309
2015-11-27,USD,1.0
2015-11-28,EUR,1.058
2015-11-28,GBP,1.50519277
2015-11-28,JPY,0.00815414
2015-11-28,TRY,0.34278309
2015-11-28,USD,1.0
2015-11-29,EUR,1.058
2015-11-29,GBP,1.50519277
2015-11-29,JPY,0.00815414
2015-11-29,TRY,0.34278309
2015-11-29,USD,1.0
2015-11-30,EUR,1.0579
2015-11-30,GBP,1.50099319
2015-11-30,JPY,0.00812394
2015-11-30,TRY,0.34359674
2015-11-30,USD,1.0
2015-12-01,EUR,1.06
2015-12-01,GBP,1.50653781
2015-12-01,JPY,0.00811825
2015-12-01,TRY,0.34612245
2015-12-01,USD,1.0
2015-12-02,EUR,1.0612
2015-12-02,GBP,1.50332908
2015-12-02,JPY,0.00811936
2015-12-02,TRY,0.34674073
2015-12-02,USD,1.0
2015-12-03,EUR,1.0671
2015-12-03,GBP,1.49831508
2015-12-03,JPY,0.0081099
2015-12-03,TRY,0.34682137
2015-12-03,USD,1.0
2015-12-04,EUR,1.0902
2015-12-04,GBP,1.51395639
2015-12-04,JPY,0.00813097
2015-12-04,TRY,0.34340253
2015-12-04,USD,1.0
2015-12-05,EUR,1.0902
2015-12-05,GBP,1.51395639
2015-12-05,JPY,0.00813097
2015-12-05,TRY,0.34340253
2015-12-05,USD,1.0
2015-12-06,EUR,1.0902
2015-12-06,GBP,1.51395639
2015-12-06,JPY,0.00813097
2015-12-06,TRY,0.34340253
2015-12-06,USD,1.0
2015-12-07,EUR,1.0809
2015-12-07,GBP,1.50606103
2015-12-07,JPY,0.0081027
2015-12-07,TRY,0.34479569
2015-12-07,USD,1.0
2015-12-08,EUR,1.0875
2015-12-08,GBP,1.49566772
2015-12-08,JPY,0.00813753
2015-12-08,TRY,0.34211023
2015-12-08,USD,1.0
2015-12-09,EUR,1.0941
2015-12-09,GBP,1.50889532
2015-12-09,JPY,0.00816249
2015-12-09,TRY,0.34255925
2015-12-09,USD,1.0
2015-12-10,EUR,1.0943
2015-12-10,GBP,1.51250864
2015-12-10,JPY,0.00822968
2015-12-10,TRY,0.34261115
2015-12-10,USD,1.0
2015-12-11,EUR,1.095
2015-12-11,GBP,1.51578073
2015-12-11,JPY,0.00823184
2015-12-11,TRY,0.33779615
2015-12-11,USD,1.0
2015-12-12,EUR,1.095
2015-12-12,GBP,1.51578073
2015-12-12,JPY,0.00823184
2015-12-12,TRY,0.33779615
2015-12-12,USD,1.0
2015-12-13,EUR,1.095
2015-12-13,GBP,1.51578073
2015-12-13,JPY,0.00823184
2015-12-13,TRY,0.33779615
2015-12-13,USD,1.0
2015-12-14,EUR,1.0983
2015-12-14,GBP,1.51280992
2015-12-14,JPY,0.00828656
2015-12-14,TRY,0.33447026
2015-12-14,USD,1.0
2015-12-15,EUR,1.099
2015-12-15,GBP,1.51544402
2015-12-15,JPY,0.00826502
2015-12-15,TRY,0.337396
2015-12-15,USD,1.0
2015-12-16,EUR,1.0933
2015-12-16,GBP,1.5011671
2015-12-16,JPY,0.00820919
2015-12-16,TRY,0.33727172
2015-12-16,USD,1.0
2015-12-17,EUR,1.0841
2015-12-17,GBP,1.49201762
2015-12-17,JPY,0.00816217
2015-12-17,TRY,0.34226811
2015-12-17,USD,1.0
2015-12-18,EUR,1.0836
2015-12-18,GBP,1.49120634
2015-12-18,JPY,0.00823404
2015-12-18,TRY,0.3431177
2015-12-18,USD,1.0
2015-12-19,EUR,1.0836
2015-12-19,GBP,1.49120634
2015-12-19,JPY,0.00823404
2015-12-19,TRY,0.3431177
2015-12-19,USD,1.0
2015-12-20,EUR,1.0836
2015-12-20,GBP,1.49120634
2015-12-20,JPY,0.00823404
2015-12-20,TRY,0.3431177
2015-12-20,USD,1.0
2015-12-21,EUR,1.087
2015-12-21,GBP,1.48934713
2015-12-21,JPY,0.00823922
2015-12-21,TRY,0.34351989
2015-12-21,USD,1.0
2015-12-22,EUR,1.0952
2015-12-22,GBP,1.48763923
2015-12-22,JPY,0.00827065
2015-12-22,TRY,0.33928129
2015-12-22,USD,1.0
2015-12-23,EUR,1.0916
2015-12-23,GBP,1.48922237
2015-12-23,JPY,0.00827471
2015-12-23,TRY,0.34093323
2015-12-23,USD,1.0
2015-12-24,EUR,1.0947
2015-12-24,GBP,1.49101062
2015-12-24,JPY,0.00830388
2015-12-24,TRY,0.34220069
2015-12-24,USD,1.0
2015-12-25,EUR,1.0947
2015-12-25,GBP,1.49101062
2015-12-25,JPY,0.00830388
2015-12-25,TRY,0.34220069
2015-12-25,USD,1.0
2015-12-26,EUR,1.0947
2015-12-26,GBP,1.49101062
2015-12-26,JPY,0.00830388
2015-12-26,TRY,0.34220069
2015-12-26,USD,1.0
2015-12-27,EUR,1.0947
2015-12-27,GBP,1.49101062
2015-12-27,JPY,0.00830388
2015-12-27,TRY,0.34220069
2015-12-27,USD,1.0
2015-12-28,EUR,1.0962
2015-12-28,GBP,1.49071871
2015-12-28,JPY,0.0083014
2015-12-28,TRY,0.34338878
2015-12-28,USD,1.0
2015-12-29,EUR,1.0952
2015-12-29,GBP,1.47990001
2015-12-29,JPY,0.00830452
2015-12-29,TRY,0.34355982
2015-12-29,USD,1.0
2015-12-30,EUR,1.0926
2015-12-30,GBP,1.48050787
2015-12-30,JPY,0.00829865
2015-12-30,TRY,0.3431856
2015-12-30,USD,1.0
2015-12-31,EUR,1.0887
2015-12-31,GBP,1.48334355
2015-12-31,JPY,0.00830625
2015-12-31,TRY,0.34273572
2015-12-31,USD,1.0
2016-01-01,EUR,1.0887
2016-01-01,GBP,1.48334355
2016-01-01,JPY,0.00830625
2016-01-01,TRY,0.34273572
2016-01-01,USD,1.0
2016-01-02,EUR,1.0887
2016-01-02,GBP,1.48334355
2016-01-02,JPY,0.00830625
2016-01-02,TRY,0.34273572
2016-01-02,USD,1.0
2016-01-03,EUR,1.0887
2016-01-03,GBP,1.48334355
2016-01-03,JPY,0.00830625
2016-01-03,TRY,0.34273572
2016-01-03,USD,1.0
2016-01-04,EUR,1.0898
2016-01-04,GBP,1.4764937
2016-01-04,JPY,0.00839729
2016-01-04,TRY,0.3385208
2016-01-04,USD,1.0
2016-01-05,EUR,1.0746
2016-01-05,GBP,1.46733119
2016-01-05,JPY,0.00840319
2016-01-05,TRY,0.33571808
2016-01-05,USD,1.0
2016-01-06,EUR,1.0742
2016-01-06,GBP,1.46269063
2016-01-06,JPY,0.00844563
2016-01-06,TRY,0.33241529
2016-01-06,USD,1.0
2016-01-07,EUR,1.0868
2016-01-07,GBP,1.45791133
2016-01-07,JPY,0.00850791
2016-01-07,TRY,0.33143241
2016-01-07,USD,1.0
2016-01-08,EUR,1.0861
2016-01-08,GBP,1.45748064
2016-01-08,JPY,0.00845148
2016-01-08,TRY,0.33427718
2016-01-08,USD,1.0
2016-01-09,EUR,1.0861
2016-01-09,GBP,1.45748064
2016-01-09,JPY,0.00845148
2016-01-09,TRY,0.33427718
2016-01-09,USD,1.0
2016-01-10,EUR,1.0861
2016-01-10,GBP,1.45748064
2016-01-10,JPY,0.00845148
2016-01-10,TRY,0.33427718
2016-01-10,USD,1.0
2016-01-11,EUR,1.0888
2016-01-11,GBP,1.45746603
2016-01-11,JPY,0.00848438
2016-01-11,TRY,0.33122414
2016-01-11,USD,1.0
2016-01-12,EUR,1.0836
2016-01-12,GBP,1.44326052
2016-01-12,JPY,0.00847954
2016-01-12,TRY,0.32994337
2016-01-12,USD,1.0
2016-01-13,EUR,1.0816
2016-01-13,GBP,1.44174887
2016-01-13,JPY,0.0084672
2016-01-13,TRY,0.33151474
2016-01-13,USD,1.0
2016-01-14,EUR,1.0893
2016-01-14,GBP,1.43891259
2016-01-14,JPY,0.00849291
2016-01-14,TRY,0.32984103
2016-01-14,USD,1.0
2016-01-15,EUR,1.0914
2016-01-15,GBP,1.4332239
2016-01-15,JPY,0.00853991
2016-01-15,TRY,0.32865575
2016-01-15,USD,1.0
2016-01-16,EUR,1.0914
2016-01-16,GBP,1.4332239
2016-01-16,JPY,0.00853991
2016-01-16,TRY,0.32865575
2016-01-16,USD,1.0
2016-01-17,EUR,1.0914
2016-01-17,GBP,1.4332239
2016-01-17,JPY,0.00853991
2016-01-17,TRY,0.32865575
2016-01-17,USD,1.0
2016-01-18,EUR,1.0892
2016-01-18,GBP,1.42821552
2016-01-18,JPY,0.00852403
2016-01-18,TRY,0.32904356
2016-01-18,USD,1.0
2016-01-19,EUR,1.0868
2016-01-19,GBP,1.42115518
2016-01-19,JPY,0.00848267
2016-01-19,TRY,0.32903421
2016-01-19,USD,1.0
2016-01-20,EUR,1.0907
2016-01-20,GBP,1.41649351
2016-01-20,JPY,0.0085693
2016-01-20,TRY,0.3274687
2016-01-20,USD,1.0
2016-01-21,EUR,1.0893
2016-01-21,GBP,1.41133943
2016-01-21,JPY,0.00854822
2016-01-21,TRY,0.32911354
2016-01-21,USD,1.0
2016-01-22,EUR,1.0808
2016-01-22,GBP,1.43230098
2016-01-22,JPY,0.00845895
2016-01-22,TRY,0.33181874
2016-01-22,USD,1.0
2016-01-23,EUR,1.0808
2016-01-23,GBP,1.43230098
2016-01-23,JPY,0.00845895
2016-01-23,TRY,0.33181874
2016-01-23,USD,1.0
2016-01-24,EUR,1.0808
2016-01-24,GBP,1.43230098
2016-01-24,JPY,0.00845895
2016-01-24,TRY,0.33181874
2016-01-24,USD,1.0
2016-01-25,EUR,1.0815
2016-01-25,GBP,1.42508894
2016-01-25,JPY,0.0084446
2016-01-25,TRY,0.33113901
2016-01-25,USD,1.0
2016-01-26,EUR,1.0837
2016-01-26,GBP,1.42414088
2016-01-26,JPY,0.00845188
2016-01-26,TRY,0.33141686
2016-01-26,USD,1.0
2016-01-27,EUR,1.0888
2016-01-27,GBP,1.43329165
2016-01-27,JPY,0.0084462
2016-01-27,TRY,0.33439803
2016-01-27,USD,1.0
2016-01-28,EUR,1.0903
2016-01-28,GBP,1.43031432
2016-01-28,JPY,0.00841151
2016-01-28,TRY,0.33563183
2016-01-28,USD,1.0
2016-01-29,EUR,1.092
2016-01-29,GBP,1.42913231
2016-01-29,JPY,0.00825709
2016-01-29,TRY,0.33740151
2016-01-29,USD,1.0
2016-01-30,EUR,1.092
2016-01-30,GBP,1.42913231
2016-01-30,JPY,0.00825709
2016-01-30,TRY,0.33740151
2016-01-30,USD,1.0
2016-01-31,EUR,1.092
2016-01-31,GBP,1.42913231
2016-01-31,JPY,0.00825709
2016-01-31,TRY,0.33740151
2016-01-31,USD,1.0
2016-02-01,EUR,1.0884
2016-02-01,GBP,1.43022339
2016-02-01,JPY,0.00824608
2016-02-01,TRY,0.33728966
2016-02-01,USD,1.0
2016-02-02,EUR,1.0919
2016-02-02,GBP,1.43936198
2016-02-02,JPY,0.00828201
2016-02-02,TRY,0.33871018
2016-02-02,USD,1.0
2016-02-03,EUR,1.0933
2016-02-03,GBP,1.4513474
2016-02-03,JPY,0.00837265
2016-02-03,TRY,0.34018918
2016-02-03,USD,1.0
2016-02-04,EUR,1.1206
2016-02-04,GBP,1.46301978
2016-02-04,JPY,0.00852232
2016-02-04,TRY,0.3448
2016-02-04,USD,1.0
2016-02-05,EUR,1.1202
2016-02-05,GBP,1.45527769
2016-02-05,JPY,0.00857012
2016-02-05,TRY,0.34469814
2016-02-05,USD,1.0
2016-02-06,EUR,1.1202
2016-02-06,GBP,1.45527769
2016-02-06,JPY,0.00857012
2016-02-06,TRY,0.34469814
2016-02-06,USD,1.0
2016-02-07,EUR,1.1202
2016-02-07,GBP,1.45527769
2016-02-07,JPY,0.00857012
2016-02-07,TRY,0.34469814
2016-02-07,USD,1.0
2016-02-08,EUR,1.1101
2016-02-08,GBP,1.4372087
2016-02-08,JPY,0.00859809
2016-02-08,TRY,0.33926225
2016-02-08,USD,1.0
2016-02-09,EUR,1.1236
2016-02-09,GBP,1.44152928
2016-02-09,JPY,0.00870535
2016-02-09,TRY,0.3389033
2016-02-09,USD,1.0
2016-02-10,EUR,1.1257
2016-02-10,GBP,1.45574695
2016-02-10,JPY,0.00869804
2016-02-10,TRY,0.3416907
2016-02-10,USD,1.0
2016-02-11,EUR,1.1347
2016-02-11,GBP,1.44107188
2016-02-11,JPY,0.00891359
2016-02-11,TRY,0.34160219
2016-02-11,USD,1.0
2016-02-12,EUR,1.1275
2016-02-12,GBP,1.4504406
2016-02-12,JPY,0.00887306
2016-02-12,TRY,0.34135634
2016-02-12,USD,1.0
2016-02-13,EUR,1.1275
2016-02-13,GBP,1.4504406
2016-02-13,JPY,0.00887306
2016-02-13,TRY,0.34135634
2016-02-13,USD,1.0
2016-02-14,EUR,1.1275
2016-02-14,GBP,1.4504406
2016-02-14,JPY,0.00887306
2016-02-14,TRY,0.34135634
2016-02-14,USD,1.0
2016-02-15,EUR,1.118
2016-02-15,GBP,1.44818653
2016-02-15,JPY,0.00876176
2016-02-15,TRY,0.33973502
2016-02-15,USD,1.0
2016-02-16,EUR,1.1166
2016-02-16,GBP,1.43928848
2016-02-16,JPY,0.00879074
2016-02-16,TRY,0.33812797
2016-02-16,USD,1.0
2016-02-17,EUR,1.1136
2016-02-17,GBP,1.43071883
2016-02-17,JPY,0.00876161
2016-02-17,TRY,0.33785383
2016-02-17,USD,1.0
2016-02-18,EUR,1.1084
2016-02-18,GBP,1.43681215
2016-02-18,JPY,0.00878497
2016-02-18,TRY,0.33706362
2016-02-18,USD,1.0
2016-02-19,EUR,1.1096
2016-02-19,GBP,1.42778099
2016-02-19,JPY,0.00884848
2016-02-19,TRY,0.33723369
2016-02-19,USD,1.0
2016-02-20,EUR,1.1096
2016-02-20,GBP,1.42778099
2016-02-20,JPY,0.00884848
2016-02-20,TRY,0.33723369
2016-02-20,USD,1.0
2016-02-21,EUR,1.1096
2016-02-21,GBP,1.42778099
2016-02-21,JPY,0.00884848
2016-02-21,TRY,0.33723369
2016-02-21,USD,1.0
2016-02-22,EUR,1.1026
2016-02-22,GBP,1.40919955
2016-02-22,JPY,0.0088314
2016-02-22,TRY,0.33913632
2016-02-22,USD,1.0
2016-02-23,EUR,1.1002
2016-02-23,GBP,1.41078413
2016-02-23,JPY,0.008936
2016-02-23,TRY,0.34064029
2016-02-23,USD,1.0
2016-02-24,EUR,1.0981
2016-02-24,GBP,1.39114461
2016-02-24,JPY,0.00893782
2016-02-24,TRY,0.33959055
2016-02-24,USD,1.0
2016-02-25,EUR,1.1027
2016-02-25,GBP,1.39723771
2016-02-25,JPY,0.00889202
2016-02-25,TRY,0.34194369
2016-02-25,USD,1.0
2016-02-26,EUR,1.1006
2016-02-26,GBP,1.39767604
2016-02-26,JPY,0.00884584
2016-02-26,TRY,0.34024794
2016-02-26,USD,1.0
2016-02-27,EUR,1.1006
2016-02-27,GBP,1.39767604
2016-02-27,JPY,0.00884584
2016-02-27,TRY,0.34024794
2016-02-27,USD,1.0
2016-02-28,EUR,1.1006
2016-02-28,GBP,1.39767604
2016-02-28,JPY,0.00884584
2016-02-28,TRY,0.34024794
2016-02-28,USD,1.0
2016-02-29,EUR,1.0888
2016-02-29,GBP,1.3855943
2016-02-29,JPY,0.00884197
2016-02-29,TRY,0.3373718
2016-02-29,USD,1.0
2016-03-01,EUR,1.0872
2016-03-01,GBP,1.39742931
2016-03-01,JPY,0.00884334
2016-03-01,TRY,0.33880769
2016-03-01,USD,1.0
2016-03-02,EUR,1.0856
2016-03-02,GBP,1.40240279
2016-03-02,JPY,0.0087499
2016-03-02,TRY,0.34028148
2016-03-02,USD,1.0
2016-03-03,EUR,1.0901
2016-03-03,GBP,1.40776135
2016-03-03,JPY,0.00877485
2016-03-03,TRY,0.34151003
2016-03-03,USD,1.0
2016-03-04,EUR,1.097
2016-03-04,GBP,1.41579443
2016-03-04,JPY,0.00879218
2016-03-04,TRY,0.3425235
2016-03-04,USD,1.0
2016-03-05,EUR,1.097
2016-03-05,GBP,1.41579443
2016-03-05,JPY,0.00879218
2016-03-05,TRY,0.3425235
2016-03-05,USD,1.0
2016-03-06,EUR,1.097
2016-03-06,GBP,1.41579443
2016-03-06,JPY,0.00879218
2016-03-06,TRY,0.3425235
2016-03-06,USD,1.0
2016-03-07,EUR,1.0953
2016-03-07,GBP,1.41442186
2016-03-07,JPY,0.00880112
2016-03-07,TRY,0.34213157
2016-03-07,USD,1.0
2016-03-08,EUR,1.1028
2016-03-08,GBP,1.42098753
2016-03-08,JPY,0.00885072
2016-03-08,TRY,0.34269733
2016-03-08,USD,1.0
2016-03-09,EUR,1.0973
2016-03-09,GBP,1.42257082
2016-03-09,JPY,0.00887568
2016-03-09,TRY,0.34395963
2016-03-09,USD,1.0
2016-03-10,EUR,1.0857
2016-03-10,GBP,1.41499844
2016-03-10,JPY,0.00876483
2016-03-10,TRY,0.34695769
2016-03-10,USD,1.0
2016-03-11,EUR,1.109
2016-03-11,GBP,1.4292158
2016-03-11,JPY,0.00878973
2016-03-11,TRY,0.34777973
2016-03-11,USD,1.0
2016-03-12,EUR,1.109
2016-03-12,GBP,1.4292158
2016-03-12,JPY,0.00878973
2016-03-12,TRY,0.34777973
2016-03-12,USD,1.0
2016-03-13,EUR,1.109
2016-03-13,GBP,1.4292158
2016-03-13,JPY,0.00878973
2016-03-13,TRY,0.34777973
2016-03-13,USD,1.0
2016-03-14,EUR,1.1119
2016-03-14,GBP,1.43604381
2016-03-14,JPY,0.00879946
2016-03-14,TRY,0.3469375
2016-03-14,USD,1.0
2016-03-15,EUR,1.1109
2016-03-15,GBP,1.41772378
2016-03-15,JPY,0.00886168
2016-03-15,TRY,0.34577316
2016-03-15,USD,1.0
2016-03-16,EUR,1.1064
2016-03-16,GBP,1.40530928
2016-03-16,JPY,0.00880331
2016-03-16,TRY,0.34188245
2016-03-16,USD,1.0
2016-03-17,EUR,1.1311
2016-03-17,GBP,1.44608658
2016-03-17,JPY,0.00895708
2016-03-17,TRY,0.34947167
2016-03-17,USD,1.0
2016-03-18,EUR,1.1279
2016-03-18,GBP,1.44871877
2016-03-18,JPY,0.00896653
2016-03-18,TRY,0.3500838
2016-03-18,USD,1.0
2016-03-19,EUR,1.1279
2016-03-19,GBP,1.44871877
2016-03-19,JPY,0.00896653
2016-03-19,TRY,0.3500838
2016-03-19,USD,1.0
2016-03-20,EUR,1.1279
2016-03-20,GBP,1.44871877
2016-03-20,JPY,0.00896653
2016-03-20,TRY,0.3500838
2016-03-20,USD,1.0
2016-03-21,EUR,1.1271
2016-03-21,GBP,1.43940845
2016-03-21,JPY,0.0089495
2016-03-21,TRY,0.34867749
2016-03-21,USD,1.0
2016-03-22,EUR,1.1212
2016-03-22,GBP,1.42302323
2016-03-22,JPY,0.00896028
2016-03-22,TRY,0.34755115
2016-03-22,USD,1.0
2016-03-23,EUR,1.1171
2016-03-23,GBP,1.41431917
2016-03-23,JPY,0.00886517
2016-03-23,TRY,0.34788702
2016-03-23,USD,1.0
2016-03-24,EUR,1.1154
2016-03-24,GBP,1.41300768
2016-03-24,JPY,0.00889403
2016-03-24,TRY,0.34736842
2016-03-24,USD,1.0
2016-03-25,EUR,1.1154
2016-03-25,GBP,1.41300768
2016-03-25,JPY,0.00889403
2016-03-25,TRY,0.34736842
2016-03-25,USD,1.0
2016-03-26,EUR,1.1154
2016-03-26,GBP,1.41300768
2016-03-26,JPY,0.00889403
2016-03-26,TRY,0.34736842
2016-03-26,USD,1.0
2016-03-27,EUR,1.1154
2016-03-27,GBP,1.41300768
2016-03-27,JPY,0.00889403
2016-03-27,TRY,0.34736842
2016-03-27,USD,1.0
2016-03-28,EUR,1.1154
2016-03-28,GBP,1.41300768
2016-03-28,JPY,0.00889403
2016-03-28,TRY,0.34736842
2016-03-28,USD,1.0
2016-03-29,EUR,1.1194
2016-03-29,GBP,1.42689611
2016-03-29,JPY,0.00880516
2016-03-29,TRY,0.348625
2016-03-29,USD,1.0
2016-03-30,EUR,1.1324
2016-03-30,GBP,1.44107916
2016-03-30,JPY,0.00889063
2016-03-30,TRY,0.35233354
2016-03-30,USD,1.0
2016-03-31,EUR,1.1385
2016-03-31,GBP,1.43831723
2016-03-31,JPY,0.00890149
2016-03-31,TRY,0.35447413
2016-03-31,USD,1.0
2016-04-01,EUR,1.1432
2016-04-01,GBP,1.43096758
2016-04-01,JPY,0.00892637
2016-04-01,TRY,0.35409633
2016-04-01,USD,1.0
2016-04-02,EUR,1.1432
2016-04-02,GBP,1.43096758
2016-04-02,JPY,0.00892637
2016-04-02,TRY,0.35409633
2016-04-02,USD,1.0
2016-04-03,EUR,1.1432
2016-04-03,GBP,1.43096758
2016-04-03,JPY,0.00892637
2016-04-03,TRY,0.35409633
2016-04-03,USD,1.0
2016-04-04,EUR,1.138
2016-04-04,GBP,1.42717399
2016-04-04,JPY,0.00896275
2016-04-04,TRY,0.35615924
2016-04-04,USD,1.0
2016-04-05,EUR,1.1367
2016-04-05,GBP,1.41803892
2016-04-05,JPY,0.00903505
2016-04-05,TRY,0.35339655
2016-04-05,USD,1.0
2016-04-06,EUR,1.1336
2016-04-06,GBP,1.4028314
2016-04-06,JPY,0.00905938
2016-04-06,TRY,0.35049315
2016-04-06,USD,1.0
2016-04-07,EUR,1.1364
2016-04-07,GBP,1.40769002
2016-04-07,JPY,0.00922777
2016-04-07,TRY,0.35051356
2016-04-07,USD,1.0
2016-04-08,EUR,1.1363
2016-04-08,GBP,1.40753128
2016-04-08,JPY,0.00921125
2016-04-08,TRY,0.35054759
2016-04-08,USD,1.0
2016-04-09,EUR,1.1363
2016-04-09,GBP,1.40753128
2016-04-09,JPY,0.00921125
2016-04-09,TRY,0.35054759
2016-04-09,USD,1.0
2016-04-10,EUR,1.1363
2016-04-10,GBP,1.40753128
2016-04-10,JPY,0.00921125
2016-04-10,TRY,0.35054759
2016-04-10,USD,1.0
2016-04-11,EUR,1.139
2016-04-11,GBP,1.42268299
2016-04-11,JPY,0.00923913
2016-04-11,TRY,0.35328784
2016-04-11,USD,1.0
2016-04-12,EUR,1.1396
2016-04-12,GBP,1.42735471
2016-04-12,JPY,0.00923202
2016-04-12,TRY,0.35310157
2016-04-12,USD,1.0
2016-04-13,EUR,1.1298
2016-04-13,GBP,1.423137
2016-04-13,JPY,0.0091504
2016-04-13,TRY,0.35022784
2016-04-13,USD,1.0
2016-04-14,EUR,1.1252
2016-04-14,GBP,1.41427853
2016-04-14,JPY,0.00914128
2016-04-14,TRY,0.34940844
2016-04-14,USD,1.0
2016-04-15,EUR,1.1284
2016-04-15,GBP,1.4180333
2016-04-15,JPY,0.0091807
2016-04-15,TRY,0.35030423
2016-04-15,USD,1.0
2016-04-16,EUR,1.1284
2016-04-16,GBP,1.4180333
2016-04-16,JPY,0.0091807
2016-04-16,TRY,0.35030423
2016-04-16,USD,1.0
2016-04-17,EUR,1.1284
2016-04-17,GBP,1.4180333
2016-04-17,JPY,0.0091807
2016-04-17,TRY,0.35030423
2016-04-17,USD,1.0
2016-04-18,EUR,1.1306
2016-04-18,GBP,1.41714715
2016-04-18,JPY,0.00924297
2016-04-18,TRY,0.35056277
2016-04-18,USD,1.0
2016-04-19,EUR,1.1343
2016-04-19,GBP,1.4362773
2016-04-19,JPY,0.00914021
2016-04-19,TRY,0.35296863
2016-04-19,USD,1.0
2016-04-20,EUR,1.1379
2016-04-20,GBP,1.43855879
2016-04-20,JPY,0.00916184
2016-04-20,TRY,0.35547156
2016-04-20,USD,1.0
2016-04-21,EUR,1.1355
2016-04-21,GBP,1.44294918
2016-04-21,JPY,0.00912048
2016-04-21,TRY,0.35526563
2016-04-21,USD,1.0
2016-04-22,EUR,1.1263
2016-04-22,GBP,1.4377992
2016-04-22,JPY,0.0090205
2016-04-22,TRY,0.35322712
2016-04-22,USD,1.0
2016-04-23,EUR,1.1263
2016-04-23,GBP,1.4377992
2016-04-23,JPY,0.0090205
2016-04-23,TRY,0.35322712
2016-04-23,USD,1.0
2016-04-24,EUR,1.1263
2016-04-24,GBP,1.4377992
2016-04-24,JPY,0.0090205
2016-04-24,TRY,0.35322712
2016-04-24,USD,1.0
2016-04-25,EUR,1.1264
2016-04-25,GBP,1.45079856
2016-04-25,JPY,0.00901481
2016-04-25,TRY,0.35118788
2016-04-25,USD,1.0
2016-04-26,EUR,1.1287
2016-04-26,GBP,1.45670663
2016-04-26,JPY,0.00899721
2016-04-26,TRY,0.35325968
2016-04-26,USD,1.0
2016-04-27,EUR,1.1303
2016-04-27,GBP,1.45892223
2016-04-27,JPY,0.00898561
2016-04-27,TRY,0.35423718
2016-04-27,USD,1.0
2016-04-28,EUR,1.1358
2016-04-28,GBP,1.45918446
2016-04-28,JPY,0.00924617
2016-04-28,TRY,0.35534837
2016-04-28,USD,1.0
2016-04-29,EUR,1.1403
2016-04-29,GBP,1.46145466
2016-04-29,JPY,0.00932075
2016-04-29,TRY,0.35708023
2016-04-29,USD,1.0
2016-04-30,EUR,1.1403
2016-04-30,GBP,1.46145466
2016-04-30,JPY,0.00932075
2016-04-30,TRY,0.35708023
2016-04-30,USD,1.0
2016-05-01,EUR,1.1403
2016-05-01,GBP,1.46145466
2016-05-01,JPY,0.00932075
2016-05-01,TRY,0.35708023
2016-05-01,USD,1.0
2016-05-02,EUR,1.1493
2016-05-02,GBP,1.46879153
2016-05-02,JPY,0.00938434
2016-05-02,TRY,0.3582606
2016-05-02,USD,1.0
2016-05-03,EUR,1.1569
2016-05-03,GBP,1.46252355
2016-05-03,JPY,0.00944177
2016-05-03,TRY,0.35359741
2016-05-03,USD,1.0
2016-05-04,EUR,1.1505
2016-05-04,GBP,1.45111246
2016-05-04,JPY,0.00938265
2016-05-04,TRY,0.34977047
2016-05-04,USD,1.0
2016-05-05,EUR,1.1439
2016-05-05,GBP,1.45054527
2016-05-05,JPY,0.0093372
2016-05-05,TRY,0.34490141
2016-05-05,USD,1.0
2016-05-06,EUR,1.1427
2016-05-06,GBP,1.44920736
2016-05-06,JPY,0.00934877
2016-05-06,TRY,0.34250517
2016-05-06,USD,1.0
2016-05-07,EUR,1.1427
2016-05-07,GBP,1.44920736
2016-05-07,JPY,0.00934877
2016-05-07,TRY,0.34250517
2016-05-07,USD,1.0
2016-05-08,EUR,1.1427
2016-05-08,GBP,1.44920736
2016-05-08,JPY,0.00934877
2016-05-08,TRY,0.34250517
2016-05-08,USD,1.0
2016-05-09,EUR,1.1395
2016-05-09,GBP,1.44244158
2016-05-09,JPY,0.00923495
2016-05-09,TRY,0.34069844
2016-05-09,USD,1.0
2016-05-10,EUR,1.1375
2016-05-10,GBP,1.44426105
2016-05-10,JPY,0.00916452
2016-05-10,TRY,0.34005979
2016-05-10,USD,1.0
2016-05-11,EUR,1.1409
2016-05-11,GBP,1.44494541
2016-05-11,JPY,0.00919413
2016-05-11,TRY,0.33753439
2016-05-11,USD,1.0
2016-05-12,EUR,1.1389
2016-05-12,GBP,1.44369232
2016-05-12,JPY,0.00914779
2016-05-12,TRY,0.33927135
2016-05-12,USD,1.0
2016-05-13,EUR,1.1348
2016-05-13,GBP,1.4408695
2016-05-13,JPY,0.0091842
2016-05-13,TRY,0.33734653
2016-05-13,USD,1.0
2016-05-14,EUR,1.1348
2016-05-14,GBP,1.4408695
2016-05-14,JPY,0.0091842
2016-05-14,TRY,0.33734653
2016-05-14,USD,1.0
2016-05-15,EUR,1.1348
2016-05-15,GBP,1.4408695
2016-05-15,JPY,0.0091842
2016-05-15,TRY,0.33734653
2016-05-15,USD,1.0
2016-05-16,EUR,1.1324
2016-05-16,GBP,1.43705584
2016-05-16,JPY,0.00918634
2016-05-16,TRY,0.33542654
2016-05-16,USD,1.0
2016-05-17,EUR,1.1318
2016-05-17,GBP,1.44824056
2016-05-17,JPY,0.00913257
2016-05-17,TRY,0.33709605
2016-05-17,USD,1.0
2016-05-18,EUR,1.1279
2016-05-18,GBP,1.45563657
2016-05-18,JPY,0.00914168
2016-05-18,TRY,0.33509611
2016-05-18,USD,1.0
2016-05-19,EUR,1.1197
2016-05-19,GBP,1.46203565
2016-05-19,JPY,0.00909069
2016-05-19,TRY,0.33396964
2016-05-19,USD,1.0
2016-05-20,EUR,1.1219
2016-05-20,GBP,1.45686162
2016-05-20,JPY,0.00906147
2016-05-20,TRY,0.33513562
2016-05-20,USD,1.0
2016-05-21,EUR,1.1219
2016-05-21,GBP,1.45686162
2016-05-21,JPY,0.00906147
2016-05-21,TRY,0.33513562
2016-05-21,USD,1.0
2016-05-22,EUR,1.1219
2016-05-22,GBP,1.45686162
2016-05-22,JPY,0.00906147
2016-05-22,TRY,0.33513562
2016-05-22,USD,1.0
2016-05-23,EUR,1.1215
2016-05-23,GBP,1.44816187
2016-05-23,JPY,0.00914018
2016-05-23,TRY,0.33482609
2016-05-23,USD,1.0
2016-05-24,EUR,1.1168
2016-05-24,GBP,1.45962124
2016-05-24,JPY,0.00911227
2016-05-24,TRY,0.33806569
2016-05-24,USD,1.0
2016-05-25,EUR,1.1146
2016-05-25,GBP,1.46802766
2016-05-25,JPY,0.00907729
2016-05-25,TRY,0.33894903
2016-05-25,USD,1.0
2016-05-26,EUR,1.1168
2016-05-26,GBP,1.47005397
2016-05-26,JPY,0.00908485
2016-05-26,TRY,0.34107012
2016-05-26,USD,1.0
2016-05-27,EUR,1.1168
2016-05-27,GBP,1.46475179
2016-05-27,JPY,0.00911971
2016-05-27,TRY,0.33916424
2016-05-27,USD,1.0
2016-05-28,EUR,1.1168
2016-05-28,GBP,1.46475179
2016-05-28,JPY,0.00911971
2016-05-28,TRY,0.33916424
2016-05-28,USD,1.0
2016-05-29,EUR,1.1168
2016-05-29,GBP,1.46475179
2016-05-29,JPY,0.00911971
2016-05-29,TRY,0.33916424
2016-05-29,USD,1.0
2016-05-30,EUR,1.1139
2016-05-30,GBP,1.46325123
2016-05-30,JPY,0.00899394
2016-05-30,TRY,0.33824244
2016-05-30,USD,1.0
2016-05-31,EUR,1.1154
2016-05-31,GBP,1.46406773
2016-05-31,JPY,0.00900751
2016-05-31,TRY,0.33874935
2016-05-31,USD,1.0
2016-06-01,EUR,1.1174
2016-06-01,GBP,1.44445306
2016-06-01,JPY,0.00915376
2016-06-01,TRY,0.33924343
2016-06-01,USD,1.0
2016-06-02,EUR,1.1188
2016-06-02,GBP,1.44669296
2016-06-02,JPY,0.0091735
2016-06-02,TRY,0.33930792
2016-06-02,USD,1.0
2016-06-03,EUR,1.1154
2016-06-03,GBP,1.4432296
2016-06-03,JPY,0.00918251
2016-06-03,TRY,0.33900675
2016-06-03,USD,1.0
2016-06-04,EUR,1.1154
2016-06-04,GBP,1.4432296
2016-06-04,JPY,0.00918251
2016-06-04,TRY,0.33900675
2016-06-04,USD,1.0
2016-06-05,EUR,1.1154
2016-06-05,GBP,1.4432296
2016-06-05,JPY,0.00918251
2016-06-05,TRY,0.33900675
2016-06-05,USD,1.0
2016-06-06,EUR,1.1349
2016-06-06,GBP,1.44169207
2016-06-06,JPY,0.00933459
2016-06-06,TRY,0.34376325
2016-06-06,USD,1.0
2016-06-07,EUR,1.1348
2016-06-07,GBP,1.45711351
2016-06-07,JPY,0.00928946
2016-06-07,TRY,0.34495547
2016-06-07,USD,1.0
2016-06-08,EUR,1.1378
2016-06-08,GBP,1.45782083
2016-06-08,JPY,0.00934384
2016-06-08,TRY,0.34690082
2016-06-08,USD,1.0
2016-06-09,EUR,1.1343
2016-06-09,GBP,1.4461103
2016-06-09,JPY,0.00939612
2016-06-09,TRY,0.3452968
2016-06-09,USD,1.0
2016-06-10,EUR,1.1304
2016-06-10,GBP,1.44036697
2016-06-10,JPY,0.00935839
2016-06-10,TRY,0.34260775
2016-06-10,USD,1.0
2016-06-11,EUR,1.1304
2016-06-11,GBP,1.44036697
2016-06-11,JPY,0.00935839
2016-06-11,TRY,0.34260775
2016-06-11,USD,1.0
2016-06-12,EUR,1.1304
2016-06-12,GBP,1.44036697
2016-06-12,JPY,0.00935839
2016-06-12,TRY,0.34260775
2016-06-12,USD,1.0
2016-06-13,EUR,1.1268
2016-06-13,GBP,1.41709111
2016-06-13,JPY,0.0094285
2016-06-13,TRY,0.34208689
2016-06-13,USD,1.0
2016-06-14,EUR,1.1225
2016-06-14,GBP,1.41234052
2016-06-14,JPY,0.00943436
2016-06-14,TRY,0.34133066
2016-06-14,USD,1.0
2016-06-15,EUR,1.123
2016-06-15,GBP,1.41868162
2016-06-15,JPY,0.00941403
2016-06-15,TRY,0.34128552
2016-06-15,USD,1.0
2016-06-16,EUR,1.1174
2016-06-16,GBP,1.41383979
2016-06-16,JPY,0.00957908
2016-06-16,TRY,0.34062919
2016-06-16,USD,1.0
2016-06-17,EUR,1.1254
2016-06-17,GBP,1.42871652
2016-06-17,JPY,0.00959093
2016-06-17,TRY,0.34115436
2016-06-17,USD,1.0
2016-06-18,EUR,1.1254
2016-06-18,GBP,1.42871652
2016-06-18,JPY,0.00959093
2016-06-18,TRY,0.34115436
2016-06-18,USD,1.0
2016-06-19,EUR,1.1254
2016-06-19,GBP,1.42871652
2016-06-19,JPY,0.00959093
2016-06-19,TRY,0.34115436
2016-06-19,USD,1.0
2016-06-20,EUR,1.1332
2016-06-20,GBP,1.46455574
2016-06-20,JPY,0.00955722
2016-06-20,TRY,0.34526675
2016-06-20,USD,1.0
2016-06-21,EUR,1.1314
2016-06-21,GBP,1.47404078
2016-06-21,JPY,0.00955655
2016-06-21,TRY,0.3450337
2016-06-21,USD,1.0
2016-06-22,EUR,1.1283
2016-06-22,GBP,1.46927454
2016-06-22,JPY,0.00956105
2016-06-22,TRY,0.34451908
2016-06-22,USD,1.0
2016-06-23,EUR,1.1389
2016-06-23,GBP,1.48691168
2016-06-23,JPY,0.00946087
2016-06-23,TRY,0.34837269
2016-06-23,USD,1.0
2016-06-24,EUR,1.1066
2016-06-24,GBP,1.37040248
2016-06-24,JPY,0.00977303
2016-06-24,TRY,0.3409434
2016-06-24,USD,1.0
2016-06-25,EUR,1.1066
2016-06-25,GBP,1.37040248
2016-06-25,JPY,0.00977303
2016-06-25,TRY,0.3409434
2016-06-25,USD,1.0
2016-06-26,EUR,1.1066
2016-06-26,GBP,1.37040248
2016-06-26,JPY,0.00977303
2016-06-26,TRY,0.3409434
2016-06-26,USD,1.0
2016-06-27,EUR,1.0998
2016-06-27,GBP,1.31870504
2016-06-27,JPY,0.00983721
2016-06-27,TRY,0.33959118
2016-06-27,USD,1.0
2016-06-28,EUR,1.1073
2016-06-28,GBP,1.33861219
2016-06-28,JPY,0.00976455
2016-06-28,TRY,0.34387131
2016-06-28,USD,1.0
2016-06-29,EUR,1.109
2016-06-29,GBP,1.34342823
2016-06-29,JPY,0.00974089
2016-06-29,TRY,0.34487048
2016-06-29,USD,1.0
2016-06-30,EUR,1.1102
2016-06-30,GBP,1.34325469
2016-06-30,JPY,0.00973433
2016-06-30,TRY,0.34628821
2016-06-30,USD,1.0
2016-07-01,EUR,1.1135
2016-07-01,GBP,1.32828343
2016-07-01,JPY,0.00974276
2016-07-01,TRY,0.34713346
2016-07-01,USD,1.0
2016-07-02,EUR,1.1135
2016-07-02,GBP,1.32828343
2016-07-02,JPY,0.00974276
2016-07-02,TRY,0.34713346
2016-07-02,USD,1.0
2016-07-03,EUR,1.1135
2016-07-03,GBP,1.32828343
2016-07-03,JPY,0.00974276
2016-07-03,TRY,0.34713346
2016-07-03,USD,1.0
2016-07-04,EUR,1.1138
2016-07-04,GBP,1.32745367
2016-07-04,JPY,0.00974538
2016-07-04,TRY,0.34500062
2016-07-04,USD,1.0
2016-07-05,EUR,1.1146
2016-07-05,GBP,1.3113404
2016-07-05,JPY,0.00982026
2016-07-05,TRY,0.34242704
2016-07-05,USD,1.0
2016-07-06,EUR,1.1069
2016-07-06,GBP,1.29765533
2016-07-06,JPY,0.00992914
2016-07-06,TRY,0.3392485
2016-07-06,USD,1.0
2016-07-07,EUR,1.108
2016-07-07,GBP,1.30222718
2016-07-07,JPY,0.0099017
2016-07-07,TRY,0.34125909
2016-07-07,USD,1.0
2016-07-08,EUR,1.107
2016-07-08,GBP,1.29864036
2016-07-08,JPY,0.00995772
2016-07-08,TRY,0.34164558
2016-07-08,USD,1.0
2016-07-09,EUR,1.107
2016-07-09,GBP,1.29864036
2016-07-09,JPY,0.00995772
2016-07-09,TRY,0.34164558
2016-07-09,USD,1.0
2016-07-10,EUR,1.107
2016-07-10,GBP,1.29864036
2016-07-10,JPY,0.00995772
2016-07-10,TRY,0.34164558
2016-07-10,USD,1.0
2016-07-11,EUR,1.1049
2016-07-11,GBP,1.29840065
2016-07-11,JPY,0.00975801
2016-07-11,TRY,0.34499016
2016-07-11,USD,1.0
2016-07-12,EUR,1.1092
2016-07-12,GBP,1.31616731
2016-07-12,JPY,0.00962096
2016-07-12,TRY,0.34632197
2016-07-12,USD,1.0
2016-07-13,EUR,1.1072
2016-07-13,GBP,1.32760977
2016-07-13,JPY,0.00955966
2016-07-13,TRY,0.34549256
2016-07-13,USD,1.0
2016-07-14,EUR,1.1157
2016-07-14,GBP,1.33919891
2016-07-14,JPY,0.00946471
2016-07-14,TRY,0.34624337
2016-07-14,USD,1.0
2016-07-15,EUR,1.1128
2016-07-15,GBP,1.33629541
2016-07-15,JPY,0.00946017
2016-07-15,TRY,0.34639689
2016-07-15,USD,1.0
2016-07-16,EUR,1.1128
2016-07-16,GBP,1.33629541
2016-07-16,JPY,0.00946017
2016-07-16,TRY,0.34639689
2016-07-16,USD,1.0
2016-07-17,EUR,1.1128
2016-07-17,GBP,1.33629541
2016-07-17,JPY,0.00946017
2016-07-17,TRY,0.34639689
2016-07-17,USD,1.0
2016-07-18,EUR,1.1053
2016-07-18,GBP,1.32574485
2016-07-18,JPY,0.00946156
2016-07-18,TRY,0.33821909
2016-07-18,USD,1.0
2016-07-19,EUR,1.1035
2016-07-19,GBP,1.3144729
2016-07-19,JPY,0.00941553
2016-07-19,TRY,0.33563477
2016-07-19,USD,1.0
2016-07-20,EUR,1.1013
2016-07-20,GBP,1.31726571
2016-07-20,JPY,0.00938635
2016-07-20,TRY,0.32910976
2016-07-20,USD,1.0
2016-07-21,EUR,1.1015
2016-07-21,GBP,1.31766254
2016-07-21,JPY,0.00941051
2016-07-21,TRY,0.32549275
2016-07-21,USD,1.0
2016-07-22,EUR,1.1014
2016-07-22,GBP,1.30950682
2016-07-22,JPY,0.00942495
2016-07-22,TRY,0.32818832
2016-07-22,USD,1.0
2016-07-23,EUR,1.1014
2016-07-23,GBP,1.30950682
2016-07-23,JPY,0.00942495
2016-07-23,TRY,0.32818832
2016-07-23,USD,1.0
2016-07-24,EUR,1.1014
2016-07-24,GBP,1.30950682
2016-07-24,JPY,0.00942495
2016-07-24,TRY,0.32818832
2016-07-24,USD,1.0
2016-07-25,EUR,1.0982
2016-07-25,GBP,1.31253735
2016-07-25,JPY,0.00941529
2016-07-25,TRY,0.33001773
2016-07-25,USD,1.0
2016-07-26,EUR,1.0997
2016-07-26,GBP,1.31370207
2016-07-26,JPY,0.00959013
2016-07-26,TRY,0.32819028
2016-07-26,USD,1.0
2016-07-27,EUR,1.0991
2016-07-27,GBP,1.31040238
2016-07-27,JPY,0.00945625
2016-07-27,TRY,0.32885525
2016-07-27,USD,1.0
2016-07-28,EUR,1.109
2016-07-28,GBP,1.31678936
2016-07-28,JPY,0.00954882
2016-07-28,TRY,0.33113374
2016-07-28,USD,1.0
2016-07-29,EUR,1.1113
2016-07-29,GBP,1.31670616
2016-07-29,JPY,0.00967778
2016-07-29,TRY,0.33150374
2016-07-29,USD,1.0
2016-07-30,EUR,1.1113
2016-07-30,GBP,1.31670616
2016-07-30,JPY,0.00967778
2016-07-30,TRY,0.33150374
2016-07-30,USD,1.0
2016-07-31,EUR,1.1113
2016-07-31,GBP,1.31670616
2016-07-31,JPY,0.00967778
2016-07-31,TRY,0.33150374
2016-07-31,USD,1.0
2016-08-01,EUR,1.1164
2016-08-01,GBP,1.32055832
2016-08-01,JPY,0.00976899
2016-08-01,TRY,0.33401149
2016-08-01,USD,1.0
2016-08-02,EUR,1.1193
2016-08-02,GBP,1.32760052
2016-08-02,JPY,0.0098426
2016-08-02,TRY,0.33399976
2016-08-02,USD,1.0
2016-08-03,EUR,1.12
2016-08-03,GBP,1.33476344
2016-08-03,JPY,0.00989225
2016-08-03,TRY,0.33193053
2016-08-03,USD,1.0
2016-08-04,EUR,1.1136
2016-08-04,GBP,1.31626538
2016-08-04,JPY,0.00988461
2016-08-04,TRY,0.33079848
2016-08-04,USD,1.0
2016-08-05,EUR,1.1156
2016-08-05,GBP,1.31541092
2016-08-05,JPY,0.00989621
2016-08-05,TRY,0.33330346
2016-08-05,USD,1.0
2016-08-06,EUR,1.1156
2016-08-06,GBP,1.31541092
2016-08-06,JPY,0.00989621
2016-08-06,TRY,0.33330346
2016-08-06,USD,1.0
2016-08-07,EUR,1.1156
2016-08-07,GBP,1.31541092
2016-08-07,JPY,0.00989621
2016-08-07,TRY,0.33330346
2016-08-07,USD,1.0
2016-08-08,EUR,1.1087
2016-08-08,GBP,1.30504385
2016-08-08,JPY,0.00976054
2016-08-08,TRY,0.33513693
2016-08-08,USD,1.0
2016-08-09,EUR,1.1078
2016-08-09,GBP,1.29720489
2016-08-09,JPY,0.00978017
2016-08-09,TRY,0.33554445
2016-08-09,USD,1.0
2016-08-10,EUR,1.1184
2016-08-10,GBP,1.30744321
2016-08-10,JPY,0.00988947
2016-08-10,TRY,0.33860127
2016-08-10,USD,1.0
2016-08-11,EUR,1.1153
2016-08-11,GBP,1.29628769
2016-08-11,JPY,0.00986555
2016-08-11,TRY,0.3374584
2016-08-11,USD,1.0
2016-08-12,EUR,1.1158
2016-08-12,GBP,1.29668797
2016-08-12,JPY,0.00980751
2016-08-12,TRY,0.33814171
2016-08-12,USD,1.0
2016-08-13,EUR,1.1158
2016-08-13,GBP,1.29668797
2016-08-13,JPY,0.00980751
2016-08-13,TRY,0.33814171
2016-08-13,USD,1.0
2016-08-14,EUR,1.1158
2016-08-14,GBP,1.29668797
2016-08-14,JPY,0.00980751
2016-08-14,TRY,0.33814171
2016-08-14,USD,1.0
2016-08-15,EUR,1.118
2016-08-15,GBP,1.28984621
2016-08-15,JPY,0.00989643
2016-08-15,TRY,0.33871603
2016-08-15,USD,1.0
2016-08-16,EUR,1.1295
2016-08-16,GBP,1.29738112
2016-08-16,JPY,0.01001863
2016-08-16,TRY,0.34180663
2016-08-16,USD,1.0
2016-08-17,EUR,1.1276
2016-08-17,GBP,1.30147738
2016-08-17,JPY,0.00993218
2016-08-17,TRY,0.3408088
2016-08-17,USD,1.0
2016-08-18,EUR,1.1321
2016-08-18,GBP,1.31527889
2016-08-18,JPY,0.00996567
2016-08-18,TRY,0.34094263
2016-08-18,USD,1.0
2016-08-19,EUR,1.1326
2016-08-19,GBP,1.30880433
2016-08-19,JPY,0.00997622
2016-08-19,TRY,0.34050869
2016-08-19,USD,1.0
2016-08-20,EUR,1.1326
2016-08-20,GBP,1.30880433
2016-08-20,JPY,0.00997622
2016-08-20,TRY,0.34050869
2016-08-20,USD,1.0
2016-08-21,EUR,1.1326
2016-08-21,GBP,1.30880433
2016-08-21,JPY,0.00997622
2016-08-21,TRY,0.34050869
2016-08-21,USD,1.0
2016-08-22,EUR,1.1306
2016-08-22,GBP,1.31099258
2016-08-22,JPY,0.00994109
2016-08-22,TRY,0.33986653
2016-08-22,USD,1.0
2016-08-23,EUR,1.1339
2016-08-23,GBP,1.31856503
2016-08-23,JPY,0.00999207
2016-08-23,TRY,0.34105333
2016-08-23,USD,1.0
2016-08-24,EUR,1.1268
2016-08-24,GBP,1.32362269
2016-08-24,JPY,0.0099761
2016-08-24,TRY,0.33848002
2016-08-24,USD,1.0
2016-08-25,EUR,1.129
2016-08-25,GBP,1.31938764
2016-08-25,JPY,0.00995152
2016-08-25,TRY,0.33986574
2016-08-25,USD,1.0
2016-08-26,EUR,1.129
2016-08-26,GBP,1.32124049
2016-08-26,JPY,0.00996206
2016-08-26,TRY,0.34047045
2016-08-26,USD,1.0
2016-08-27,EUR,1.129
2016-08-27,GBP,1.32124049
2016-08-27,JPY,0.00996206
2016-08-27,TRY,0.34047045
2016-08-27,USD,1.0
2016-08-28,EUR,1.129
2016-08-28,GBP,1.32124049
2016-08-28,JPY,0.00996206
2016-08-28,TRY,0.34047045
2016-08-28,USD,1.0
2016-08-29,EUR,1.117
2016-08-29,GBP,1.30679957
2016-08-29,JPY,0.00977766
2016-08-29,TRY,0.33799322
2016-08-29,USD,1.0
2016-08-30,EUR,1.1168
2016-08-30,GBP,1.31125983
2016-08-30,JPY,0.00977334
2016-08-30,TRY,0.33866028
2016-08-30,USD,1.0
2016-08-31,EUR,1.1132
2016-08-31,GBP,1.31264297
2016-08-31,JPY,0.00967916
2016-08-31,TRY,0.33804014
2016-08-31,USD,1.0
2016-09-01,EUR,1.1146
2016-09-01,GBP,1.32611541
2016-09-01,JPY,0.0096427
2016-09-01,TRY,0.33772687
2016-09-01,USD,1.0
2016-09-02,EUR,1.1193
2016-09-02,GBP,1.32838832
2016-09-02,JPY,0.0096633
2016-09-02,TRY,0.33790189
2016-09-02,USD,1.0
2016-09-03,EUR,1.1193
2016-09-03,GBP,1.32838832
2016-09-03,JPY,0.0096633
2016-09-03,TRY,0.33790189
2016-09-03,USD,1.0
2016-09-04,EUR,1.1193
2016-09-04,GBP,1.32838832
2016-09-04,JPY,0.0096633
2016-09-04,TRY,0.33790189
2016-09-04,USD,1.0
2016-09-05,EUR,1.1156
2016-09-05,GBP,1.33376373
2016-09-05,JPY,0.00968067
2016-09-05,TRY,0.33937698
2016-09-05,USD,1.0
2016-09-06,EUR,1.1159
2016-09-06,GBP,1.33584725
2016-09-06,JPY,0.00967068
2016-09-06,TRY,0.33999573
2016-09-06,USD,1.0
2016-09-07,EUR,1.1237
2016-09-07,GBP,1.3382479
2016-09-07,JPY,0.00983717
2016-09-07,TRY,0.34114575
2016-09-07,USD,1.0
2016-09-08,EUR,1.1296
2016-09-08,GBP,1.3358562
2016-09-08,JPY,0.00983972
2016-09-08,TRY,0.34045631
2016-09-08,USD,1.0
2016-09-09,EUR,1.1268
2016-09-09,GBP,1.33257646
2016-09-09,JPY,0.00972637
2016-09-09,TRY,0.33696172
2016-09-09,USD,1.0
2016-09-10,EUR,1.1268
2016-09-10,GBP,1.33257646
2016-09-10,JPY,0.00972637
2016-09-10,TRY,0.33696172
2016-09-10,USD,1.0
2016-09-11,EUR,1.1268
2016-09-11,GBP,1.33257646
2016-09-11,JPY,0.00972637
2016-09-11,TRY,0.33696172
2016-09-11,USD,1.0
2016-09-12,EUR,1.1226
2016-09-12,GBP,1.32891388
2016-09-12,JPY,0.00981465
2016-09-12,TRY,0.33537478
2016-09-12,USD,1.0
2016-09-13,EUR,1.1247
2016-09-13,GBP,1.32687611
2016-09-13,JPY,0.0097817
2016-09-13,TRY,0.33568124
2016-09-13,USD,1.0
2016-09-14,EUR,1.1218
2016-09-14,GBP,1.31855474
2016-09-14,JPY,0.0097235
2016-09-14,TRY,0.33516582
2016-09-14,USD,1.0
2016-09-15,EUR,1.1254
2016-09-15,GBP,1.32092303
2016-09-15,JPY,0.00978779
2016-09-15,TRY,0.33610082
2016-09-15,USD,1.0
2016-09-16,EUR,1.1226
2016-09-16,GBP,1.31755924
2016-09-16,JPY,0.00981723
2016-09-16,TRY,0.33626887
2016-09-16,USD,1.0
2016-09-17,EUR,1.1226
2016-09-17,GBP,1.31755924
2016-09-17,JPY,0.00981723
2016-09-17,TRY,0.33626887
2016-09-17,USD,1.0
2016-09-18,EUR,1.1226
2016-09-18,GBP,1.31755924
2016-09-18,JPY,0.00981723
2016-09-18,TRY,0.33626887
2016-09-18,USD,1.0
2016-09-19,EUR,1.1165
2016-09-19,GBP,1.30584795
2016-09-19,JPY,0.00982402
2016-09-19,TRY,0.33586018
2016-09-19,USD,1.0
2016-09-20,EUR,1.1184
2016-09-20,GBP,1.29725215
2016-09-20,JPY,0.00981655
2016-09-20,TRY,0.33610819
2016-09-20,USD,1.0
2016-09-21,EUR,1.115
2016-09-21,GBP,1.30115645
2016-09-21,JPY,0.00991199
2016-09-21,TRY,0.33616739
2016-09-21,USD,1.0
2016-09-22,EUR,1.1238
2016-09-22,GBP,1.30788478
2016-09-22,JPY,0.00992844
2016-09-22,TRY,0.33897385
2016-09-22,USD,1.0
2016-09-23,EUR,1.1214
2016-09-23,GBP,1.2973911
2016-09-23,JPY,0.00992214
2016-09-23,TRY,0.33921171
2016-09-23,USD,1.0
2016-09-24,EUR,1.1214
2016-09-24,GBP,1.2973911
2016-09-24,JPY,0.00992214
2016-09-24,TRY,0.33921171
2016-09-24,USD,1.0
2016-09-25,EUR,1.1214
2016-09-25,GBP,1.2973911
2016-09-25,JPY,0.00992214
2016-09-25,TRY,0.33921171
2016-09-25,USD,1.0
2016-09-26,EUR,1.1262
2016-09-26,GBP,1.29314502
2016-09-26,JPY,0.00995668
2016-09-26,TRY,0.33554807
2016-09-26,USD,1.0
2016-09-27,EUR,1.122
2016-09-27,GBP,1.29841575
2016-09-27,JPY,0.00997156
2016-09-27,TRY,0.33568693
2016-09-27,USD,1.0
2016-09-28,EUR,1.1225
2016-09-28,GBP,1.30208333
2016-09-28,JPY,0.00993979
2016-09-28,TRY,0.33569591
2016-09-28,USD,1.0
2016-09-29,EUR,1.1221
2016-09-29,GBP,1.3026771
2016-09-29,JPY,0.00985335
2016-09-29,TRY,0.33335314
2016-09-29,USD,1.0
2016-09-30,EUR,1.1161
2016-09-30,GBP,1.29623823
2016-09-30,JPY,0.00986913
2016-09-30,TRY,0.33241005
2016-09-30,USD,1.0
2016-10-01,EUR,1.1161
2016-10-01,GBP,1.29623823
2016-10-01,JPY,0.00986913
2016-10-01,TRY,0.33241005
2016-10-01,USD,1.0
2016-10-02,EUR,1.1161
2016-10-02,GBP,1.29623823
2016-10-02,JPY,0.00986913
2016-10-02,TRY,0.33241005
2016-10-02,USD,1.0
2016-10-03,EUR,1.1236
2016-10-03,GBP,1.28679081
2016-10-03,JPY,0.00986479
2016-10-03,TRY,0.33182718
2016-10-03,USD,1.0
2016-10-04,EUR,1.1161
2016-10-04,GBP,1.27496002
2016-10-04,JPY,0.0097476
2016-10-04,TRY,0.32939822
2016-10-04,USD,1.0
2016-10-05,EUR,1.1211
2016-10-05,GBP,1.27173728
2016-10-05,JPY,0.0096939
2016-10-05,TRY,0.32747189
2016-10-05,USD,1.0
2016-10-06,EUR,1.1185
2016-10-06,GBP,1.26637456
2016-10-06,JPY,0.00964224
2016-10-06,TRY,0.32761196
2016-10-06,USD,1.0
2016-10-07,EUR,1.114
2016-10-07,GBP,1.23294191
2016-10-07,JPY,0.00965003
2016-10-07,TRY,0.32779167
2016-10-07,USD,1.0
2016-10-08,EUR,1.114
2016-10-08,GBP,1.23294191
2016-10-08,JPY,0.00965003
2016-10-08,TRY,0.32779167
2016-10-08,USD,1.0
2016-10-09,EUR,1.114
2016-10-09,GBP,1.23294191
2016-10-09,JPY,0.00965003
2016-10-09,TRY,0.32779167
2016-10-09,USD,1.0
2016-10-10,EUR,1.116
2016-10-10,GBP,1.23903631
2016-10-10,JPY,0.00967155
2016-10-10,TRY,0.32566826
2016-10-10,USD,1.0
2016-10-11,EUR,1.1079
2016-10-11,GBP,1.22782131
2016-10-11,JPY,0.0096423
2016-10-11,TRY,0.3245262
2016-10-11,USD,1.0
2016-10-12,EUR,1.102
2016-10-12,GBP,1.22458051
2016-10-12,JPY,0.00962445
2016-10-12,TRY,0.32374629
2016-10-12,USD,1.0
2016-10-13,EUR,1.1038
2016-10-13,GBP,1.22061263
2016-10-13,JPY,0.00964102
2016-10-13,TRY,0.32278629
2016-10-13,USD,1.0
2016-10-14,EUR,1.1002
2016-10-14,GBP,1.22366811
2016-10-14,JPY,0.00958696
2016-10-14,TRY,0.32388354
2016-10-14,USD,1.0
2016-10-15,EUR,1.1002
2016-10-15,GBP,1.22366811
2016-10-15,JPY,0.00958696
2016-10-15,TRY,0.32388354
2016-10-15,USD,1.0
2016-10-16,EUR,1.1002
2016-10-16,GBP,1.22366811
2016-10-16,JPY,0.00958696
2016-10-16,TRY,0.32388354
2016-10-16,USD,1.0
2016-10-17,EUR,1.0994
2016-10-17,GBP,1.21500801
2016-10-17,JPY,0.0096051
2016-10-17,TRY,0.32319135
2016-10-17,USD,1.0
2016-10-18,EUR,1.0993
2016-10-18,GBP,1.22737677
2016-10-18,JPY,0.00961179
2016-10-18,TRY,0.32258348
2016-10-18,USD,1.0
2016-10-19,EUR,1.0979
2016-10-19,GBP,1.22892834
2016-10-19,JPY,0.00967398
2016-10-19,TRY,0.3255545
2016-10-19,USD,1.0
2016-10-20,EUR,1.098
2016-10-20,GBP,1.22588424
2016-10-20,JPY,0.0096519
2016-10-20,TRY,0.32672737
2016-10-20,USD,1.0
2016-10-21,EUR,1.0886
2016-10-21,GBP,1.21876399
2016-10-21,JPY,0.00963704
2016-10-21,TRY,0.32469353
2016-10-21,USD,1.0
2016-10-22,EUR,1.0886
2016-10-22,GBP,1.21876399
2016-10-22,JPY,0.00963704
2016-10-22,TRY,0.32469353
2016-10-22,USD,1.0
2016-10-23,EUR,1.0886
2016-10-23,GBP,1.21876399
2016-10-23,JPY,0.00963704
2016-10-23,TRY,0.32469353
2016-10-23,USD,1.0
2016-10-24,EUR,1.0891
2016-10-24,GBP,1.22350166
2016-10-24,JPY,0.00961338
2016-10-24,TRY,0.32509477
2016-10-24,USD,1.0
2016-10-25,EUR,1.0872
2016-10-25,GBP,1.22160049
2016-10-25,JPY,0.00956621
2016-10-25,TRY,0.32544078
2016-10-25,USD,1.0
2016-10-26,EUR,1.0925
2016-10-26,GBP,1.22114793
2016-10-26,JPY,0.00958586
2016-10-26,TRY,0.32416474
2016-10-26,USD,1.0
2016-10-27,EUR,1.0927
2016-10-27,GBP,1.22557707
2016-10-27,JPY,0.00955241
2016-10-27,TRY,0.32285419
2016-10-27,USD,1.0
2016-10-28,EUR,1.0922
2016-10-28,GBP,1.21483788
2016-10-28,JPY,0.00948914
2016-10-28,TRY,0.32068824
2016-10-28,USD,1.0
2016-10-29,EUR,1.0922
2016-10-29,GBP,1.21483788
2016-10-29,JPY,0.00948914
2016-10-29,TRY,0.32068824
2016-10-29,USD,1.0
2016-10-30,EUR,1.0922
2016-10-30,GBP,1.21483788
2016-10-30,JPY,0.00948914
2016-10-30,TRY,0.32068824
2016-10-30,USD,1.0
2016-10-31,EUR,1.0946
2016-10-31,GBP,1.21554692
2016-10-31,JPY,0.00952074
2016-10-31,TRY,0.32227293
2016-10-31,USD,1.0
2016-11-01,EUR,1.1025
2016-11-01,GBP,1.2226498
2016-11-01,JPY,0.00953967
2016-11-01,TRY,0.32241556
2016-11-01,USD,1.0
2016-11-02,EUR,1.1095
2016-11-02,GBP,1.23191544
2016-11-02,JPY,0.00967981
2016-11-02,TRY,0.3208502
2016-11-02,USD,1.0
2016-11-03,EUR,1.1064
2016-11-03,GBP,1.24794153
2016-11-03,JPY,0.00968403
2016-11-03,TRY,0.32133833
2016-11-03,USD,1.0
2016-11-04,EUR,1.1093
2016-11-04,GBP,1.24909918
2016-11-04,JPY,0.00971026
2016-11-04,TRY,0.31757801
2016-11-04,USD,1.0
2016-11-05,EUR,1.1093
2016-11-05,GBP,1.24909918
2016-11-05,JPY,0.00971026
2016-11-05,TRY,0.31757801
2016-11-05,USD,1.0
2016-11-06,EUR,1.1093
2016-11-06,GBP,1.24909918
2016-11-06,JPY,0.00971026
2016-11-06,TRY,0.31757801
2016-11-06,USD,1.0
2016-11-07,EUR,1.1062
2016-11-07,GBP,1.24236298
2016-11-07,JPY,0.00958579
2016-11-07,TRY,0.31544428
2016-11-07,USD,1.0
2016-11-08,EUR,1.1038
2016-11-08,GBP,1.23899964
2016-11-08,JPY,0.00954349
2016-11-08,TRY,0.31543452
2016-11-08,USD,1.0
2016-11-09,EUR,1.1022
2016-11-09,GBP,1.23800966
2016-11-09,JPY,0.00962284
2016-11-09,TRY,0.31299162
2016-11-09,USD,1.0
2016-11-10,EUR,1.0895
2016-11-10,GBP,1.24110042
2016-11-10,JPY,0.00935997
2016-11-10,TRY,0.30881519
2016-11-10,USD,1.0
2016-11-11,EUR,1.0904
2016-11-11,GBP,1.26594917
2016-11-11,JPY,0.00940324
2016-11-11,TRY,0.30740605
2016-11-11,USD,1.0
2016-11-12,EUR,1.0904
2016-11-12,GBP,1.26594917
2016-11-12,JPY,0.00940324
2016-11-12,TRY,0.30740605
2016-11-12,USD,1.0
2016-11-13,EUR,1.0904
2016-11-13,GBP,1.26594917
2016-11-13,JPY,0.00940324
2016-11-13,TRY,0.30740605
2016-11-13,USD,1.0
2016-11-14,EUR,1.0777
2016-11-14,GBP,1.25335814
2016-11-14,JPY,0.00926894
2016-11-14,TRY,0.30376571
2016-11-14,USD,1.0
2016-11-15,EUR,1.0765
2016-11-15,GBP,1.24252637
2016-11-15,JPY,0.00923638
2016-11-15,TRY,0.30489705
2016-11-15,USD,1.0
2016-11-16,EUR,1.0702
2016-11-16,GBP,1.24282894
2016-11-16,JPY,0.00912751
2016-11-16,TRY,0.30111702
2016-11-16,USD,1.0
2016-11-17,EUR,1.0717
2016-11-17,GBP,1.24536634
2016-11-17,JPY,0.00915044
2016-11-17,TRY,0.30009521
2016-11-17,USD,1.0
2016-11-18,EUR,1.0629
2016-11-18,GBP,1.23280521
2016-11-18,JPY,0.0090885
2016-11-18,TRY,0.29691603
2016-11-18,USD,1.0
2016-11-19,EUR,1.0629
2016-11-19,GBP,1.23280521
2016-11-19,JPY,0.0090885
2016-11-19,TRY,0.29691603
2016-11-19,USD,1.0
2016-11-20,EUR,1.0629
2016-11-20,GBP,1.23280521
2016-11-20,JPY,0.0090885
2016-11-20,TRY,0.29691603
2016-11-20,USD,1.0
2016-11-21,EUR,1.0631
2016-11-21,GBP,1.24012832
2016-11-21,JPY,0.00904073
2016-11-21,TRY,0.29731241
2016-11-21,USD,1.0
2016-11-22,EUR,1.0617
2016-11-22,GBP,1.2428737
2016-11-22,JPY,0.00901733
2016-11-22,TRY,0.29725341
2016-11-22,USD,1.0
2016-11-23,EUR,1.0602
2016-11-23,GBP,1.24155376
2016-11-23,JPY,0.0089817
2016-11-23,TRY,0.29495882
2016-11-23,USD,1.0
2016-11-24,EUR,1.0548
2016-11-24,GBP,1.24386792
2016-11-24,JPY,0.00883195
2016-11-24,TRY,0.29189728
2016-11-24,USD,1.0
2016-11-25,EUR,1.0592
2016-11-25,GBP,1.24345519
2016-11-25,JPY,0.00884657
2016-11-25,TRY,0.29000904
2016-11-25,USD,1.0
2016-11-26,EUR,1.0592
2016-11-26,GBP,1.24345519
2016-11-26,JPY,0.00884657
2016-11-26,TRY,0.29000904
2016-11-26,USD,1.0
2016-11-27,EUR,1.0592
2016-11-27,GBP,1.24345519
2016-11-27,JPY,0.00884657
2016-11-27,TRY,0.29000904
2016-11-27,USD,1.0
2016-11-28,EUR,1.0588
2016-11-28,GBP,1.24122247
2016-11-28,JPY,0.00887883
2016-11-28,TRY,0.29182515
2016-11-28,USD,1.0
2016-11-29,EUR,1.0576
2016-11-29,GBP,1.24694924
2016-11-29,JPY,0.00885169
2016-11-29,TRY,0.29161497
2016-11-29,USD,1.0
2016-11-30,EUR,1.0635
2016-11-30,GBP,1.24750733
2016-11-30,JPY,0.00882719
2016-11-30,TRY,0.29239525
2016-11-30,USD,1.0
2016-12-01,EUR,1.0627
2016-12-01,GBP,1.2636448
2016-12-01,JPY,0.00875443
2016-12-01,TRY,0.28696803
2016-12-01,USD,1.0
2016-12-02,EUR,1.0642
2016-12-02,GBP,1.26235128
2016-12-02,JPY,0.00878053
2016-12-02,TRY,0.28192969
2016-12-02,USD,1.0
2016-12-03,EUR,1.0642
2016-12-03,GBP,1.26235128
2016-12-03,JPY,0.00878053
2016-12-03,TRY,0.28192969
2016-12-03,USD,1.0
2016-12-04,EUR,1.0642
2016-12-04,GBP,1.26235128
2016-12-04,JPY,0.00878053
2016-12-04,TRY,0.28192969
2016-12-04,USD,1.0
2016-12-05,EUR,1.0702
2016-12-05,GBP,1.27150461
2016-12-05,JPY,0.00874918
2016-12-05,TRY,0.28316664
2016-12-05,USD,1.0
2016-12-06,EUR,1.0734
2016-12-06,GBP,1.27467047
2016-12-06,JPY,0.00877821
2016-12-06,TRY,0.28853287
2016-12-06,USD,1.0
2016-12-07,EUR,1.073
2016-12-07,GBP,1.26094365
2016-12-07,JPY,0.00876491
2016-12-07,TRY,0.29250607
2016-12-07,USD,1.0
2016-12-08,EUR,1.0762
2016-12-08,GBP,1.26619213
2016-12-08,JPY,0.00877742
2016-12-08,TRY,0.2934344
2016-12-08,USD,1.0
2016-12-09,EUR,1.0559
2016-12-09,GBP,1.25799726
2016-12-09,JPY,0.00869197
2016-12-09,TRY,0.28765631
2016-12-09,USD,1.0
2016-12-10,EUR,1.0559
2016-12-10,GBP,1.25799726
2016-12-10,JPY,0.00869197
2016-12-10,TRY,0.28765631
2016-12-10,USD,1.0
2016-12-11,EUR,1.0559
2016-12-11,GBP,1.25799726
2016-12-11,JPY,0.00869197
2016-12-11,TRY,0.28765631
2016-12-11,USD,1.0
2016-12-12,EUR,1.0596
2016-12-12,GBP,1.26293206
2016-12-12,JPY,0.0086364
2016-12-12,TRY,0.28431136
2016-12-12,USD,1.0
2016-12-13,EUR,1.061
2016-12-13,GBP,1.27084132
2016-12-13,JPY,0.00867752
2016-12-13,TRY,0.28712148
2016-12-13,USD,1.0
2016-12-14,EUR,1.0644
2016-12-14,GBP,1.26770125
2016-12-14,JPY,0.00869679
2016-12-14,TRY,0.28670707
2016-12-14,USD,1.0
2016-12-15,EUR,1.0419
2016-12-15,GBP,1.24632168
2016-12-15,JPY,0.00846867
2016-12-15,TRY,0.28281759
2016-12-15,USD,1.0
2016-12-16,EUR,1.0439
2016-12-16,GBP,1.24436762
2016-12-16,JPY,0.00846085
2016-12-16,TRY,0.28521079
2016-12-16,USD,1.0
2016-12-17,EUR,1.0439
2016-12-17,GBP,1.24436762
2016-12-17,JPY,0.00846085
2016-12-17,TRY,0.28521079
2016-12-17,USD,1.0
2016-12-18,EUR,1.0439
2016-12-18,GBP,1.24436762
2016-12-18,JPY,0.00846085
2016-12-18,TRY,0.28521079
2016-12-18,USD,1.0
2016-12-19,EUR,1.0422
2016-12-19,GBP,1.23864987
2016-12-19,JPY,0.00852934
2016-12-19,TRY,0.28528413
2016-12-19,USD,1.0
2016-12-20,EUR,1.0364
2016-12-20,GBP,1.23413275
2016-12-20,JPY,0.00846525
2016-12-20,TRY,0.28417099
2016-12-20,USD,1.0
2016-12-21,EUR,1.0421
2016-12-21,GBP,1.23706078
2016-12-21,JPY,0.00852015
2016-12-21,TRY,0.28467233
2016-12-21,USD,1.0
2016-12-22,EUR,1.0444
2016-12-22,GBP,1.23385906
2016-12-22,JPY,0.00850073
2016-12-22,TRY,0.2847173
2016-12-22,USD,1.0
2016-12-23,EUR,1.0446
2016-12-23,GBP,1.22493492
2016-12-23,JPY,0.00852039
2016-12-23,TRY,0.28483394
2016-12-23,USD,1.0
2016-12-24,EUR,1.0446
2016-12-24,GBP,1.22493492
2016-12-24,JPY,0.00852039
2016-12-24,TRY,0.28483394
2016-12-24,USD,1.0
2016-12-25,EUR,1.0446
2016-12-25,GBP,1.22493492
2016-12-25,JPY,0.00852039
2016-12-25,TRY,0.28483394
2016-12-25,USD,1.0
2016-12-26,EUR,1.0446
2016-12-26,GBP,1.22493492
2016-12-26,JPY,0.00852039
2016-12-26,TRY,0.28483394
2016-12-26,USD,1.0
2016-12-27,EUR,1.0445
2016-12-27,GBP,1.22450176
2016-12-27,JPY,0.00851888
2016-12-27,TRY,0.28400903
2016-12-27,USD,1.0
2016-12-28,EUR,1.0401
2016-12-28,GBP,1.22180716
2016-12-28,JPY,0.00849824
2016-12-28,TRY,0.28200748
2016-12-28,USD,1.0
2016-12-29,EUR,1.0453
2016-12-29,GBP,1.22543962
2016-12-29,JPY,0.00856522
2016-12-29,TRY,0.28307967
2016-12-29,USD,1.0
2016-12-30,EUR,1.0541
2016-12-30,GBP,1.23116634
2016-12-30,JPY,0.00854214
2016-12-30,TRY,0.28433858
2016-12-30,USD,1.0
2016-12-31,EUR,1.0541
2016-12-31,GBP,1.23116634
2016-12-31,JPY,0.00854214
2016-12-31,TRY,0.28433858
2016-12-31,USD,1.0
2017-01-01,EUR,1.0541
2017-01-01,GBP,1.23116634
2017-01-01,JPY,0.00854214
2017-01-01,TRY,0.28433858
2017-01-01,USD,1.0
2017-01-02,EUR,1.0465
2017-01-02,GBP,1.22915198
2017-01-02,JPY,0.00851367
2017-01-02,TRY,0.28219717
2017-01-02,USD,1.0
2017-01-03,EUR,1.0385
2017-01-03,GBP,1.22804943
2017-01-03,JPY,0.00846029
2017-01-03,TRY,0.27870964
2017-01-03,USD,1.0
2017-01-04,EUR,1.0437
2017-01-04,GBP,1.22867738
2017-01-04,JPY,0.00851027
2017-01-04,TRY,0.27916121
2017-01-04,USD,1.0
2017-01-05,EUR,1.0501
2017-01-05,GBP,1.22904963
2017-01-05,JPY,0.00858065
2017-01-05,TRY,0.27619674
2017-01-05,USD,1.0
2017-01-06,EUR,1.0589
2017-01-06,GBP,1.23633944
2017-01-06,JPY,0.00862086
2017-01-06,TRY,0.27643911
2017-01-06,USD,1.0
2017-01-07,EUR,1.0589
2017-01-07,GBP,1.23633944
2017-01-07,JPY,0.00862086
2017-01-07,TRY,0.27643911
2017-01-07,USD,1.0
2017-01-08,EUR,1.0589
2017-01-08,GBP,1.23633944
2017-01-08,JPY,0.00862086
2017-01-08,TRY,0.27643911
2017-01-08,USD,1.0
2017-01-09,EUR,1.0516
2017-01-09,GBP,1.21347796
2017-01-09,JPY,0.00857329
2017-01-09,TRY,0.26819689
2017-01-09,USD,1.0
2017-01-10,EUR,1.0567
2017-01-10,GBP,1.21543593
2017-01-10,JPY,0.00860225
2017-01-10,TRY,0.26475747
2017-01-10,USD,1.0
2017-01-11,EUR,1.0503
2017-01-11,GBP,1.21106947
2017-01-11,JPY,0.00859915
2017-01-11,TRY,0.25776131
2017-01-11,USD,1.0
2017-01-12,EUR,1.0679
2017-01-12,GBP,1.22969036
2017-01-12,JPY,0.00877558
2017-01-12,TRY,0.26486272
2017-01-12,USD,1.0
2017-01-13,EUR,1.0661
2017-01-13,GBP,1.21773199
2017-01-13,JPY,0.00874498
2017-01-13,TRY,0.26397108
2017-01-13,USD,1.0
2017-01-14,EUR,1.0661
2017-01-14,GBP,1.21773199
2017-01-14,JPY,0.00874498
2017-01-14,TRY,0.26397108
2017-01-14,USD,1.0
2017-01-15,EUR,1.0661
2017-01-15,GBP,1.21773199
2017-01-15,JPY,0.00874498
2017-01-15,TRY,0.26397108
2017-01-15,USD,1.0
2017-01-16,EUR,1.0594
2017-01-16,GBP,1.20649599
2017-01-16,JPY,0.00876189
2017-01-16,TRY,0.26447973
2017-01-16,USD,1.0
2017-01-17,EUR,1.0684
2017-01-17,GBP,1.2310174
2017-01-17,JPY,0.00882246
2017-01-17,TRY,0.26341223
2017-01-17,USD,1.0
2017-01-18,EUR,1.0664
2017-01-18,GBP,1.22810452
2017-01-18,JPY,0.00880958
2017-01-18,TRY,0.26415001
2017-01-18,USD,1.0
2017-01-19,EUR,1.0668
2017-01-19,GBP,1.23251112
2017-01-19,JPY,0.00872781
2017-01-19,TRY,0.26181069
2017-01-19,USD,1.0
2017-01-20,EUR,1.0632
2017-01-20,GBP,1.22778451
2017-01-20,JPY,0.00868131
2017-01-20,TRY,0.26145334
2017-01-20,USD,1.0
2017-01-21,EUR,1.0632
2017-01-21,GBP,1.22778451
2017-01-21,JPY,0.00868131
2017-01-21,TRY,0.26145334
2017-01-21,USD,1.0
2017-01-22,EUR,1.0632
2017-01-22,GBP,1.22778451
2017-01-22,JPY,0.00868131
2017-01-22,TRY,0.26145334
2017-01-22,USD,1.0
2017-01-23,EUR,1.0715
2017-01-23,GBP,1.24378976
2017-01-23,JPY,0.00880299
2017-01-23,TRY,0.26408537
2017-01-23,USD,1.0
2017-01-24,EUR,1.0748
2017-01-24,GBP,1.2447018
2017-01-24,JPY,0.00882068
2017-01-24,TRY,0.26561226
2017-01-24,USD,1.0
2017-01-25,EUR,1.0743
2017-01-25,GBP,1.25909778
2017-01-25,JPY,0.00882092
2017-01-25,TRY,0.26150139
2017-01-25,USD,1.0
2017-01-26,EUR,1.07
2017-01-26,GBP,1.2567093
2017-01-26,JPY,0.00874183
2017-01-26,TRY,0.25869781
2017-01-26,USD,1.0
2017-01-27,EUR,1.0681
2017-01-27,GBP,1.25408008
2017-01-27,JPY,0.00868303
2017-01-27,TRY,0.2578955
2017-01-27,USD,1.0
2017-01-28,EUR,1.0681
2017-01-28,GBP,1.25408008
2017-01-28,JPY,0.00868303
2017-01-28,TRY,0.2578955
2017-01-28,USD,1.0
2017-01-29,EUR,1.0681
2017-01-29,GBP,1.25408008
2017-01-29,JPY,0.00868303
2017-01-29,TRY,0.2578955
2017-01-29,USD,1.0
2017-01-30,EUR,1.063
2017-01-30,GBP,1.2515453
2017-01-30,JPY,0.00873029
2017-01-30,TRY,0.26207441
2017-01-30,USD,1.0
2017-01-31,EUR,1.0755
2017-01-31,GBP,1.24905638
2017-01-31,JPY,0.00881991
2017-01-31,TRY,0.26469285
2017-01-31,USD,1.0
2017-02-01,EUR,1.079
2017-02-01,GBP,1.26319979
2017-02-01,JPY,0.00882618
2017-02-01,TRY,0.26588798
2017-02-01,USD,1.0
2017-02-02,EUR,1.0808
2017-02-02,GBP,1.25575127
2017-02-02,JPY,0.0089028
2017-02-02,TRY,0.26761086
2017-02-02,USD,1.0
2017-02-03,EUR,1.0741
2017-02-03,GBP,1.24876472
2017-02-03,JPY,0.00884106
2017-02-03,TRY,0.26773518
2017-02-03,USD,1.0
2017-02-04,EUR,1.0741
2017-02-04,GBP,1.24876472
2017-02-04,JPY,0.00884106
2017-02-04,TRY,0.26773518
2017-02-04,USD,1.0
2017-02-05,EUR,1.0741
2017-02-05,GBP,1.24876472
2017-02-05,JPY,0.00884106
2017-02-05,TRY,0.26773518
2017-02-05,USD,1.0
2017-02-06,EUR,1.0712
2017-02-06,GBP,1.24630599
2017-02-06,JPY,0.00890589
2017-02-06,TRY,0.27185057
2017-02-06,USD,1.0
2017-02-07,EUR,1.0675
2017-02-07,GBP,1.23653423
2017-02-07,JPY,0.00890028
2017-02-07,TRY,0.2683172
2017-02-07,USD,1.0
2017-02-08,EUR,1.0665
2017-02-08,GBP,1.25007326
2017-02-08,JPY,0.00893291
2017-02-08,TRY,0.26857891
2017-02-08,USD,1.0
2017-02-09,EUR,1.0692
2017-02-09,GBP,1.25655189
2017-02-09,JPY,0.00890703
2017-02-09,TRY,0.27077952
2017-02-09,USD,1.0
2017-02-10,EUR,1.0629
2017-02-10,GBP,1.24621878
2017-02-10,JPY,0.00880978
2017-02-10,TRY,0.27133485
2017-02-10,USD,1.0
2017-02-11,EUR,1.0629
2017-02-11,GBP,1.24621878
2017-02-11,JPY,0.00880978
2017-02-11,TRY,0.27133485
2017-02-11,USD,1.0
2017-02-12,EUR,1.0629
2017-02-12,GBP,1.24621878
2017-02-12,JPY,0.00880978
2017-02-12,TRY,0.27133485
2017-02-12,USD,1.0
2017-02-13,EUR,1.0629
2017-02-13,GBP,1.25209094
2017-02-13,JPY,0.00879156
2017-02-13,TRY,0.27130714
2017-02-13,USD,1.0
2017-02-14,EUR,1.0623
2017-02-14,GBP,1.24832546
2017-02-14,JPY,0.00882089
2017-02-14,TRY,0.27392986
2017-02-14,USD,1.0
2017-02-15,EUR,1.0555
2017-02-15,GBP,1.24179392
2017-02-15,JPY,0.00873397
2017-02-15,TRY,0.27300709
2017-02-15,USD,1.0
2017-02-16,EUR,1.0652
2017-02-16,GBP,1.25155681
2017-02-16,JPY,0.00880695
2017-02-16,TRY,0.27287632
2017-02-16,USD,1.0
2017-02-17,EUR,1.065
2017-02-17,GBP,1.24241717
2017-02-17,JPY,0.00886909
2017-02-17,TRY,0.27226014
2017-02-17,USD,1.0
2017-02-18,EUR,1.065
2017-02-18,GBP,1.24241717
2017-02-18,JPY,0.00886909
2017-02-18,TRY,0.27226014
2017-02-18,USD,1.0
2017-02-19,EUR,1.065
2017-02-19,GBP,1.24241717
2017-02-19,JPY,0.00886909
2017-02-19,TRY,0.27226014
2017-02-19,USD,1.0
2017-02-20,EUR,1.0616
2017-02-20,GBP,1.24681426
2017-02-20,JPY,0.00883856
2017-02-20,TRY,0.27587641
2017-02-20,USD,1.0
2017-02-21,EUR,1.0537
2017-02-21,GBP,1.2416922
2017-02-21,JPY,0.0087977
2017-02-21,TRY,0.27574386
2017-02-21,USD,1.0
2017-02-22,EUR,1.0513
2017-02-22,GBP,1.24487863
2017-02-22,JPY,0.00885007
2017-02-22,TRY,0.27760027
2017-02-22,USD,1.0
2017-02-23,EUR,1.0573
2017-02-23,GBP,1.2493501
2017-02-23,JPY,0.00886253
2017-02-23,TRY,0.28002754
2017-02-23,USD,1.0
2017-02-24,EUR,1.0609
2017-02-24,GBP,1.25545839
2017-02-24,JPY,0.00891213
2017-02-24,TRY,0.27925035
2017-02-24,USD,1.0
2017-02-25,EUR,1.0609
2017-02-25,GBP,1.25545839
2017-02-25,JPY,0.00891213
2017-02-25,TRY,0.27925035
2017-02-25,USD,1.0
2017-02-26,EUR,1.0609
2017-02-26,GBP,1.25545839
2017-02-26,JPY,0.00891213
2017-02-26,TRY,0.27925035
2017-02-26,USD,1.0
2017-02-27,EUR,1.0587
2017-02-27,GBP,1.24143996
2017-02-27,JPY,0.00890637
2017-02-27,TRY,0.27787402
2017-02-27,USD,1.0
2017-02-28,EUR,1.0597
2017-02-28,GBP,1.2422484
2017-02-28,JPY,0.00891778
2017-02-28,TRY,0.27602824
2017-02-28,USD,1.0
2017-03-01,EUR,1.0533
2017-03-01,GBP,1.23120982
2017-03-01,JPY,0.00878922
2017-03-01,TRY,0.2740257
2017-03-01,USD,1.0
2017-03-02,EUR,1.0514
2017-03-02,GBP,1.22884525
2017-03-02,JPY,0.00874418
2017-03-02,TRY,0.26978343
2017-03-02,USD,1.0
2017-03-03,EUR,1.0565
2017-03-03,GBP,1.22343813
2017-03-03,JPY,0.00874369
2017-03-03,TRY,0.2682289
2017-03-03,USD,1.0
2017-03-04,EUR,1.0565
2017-03-04,GBP,1.22343813
2017-03-04,JPY,0.00874369
2017-03-04,TRY,0.2682289
2017-03-04,USD,1.0
2017-03-05,EUR,1.0565
2017-03-05,GBP,1.22343813
2017-03-05,JPY,0.00874369
2017-03-05,TRY,0.2682289
2017-03-05,USD,1.0
2017-03-06,EUR,1.0592
2017-03-06,GBP,1.22734647
2017-03-06,JPY,0.0087864
2017-03-06,TRY,0.26932465
2017-03-06,USD,1.0
2017-03-07,EUR,1.0576
2017-03-07,GBP,1.21969784
2017-03-07,JPY,0.00876876
2017-03-07,TRY,0.27191855
2017-03-07,USD,1.0
2017-03-08,EUR,1.0556
2017-03-08,GBP,1.21678789
2017-03-08,JPY,0.00874927
2017-03-08,TRY,0.26768778
2017-03-08,USD,1.0
2017-03-09,EUR,1.0551
2017-03-09,GBP,1.21761509
2017-03-09,JPY,0.00872344
2017-03-09,TRY,0.26641921
2017-03-09,USD,1.0
2017-03-10,EUR,1.0606
2017-03-10,GBP,1.21558739
2017-03-10,JPY,0.00866362
2017-03-10,TRY,0.26647572
2017-03-10,USD,1.0
2017-03-11,EUR,1.0606
2017-03-11,GBP,1.21558739
2017-03-11,JPY,0.00866362
2017-03-11,TRY,0.26647572
2017-03-11,USD,1.0
2017-03-12,EUR,1.0606
2017-03-12,GBP,1.21558739
2017-03-12,JPY,0.00866362
2017-03-12,TRY,0.26647572
2017-03-12,USD,1.0
2017-03-13,EUR,1.0663
2017-03-13,GBP,1.2220083
2017-03-13,JPY,0.00871516
2017-03-13,TRY,0.26689527
2017-03-13,USD,1.0
2017-03-14,EUR,1.0631
2017-03-14,GBP,1.21409728
2017-03-14,JPY,0.00870466
2017-03-14,TRY,0.26727172
2017-03-14,USD,1.0
2017-03-15,EUR,1.0622
2017-03-15,GBP,1.21989595
2017-03-15,JPY,0.008723
2017-03-15,TRY,0.26893182
2017-03-15,USD,1.0
2017-03-16,EUR,1.0726
2017-03-16,GBP,1.23557194
2017-03-16,JPY,0.00882435
2017-03-16,TRY,0.27481425
2017-03-16,USD,1.0
2017-03-17,EUR,1.0737
2017-03-17,GBP,1.23601326
2017-03-17,JPY,0.00883776
2017-03-17,TRY,0.27604381
2017-03-17,USD,1.0
2017-03-18,EUR,1.0737
2017-03-18,GBP,1.23601326
2017-03-18,JPY,0.00883776
2017-03-18,TRY,0.27604381
2017-03-18,USD,1.0
2017-03-19,EUR,1.0737
2017-03-19,GBP,1.23601326
2017-03-19,JPY,0.00883776
2017-03-19,TRY,0.27604381
2017-03-19,USD,1.0
2017-03-20,EUR,1.0752
2017-03-20,GBP,1.23880958
2017-03-20,JPY,0.00887202
2017-03-20,TRY,0.27521949
2017-03-20,USD,1.0
2017-03-21,EUR,1.0802
2017-03-21,GBP,1.24514426
2017-03-21,JPY,0.00888468
2017-03-21,TRY,0.27717336
2017-03-21,USD,1.0
2017-03-22,EUR,1.0807
2017-03-22,GBP,1.24518954
2017-03-22,JPY,0.00900058
2017-03-22,TRY,0.27599857
2017-03-22,USD,1.0
2017-03-23,EUR,1.0786
2017-03-23,GBP,1.25021733
2017-03-23,JPY,0.00903653
2017-03-23,TRY,0.27629489
2017-03-23,USD,1.0
2017-03-24,EUR,1.0805
2017-03-24,GBP,1.24769053
2017-03-24,JPY,0.00899742
2017-03-24,TRY,0.27580662
2017-03-24,USD,1.0
2017-03-25,EUR,1.0805
2017-03-25,GBP,1.24769053
2017-03-25,JPY,0.00899742
2017-03-25,TRY,0.27580662
2017-03-25,USD,1.0
2017-03-26,EUR,1.0805
2017-03-26,GBP,1.24769053
2017-03-26,JPY,0.00899742
2017-03-26,TRY,0.27580662
2017-03-26,USD,1.0
2017-03-27,EUR,1.0889
2017-03-27,GBP,1.26025717
2017-03-27,JPY,0.00907946
2017-03-27,TRY,0.27775936
2017-03-27,USD,1.0
2017-03-28,EUR,1.0859
2017-03-28,GBP,1.25602915
2017-03-28,JPY,0.00906125
2017-03-28,TRY,0.2759383
2017-03-28,USD,1.0
2017-03-29,EUR,1.0748
2017-03-29,GBP,1.24419749
2017-03-29,JPY,0.00901905
2017-03-29,TRY,0.2738623
2017-03-29,USD,1.0
2017-03-30,EUR,1.0737
2017-03-30,GBP,1.24588071
2017-03-30,JPY,0.00899322
2017-03-30,TRY,0.27447021
2017-03-30,USD,1.0
2017-03-31,EUR,1.0691
2017-03-31,GBP,1.24963473
2017-03-31,JPY,0.0089427
2017-03-31,TRY,0.2748753
2017-03-31,USD,1.0
2017-04-01,EUR,1.0691
2017-04-01,GBP,1.24963473
2017-04-01,JPY,0.0089427
2017-04-01,TRY,0.2748753
2017-04-01,USD,1.0
2017-04-02,EUR,1.0691
2017-04-02,GBP,1.24963473
2017-04-02,JPY,0.0089427
2017-04-02,TRY,0.2748753
2017-04-02,USD,1.0
2017-04-03,EUR,1.0661
2017-04-03,GBP,1.25041051
2017-04-03,JPY,0.00898601
2017-04-03,TRY,0.27454869
2017-04-03,USD,1.0
2017-04-04,EUR,1.0651
2017-04-04,GBP,1.24394146
2017-04-04,JPY,0.00906083
2017-04-04,TRY,0.27365689
2017-04-04,USD,1.0
2017-04-05,EUR,1.0678
2017-04-05,GBP,1.24874284
2017-04-05,JPY,0.00901173
2017-04-05,TRY,0.27098772
2017-04-05,USD,1.0
2017-04-06,EUR,1.0666
2017-04-06,GBP,1.24617362
2017-04-06,JPY,0.0090214
2017-04-06,TRY,0.26968394
2017-04-06,USD,1.0
2017-04-07,EUR,1.063
2017-04-07,GBP,1.24221425
2017-04-07,JPY,0.00903604
2017-04-07,TRY,0.26758294
2017-04-07,USD,1.0
2017-04-08,EUR,1.063
2017-04-08,GBP,1.24221425
2017-04-08,JPY,0.00903604
2017-04-08,TRY,0.26758294
2017-04-08,USD,1.0
2017-04-09,EUR,1.063
2017-04-09,GBP,1.24221425
2017-04-09,JPY,0.00903604
2017-04-09,TRY,0.26758294
2017-04-09,USD,1.0
2017-04-10,EUR,1.0578
2017-04-10,GBP,1.23958516
2017-04-10,JPY,0.00898573
2017-04-10,TRY,0.26783815
2017-04-10,USD,1.0
2017-04-11,EUR,1.0616
2017-04-11,GBP,1.2441111
2017-04-11,JPY,0.00904567
2017-04-11,TRY,0.26949634
2017-04-11,USD,1.0
2017-04-12,EUR,1.0605
2017-04-12,GBP,1.25
2017-04-12,JPY,0.00912494
2017-04-12,TRY,0.27216733
2017-04-12,USD,1.0
2017-04-13,EUR,1.063
2017-04-13,GBP,1.25408492
2017-04-13,JPY,0.009163
2017-04-13,TRY,0.27262702
2017-04-13,USD,1.0
2017-04-14,EUR,1.063
2017-04-14,GBP,1.25408492
2017-04-14,JPY,0.009163
2017-04-14,TRY,0.27262702
2017-04-14,USD,1.0
2017-04-15,EUR,1.063
2017-04-15,GBP,1.25408492
2017-04-15,JPY,0.009163
2017-04-15,TRY,0.27262702
2017-04-15,USD,1.0
2017-04-16,EUR,1.063
2017-04-16,GBP,1.25408492
2017-04-16,JPY,0.009163
2017-04-16,TRY,0.27262702
2017-04-16,USD,1.0
2017-04-17,EUR,1.063
2017-04-17,GBP,1.25408492
2017-04-17,JPY,0.009163
2017-04-17,TRY,0.27262702
2017-04-17,USD,1.0
2017-04-18,EUR,1.0682
2017-04-18,GBP,1.26601481
2017-04-18,JPY,0.00918803
2017-04-18,TRY,0.27095858
2017-04-18,USD,1.0
2017-04-19,EUR,1.0725
2017-04-19,GBP,1.28550881
2017-04-19,JPY,0.00917372
2017-04-19,TRY,0.27295633
2017-04-19,USD,1.0
2017-04-20,EUR,1.0745
2017-04-20,GBP,1.28038608
2017-04-20,JPY,0.00917122
2017-04-20,TRY,0.27504032
2017-04-20,USD,1.0
2017-04-21,EUR,1.0698
2017-04-21,GBP,1.27783086
2017-04-21,JPY,0.00916552
2017-04-21,TRY,0.27430066
2017-04-21,USD,1.0
2017-04-22,EUR,1.0698
2017-04-22,GBP,1.27783086
2017-04-22,JPY,0.00916552
2017-04-22,TRY,0.27430066
2017-04-22,USD,1.0
2017-04-23,EUR,1.0698
2017-04-23,GBP,1.27783086
2017-04-23,JPY,0.00916552
2017-04-23,TRY,0.27430066
2017-04-23,USD,1.0
2017-04-24,EUR,1.0848
2017-04-24,GBP,1.27879288
2017-04-24,JPY,0.00906493
2017-04-24,TRY,0.27837512
2017-04-24,USD,1.0
2017-04-25,EUR,1.0891
2017-04-25,GBP,1.28238037
2017-04-25,JPY,0.00905019
2017-04-25,TRY,0.27834999
2017-04-25,USD,1.0
2017-04-26,EUR,1.0893
2017-04-26,GBP,1.28299353
2017-04-26,JPY,0.00897651
2017-04-26,TRY,0.27937216
2017-04-26,USD,1.0
2017-04-27,EUR,1.0881
2017-04-27,GBP,1.28891258
2017-04-27,JPY,0.00897254
2017-04-27,TRY,0.28045983
2017-04-27,USD,1.0
2017-04-28,EUR,1.093
2017-04-28,GBP,1.29390456
2017-04-28,JPY,0.00897668
2017-04-28,TRY,0.28202085
2017-04-28,USD,1.0
2017-04-29,EUR,1.093
2017-04-29,GBP,1.29390456
2017-04-29,JPY,0.00897668
2017-04-29,TRY,0.28202085
2017-04-29,USD,1.0
2017-04-30,EUR,1.093
2017-04-30,GBP,1.29390456
2017-04-30,JPY,0.00897668
2017-04-30,TRY,0.28202085
2017-04-30,USD,1.0
2017-05-01,EUR,1.093
2017-05-01,GBP,1.29390456
2017-05-01,JPY,0.00897668
2017-05-01,TRY,0.28202085
2017-05-01,USD,1.0
2017-05-02,EUR,1.0915
2017-05-02,GBP,1.29141032
2017-05-02,JPY,0.00890657
2017-05-02,TRY,0.28261826
2017-05-02,USD,1.0
2017-05-03,EUR,1.0919
2017-05-03,GBP,1.29310753
2017-05-03,JPY,0.00891565
2017-05-03,TRY,0.28285366
2017-05-03,USD,1.0
2017-05-04,EUR,1.0927
2017-05-04,GBP,1.28909338
2017-05-04,JPY,0.00886141
2017-05-04,TRY,0.28082755
2017-05-04,USD,1.0
2017-05-05,EUR,1.0961
2017-05-05,GBP,1.29394404
2017-05-05,JPY,0.00889042
2017-05-05,TRY,0.28066267
2017-05-05,USD,1.0
2017-05-06,EUR,1.0961
2017-05-06,GBP,1.29394404
2017-05-06,JPY,0.00889042
2017-05-06,TRY,0.28066267
2017-05-06,USD,1.0
2017-05-07,EUR,1.0961
2017-05-07,GBP,1.29394404
2017-05-07,JPY,0.00889042
2017-05-07,TRY,0.28066267
2017-05-07,USD,1.0
2017-05-08,EUR,1.0938
2017-05-08,GBP,1.29497425
2017-05-08,JPY,0.00888546
2017-05-08,TRY,0.28056945
2017-05-08,USD,1.0
2017-05-09,EUR,1.0888
2017-05-09,GBP,1.2915777
2017-05-09,JPY,0.00877781
2017-05-09,TRY,0.27812404
2017-05-09,USD,1.0
2017-05-10,EUR,1.0882
2017-05-10,GBP,1.29570757
2017-05-10,JPY,0.00878714
2017-05-10,TRY,0.27861843
2017-05-10,USD,1.0
2017-05-11,EUR,1.086
2017-05-11,GBP,1.28543528
2017-05-11,JPY,0.00878001
2017-05-11,TRY,0.27902675
2017-05-11,USD,1.0
2017-05-12,EUR,1.0876
2017-05-12,GBP,1.28576157
2017-05-12,JPY,0.00878372
2017-05-12,TRY,0.27860034
2017-05-12,USD,1.0
2017-05-13,EUR,1.0876
2017-05-13,GBP,1.28576157
2017-05-13,JPY,0.00878372
2017-05-13,TRY,0.27860034
2017-05-13,USD,1.0
2017-05-14,EUR,1.0876
2017-05-14,GBP,1.28576157
2017-05-14,JPY,0.00878372
2017-05-14,TRY,0.27860034
2017-05-14,USD,1.0
2017-05-15,EUR,1.0972
2017-05-15,GBP,1.29191786
2017-05-15,JPY,0.00881639
2017-05-15,TRY,0.28118913
2017-05-15,USD,1.0
2017-05-16,EUR,1.1059
2017-05-16,GBP,1.28790702
2017-05-16,JPY,0.00880003
2017-05-16,TRY,0.28118485
2017-05-16,USD,1.0
2017-05-17,EUR,1.1117
2017-05-17,GBP,1.29651875
2017-05-17,JPY,0.00890643
2017-05-17,TRY,0.28164268
2017-05-17,USD,1.0
2017-05-18,EUR,1.1129
2017-05-18,GBP,1.30372644
2017-05-18,JPY,0.00904429
2017-05-18,TRY,0.27505499
2017-05-18,USD,1.0
2017-05-19,EUR,1.1179
2017-05-19,GBP,1.30127578
2017-05-19,JPY,0.00898995
2017-05-19,TRY,0.27756673
2017-05-19,USD,1.0
2017-05-20,EUR,1.1179
2017-05-20,GBP,1.30127578
2017-05-20,JPY,0.00898995
2017-05-20,TRY,0.27756673
2017-05-20,USD,1.0
2017-05-21,EUR,1.1179
2017-05-21,GBP,1.30127578
2017-05-21,JPY,0.00898995
2017-05-21,TRY,0.27756673
2017-05-21,USD,1.0
2017-05-22,EUR,1.1243
2017-05-22,GBP,1.3019814
2017-05-22,JPY,0.00898147
2017-05-22,TRY,0.2808854
2017-05-22,USD,1.0
2017-05-23,EUR,1.1215
2017-05-23,GBP,1.29708662
2017-05-23,JPY,0.00899936
2017-05-23,TRY,0.28057842
2017-05-23,USD,1.0
2017-05-24,EUR,1.1193
2017-05-24,GBP,1.29638638
2017-05-24,JPY,0.00894367
2017-05-24,TRY,0.28035768
2017-05-24,USD,1.0
2017-05-25,EUR,1.1214
2017-05-25,GBP,1.29599667
2017-05-25,JPY,0.00894758
2017-05-25,TRY,0.28058148
2017-05-25,USD,1.0
2017-05-26,EUR,1.1196
2017-05-26,GBP,1.28409221
2017-05-26,JPY,0.00900145
2017-05-26,TRY,0.28015915
2017-05-26,USD,1.0
2017-05-27,EUR,1.1196
2017-05-27,GBP,1.28409221
2017-05-27,JPY,0.00900145
2017-05-27,TRY,0.28015915
2017-05-27,USD,1.0
2017-05-28,EUR,1.1196
2017-05-28,GBP,1.28409221
2017-05-28,JPY,0.00900145
2017-05-28,TRY,0.28015915
2017-05-28,USD,1.0
2017-05-29,EUR,1.1188
2017-05-29,GBP,1.28460381
2017-05-29,JPY,0.0089813
2017-05-29,TRY,0.27954625
2017-05-29,USD,1.0
2017-05-30,EUR,1.1173
2017-05-30,GBP,1.2873158
2017-05-30,JPY,0.00901266
2017-05-30,TRY,0.28116664
2017-05-30,USD,1.0
2017-05-31,EUR,1.1221
2017-05-31,GBP,1.28438162
2017-05-31,JPY,0.0090201
2017-05-31,TRY,0.28275879
2017-05-31,USD,1.0
2017-06-01,EUR,1.1219
2017-06-01,GBP,1.28614009
2017-06-01,JPY,0.00900907
2017-06-01,TRY,0.28248773
2017-06-01,USD,1.0
2017-06-02,EUR,1.1217
2017-06-02,GBP,1.28535087
2017-06-02,JPY,0.00897216
2017-06-02,TRY,0.28325042
2017-06-02,USD,1.0
2017-06-03,EUR,1.1217
2017-06-03,GBP,1.28535087
2017-06-03,JPY,0.00897216
2017-06-03,TRY,0.28325042
2017-06-03,USD,1.0
2017-06-04,EUR,1.1217
2017-06-04,GBP,1.28535087
2017-06-04,JPY,0.00897216
2017-06-04,TRY,0.28325042
2017-06-04,USD,1.0
2017-06-05,EUR,1.1249
2017-06-05,GBP,1.29105934
2017-06-05,JPY,0.00904988
2017-06-05,TRY,0.28433851
2017-06-05,USD,1.0
2017-06-06,EUR,1.1258
2017-06-06,GBP,1.29061103
2017-06-06,JPY,0.00914392
2017-06-06,TRY,0.28331991
2017-06-06,USD,1.0
2017-06-07,EUR,1.1217
2017-06-07,GBP,1.2906752
2017-06-07,JPY,0.00913585
2017-06-07,TRY,0.28220998
2017-06-07,USD,1.0
2017-06-08,EUR,1.1229
2017-06-08,GBP,1.29433462
2017-06-08,JPY,0.00907247
2017-06-08,TRY,0.28167566
2017-06-08,USD,1.0
2017-06-09,EUR,1.1176
2017-06-09,GBP,1.2752459
2017-06-09,JPY,0.00905379
2017-06-09,TRY,0.2833384
2017-06-09,USD,1.0
2017-06-10,EUR,1.1176
2017-06-10,GBP,1.2752459
2017-06-10,JPY,0.00905379
2017-06-10,TRY,0.2833384
2017-06-10,USD,1.0
2017-06-11,EUR,1.1176
2017-06-11,GBP,1.2752459
2017-06-11,JPY,0.00905379
2017-06-11,TRY,0.2833384
2017-06-11,USD,1.0
2017-06-12,EUR,1.1221
2017-06-12,GBP,1.26726523
2017-06-12,JPY,0.00910057
2017-06-12,TRY,0.28437112
2017-06-12,USD,1.0
2017-06-13,EUR,1.1217
2017-06-13,GBP,1.27357366
2017-06-13,JPY,0.00908774
2017-06-13,TRY,0.28383815
2017-06-13,USD,1.0
2017-06-14,EUR,1.1203
2017-06-14,GBP,1.27364711
2017-06-14,JPY,0.00906538
2017-06-14,TRY,0.2846146
2017-06-14,USD,1.0
2017-06-15,EUR,1.1166
2017-06-15,GBP,1.27407576
2017-06-15,JPY,0.00908174
2017-06-15,TRY,0.28436816
2017-06-15,USD,1.0
2017-06-16,EUR,1.1167
2017-06-16,GBP,1.27691446
2017-06-16,JPY,0.00898174
2017-06-16,TRY,0.28469089
2017-06-16,USD,1.0
2017-06-17,EUR,1.1167
2017-06-17,GBP,1.27691446
2017-06-17,JPY,0.00898174
2017-06-17,TRY,0.28469089
2017-06-17,USD,1.0
2017-06-18,EUR,1.1167
2017-06-18,GBP,1.27691446
2017-06-18,JPY,0.00898174
2017-06-18,TRY,0.28469089
2017-06-18,USD,1.0
2017-06-19,EUR,1.1199
2017-06-19,GBP,1.27962248
2017-06-19,JPY,0.00901255
2017-06-19,TRY,0.28498359
2017-06-19,USD,1.0
2017-06-20,EUR,1.1156
2017-06-20,GBP,1.26567056
2017-06-20,JPY,0.00897867
2017-06-20,TRY,0.28278834
2017-06-20,USD,1.0
2017-06-21,EUR,1.1147
2017-06-21,GBP,1.26944539
2017-06-21,JPY,0.00897432
2017-06-21,TRY,0.28355931
2017-06-21,USD,1.0
2017-06-22,EUR,1.1169
2017-06-22,GBP,1.26678614
2017-06-22,JPY,0.00898769
2017-06-22,TRY,0.2843649
2017-06-22,USD,1.0
2017-06-23,EUR,1.1173
2017-06-23,GBP,1.27247879
2017-06-23,JPY,0.0089844
2017-06-23,TRY,0.28477125
2017-06-23,USD,1.0
2017-06-24,EUR,1.1173
2017-06-24,GBP,1.27247879
2017-06-24,JPY,0.0089844
2017-06-24,TRY,0.28477125
2017-06-24,USD,1.0
2017-06-25,EUR,1.1173
2017-06-25,GBP,1.27247879
2017-06-25,JPY,0.0089844
2017-06-25,TRY,0.28477125
2017-06-25,USD,1.0
2017-06-26,EUR,1.1187
2017-06-26,GBP,1.27371058
2017-06-26,JPY,0.00895461
2017-06-26,TRY,0.28506268
2017-06-26,USD,1.0
2017-06-27,EUR,1.1278
2017-06-27,GBP,1.27622496
2017-06-27,JPY,0.00893944
2017-06-27,TRY,0.28533839
2017-06-27,USD,1.0
2017-06-28,EUR,1.1375
2017-06-28,GBP,1.28494775
2017-06-28,JPY,0.00891947
2017-06-28,TRY,0.28381447
2017-06-28,USD,1.0
2017-06-29,EUR,1.1413
2017-06-29,GBP,1.29707921
2017-06-29,JPY,0.0088755
2017-06-29,TRY,0.2843086
2017-06-29,USD,1.0
2017-06-30,EUR,1.1412
2017-06-30,GBP,1.29780628
2017-06-30,JPY,0.00893307
2017-06-30,TRY,0.28434744
2017-06-30,USD,1.0
2017-07-01,EUR,1.1412
2017-07-01,GBP,1.29780628
2017-07-01,JPY,0.00893307
2017-07-01,TRY,0.28434744
2017-07-01,USD,1.0
2017-07-02,EUR,1.1412
2017-07-02,GBP,1.29780628
2017-07-02,JPY,0.00893307
2017-07-02,TRY,0.28434744
2017-07-02,USD,1.0
2017-07-03,EUR,1.1369
2017-07-03,GBP,1.29627729
2017-07-03,JPY,0.00885023
2017-07-03,TRY,0.28195526
2017-07-03,USD,1.0
2017-07-04,EUR,1.1353
2017-07-04,GBP,1.29297876
2017-07-04,JPY,0.00883021
2017-07-04,TRY,0.28117493
2017-07-04,USD,1.0
2017-07-05,EUR,1.1329
2017-07-05,GBP,1.29127486
2017-07-05,JPY,0.00880675
2017-07-05,TRY,0.27896383
2017-07-05,USD,1.0
2017-07-06,EUR,1.1385
2017-07-06,GBP,1.29355891
2017-07-06,JPY,0.0088249
2017-07-06,TRY,0.27521938
2017-07-06,USD,1.0
2017-07-07,EUR,1.1412
2017-07-07,GBP,1.2896664
2017-07-07,JPY,0.00879199
2017-07-07,TRY,0.27522007
2017-07-07,USD,1.0
2017-07-08,EUR,1.1412
2017-07-08,GBP,1.2896664
2017-07-08,JPY,0.00879199
2017-07-08,TRY,0.27522007
2017-07-08,USD,1.0
2017-07-09,EUR,1.1412
2017-07-09,GBP,1.2896664
2017-07-09,JPY,0.00879199
2017-07-09,TRY,0.27522007
2017-07-09,USD,1.0
2017-07-10,EUR,1.1387
2017-07-10,GBP,1.2874959
2017-07-10,JPY,0.00876058
2017-07-10,TRY,0.27690774
2017-07-10,USD,1.0
2017-07-11,EUR,1.1405
2017-07-11,GBP,1.29135624
2017-07-11,JPY,0.00874885
2017-07-11,TRY,0.27527697
2017-07-11,USD,1.0
2017-07-12,EUR,1.1449
2017-07-12,GBP,1.28748946
2017-07-12,JPY,0.00880557
2017-07-12,TRY,0.27800981
2017-07-12,USD,1.0
2017-07-13,EUR,1.1417
2017-07-13,GBP,1.29422434
2017-07-13,JPY,0.00883874
2017-07-13,TRY,0.28008243
2017-07-13,USD,1.0
2017-07-14,EUR,1.1415
2017-07-14,GBP,1.29740973
2017-07-14,JPY,0.00884198
2017-07-14,TRY,0.28072203
2017-07-14,USD,1.0
2017-07-15,EUR,1.1415
2017-07-15,GBP,1.29740973
2017-07-15,JPY,0.00884198
2017-07-15,TRY,0.28072203
2017-07-15,USD,1.0
2017-07-16,EUR,1.1415
2017-07-16,GBP,1.29740973
2017-07-16,JPY,0.00884198
2017-07-16,TRY,0.28072203
2017-07-16,USD,1.0
2017-07-17,EUR,1.1462
2017-07-17,GBP,1.3061364
2017-07-17,JPY,0.00889492
2017-07-17,TRY,0.2829355
2017-07-17,USD,1.0
2017-07-18,EUR,1.1555
2017-07-18,GBP,1.30153188
2017-07-18,JPY,0.00892554
2017-07-18,TRY,0.28355828
2017-07-18,USD,1.0
2017-07-19,EUR,1.1533
2017-07-19,GBP,1.30338475
2017-07-19,JPY,0.00893823
2017-07-19,TRY,0.28423206
2017-07-19,USD,1.0
2017-07-20,EUR,1.1485
2017-07-20,GBP,1.29455127
2017-07-20,JPY,0.00890863
2017-07-20,TRY,0.28251993
2017-07-20,USD,1.0
2017-07-21,EUR,1.1642
2017-07-21,GBP,1.29918536
2017-07-21,JPY,0.00897471
2017-07-21,TRY,0.28299869
2017-07-21,USD,1.0
2017-07-22,EUR,1.1642
2017-07-22,GBP,1.29918536
2017-07-22,JPY,0.00897471
2017-07-22,TRY,0.28299869
2017-07-22,USD,1.0
2017-07-23,EUR,1.1642
2017-07-23,GBP,1.29918536
2017-07-23,JPY,0.00897471
2017-07-23,TRY,0.28299869
2017-07-23,USD,1.0
2017-07-24,EUR,1.1648
2017-07-24,GBP,1.30363738
2017-07-24,JPY,0.00902316
2017-07-24,TRY,0.28150225
2017-07-24,USD,1.0
2017-07-25,EUR,1.1694
2017-07-25,GBP,1.30812685
2017-07-25,JPY,0.00897605
2017-07-25,TRY,0.28078853
2017-07-25,USD,1.0
2017-07-26,EUR,1.1644
2017-07-26,GBP,1.30428451
2017-07-26,JPY,0.00893904
2017-07-26,TRY,0.28121528
2017-07-26,USD,1.0
2017-07-27,EUR,1.1694
2017-07-27,GBP,1.31425746
2017-07-27,JPY,0.0089733
2017-07-27,TRY,0.28312713
2017-07-27,USD,1.0
2017-07-28,EUR,1.1729
2017-07-28,GBP,1.30950786
2017-07-28,JPY,0.0089967
2017-07-28,TRY,0.28288553
2017-07-28,USD,1.0
2017-07-29,EUR,1.1729
2017-07-29,GBP,1.30950786
2017-07-29,JPY,0.0089967
2017-07-29,TRY,0.28288553
2017-07-29,USD,1.0
2017-07-30,EUR,1.1729
2017-07-30,GBP,1.30950786
2017-07-30,JPY,0.0089967
2017-07-30,TRY,0.28288553
2017-07-30,USD,1.0
2017-07-31,EUR,1.1727
2017-07-31,GBP,1.31145158
2017-07-31,JPY,0.00904163
2017-07-31,TRY,0.28385051
2017-07-31,USD,1.0
2017-08-01,EUR,1.1812
2017-08-01,GBP,1.3206619
2017-08-01,JPY,0.00904926
2017-08-01,TRY,0.28392866
2017-08-01,USD,1.0
2017-08-02,EUR,1.1829
2017-08-02,GBP,1.32278446
2017-08-02,JPY,0.00903115
2017-08-02,TRY,0.28308524
2017-08-02,USD,1.0
2017-08-03,EUR,1.186
2017-08-03,GBP,1.31313802
2017-08-03,JPY,0.00905966
2017-08-03,TRY,0.28243475
2017-08-03,USD,1.0
2017-08-04,EUR,1.1868
2017-08-04,GBP,1.31457687
2017-08-04,JPY,0.00908242
2017-08-04,TRY,0.28322554
2017-08-04,USD,1.0
2017-08-05,EUR,1.1868
2017-08-05,GBP,1.31457687
2017-08-05,JPY,0.00908242
2017-08-05,TRY,0.28322554
2017-08-05,USD,1.0
2017-08-06,EUR,1.1868
2017-08-06,GBP,1.31457687
2017-08-06,JPY,0.00908242
2017-08-06,TRY,0.28322554
2017-08-06,USD,1.0
2017-08-07,EUR,1.1797
2017-08-07,GBP,1.30447283
2017-08-07,JPY,0.00902049
2017-08-07,TRY,0.28315971
2017-08-07,USD,1.0
2017-08-08,EUR,1.1814
2017-08-08,GBP,1.30285185
2017-08-08,JPY,0.00906607
2017-08-08,TRY,0.2834045
2017-08-08,USD,1.0
2017-08-09,EUR,1.1731
2017-08-09,GBP,1.2985676
2017-08-09,JPY,0.00911216
2017-08-09,TRY,0.28255215
2017-08-09,USD,1.0
2017-08-10,EUR,1.1732
2017-08-10,GBP,1.29918164
2017-08-10,JPY,0.00911153
2017-08-10,TRY,0.28295789
2017-08-10,USD,1.0
2017-08-11,EUR,1.1765
2017-08-11,GBP,1.29792046
2017-08-11,JPY,0.00916206
2017-08-11,TRY,0.2816952
2017-08-11,USD,1.0
2017-08-12,EUR,1.1765
2017-08-12,GBP,1.29792046
2017-08-12,JPY,0.00916206
2017-08-12,TRY,0.2816952
2017-08-12,USD,1.0
2017-08-13,EUR,1.1765
2017-08-13,GBP,1.29792046
2017-08-13,JPY,0.00916206
2017-08-13,TRY,0.2816952
2017-08-13,USD,1.0
2017-08-14,EUR,1.1797
2017-08-14,GBP,1.29730027
2017-08-14,JPY,0.00912515
2017-08-14,TRY,0.28380004
2017-08-14,USD,1.0
2017-08-15,EUR,1.1744
2017-08-15,GBP,1.28849635
2017-08-15,JPY,0.00905684
2017-08-15,TRY,0.28328147
2017-08-15,USD,1.0
2017-08-16,EUR,1.171
2017-08-16,GBP,1.28691218
2017-08-16,JPY,0.00902227
2017-08-16,TRY,0.28340473
2017-08-16,USD,1.0
2017-08-17,EUR,1.1697
2017-08-17,GBP,1.28686946
2017-08-17,JPY,0.00908082
2017-08-17,TRY,0.28392844
2017-08-17,USD,1.0
2017-08-18,EUR,1.174
2017-08-18,GBP,1.2874501
2017-08-18,JPY,0.00917044
2017-08-18,TRY,0.28373937
2017-08-18,USD,1.0
2017-08-19,EUR,1.174
2017-08-19,GBP,1.2874501
2017-08-19,JPY,0.00917044
2017-08-19,TRY,0.28373937
2017-08-19,USD,1.0
2017-08-20,EUR,1.174
2017-08-20,GBP,1.2874501
2017-08-20,JPY,0.00917044
2017-08-20,TRY,0.28373937
2017-08-20,USD,1.0
2017-08-21,EUR,1.1761
2017-08-21,GBP,1.28791695
2017-08-21,JPY,0.00917609
2017-08-21,TRY,0.28516354
2017-08-21,USD,1.0
2017-08-22,EUR,1.1771
2017-08-22,GBP,1.28346036
2017-08-22,JPY,0.00914394
2017-08-22,TRY,0.28591207
2017-08-22,USD,1.0
2017-08-23,EUR,1.1799
2017-08-23,GBP,1.28064863
2017-08-23,JPY,0.00916712
2017-08-23,TRY,0.28542745
2017-08-23,USD,1.0
2017-08-24,EUR,1.1806
2017-08-24,GBP,1.28326087
2017-08-24,JPY,0.00914768
2017-08-24,TRY,0.28738346
2017-08-24,USD,1.0
2017-08-25,EUR,1.1808
2017-08-25,GBP,1.28232138
2017-08-25,JPY,0.00911181
2017-08-25,TRY,0.28743914
2017-08-25,USD,1.0
2017-08-26,EUR,1.1808
2017-08-26,GBP,1.28232138
2017-08-26,JPY,0.00911181
2017-08-26,TRY,0.28743914
2017-08-26,USD,1.0
2017-08-27,EUR,1.1808
2017-08-27,GBP,1.28232138
2017-08-27,JPY,0.00911181
2017-08-27,TRY,0.28743914
2017-08-27,USD,1.0
2017-08-28,EUR,1.1925
2017-08-28,GBP,1.29159085
2017-08-28,JPY,0.00914915
2017-08-28,TRY,0.29040742
2017-08-28,USD,1.0
2017-08-29,EUR,1.2048
2017-08-29,GBP,1.2959716
2017-08-29,JPY,0.00920679
2017-08-29,TRY,0.29052327
2017-08-29,USD,1.0
2017-08-30,EUR,1.1916
2017-08-30,GBP,1.29176333
2017-08-30,JPY,0.00907886
2017-08-30,TRY,0.28897781
2017-08-30,USD,1.0
2017-08-31,EUR,1.1825
2017-08-31,GBP,1.28570341
2017-08-31,JPY,0.00903983
2017-08-31,TRY,0.28797214
2017-08-31,USD,1.0
2017-09-01,EUR,1.192
2017-09-01,GBP,1.2945968
2017-09-01,JPY,0.00907914
2017-09-01,TRY,0.2908665
2017-09-01,USD,1.0
2017-09-02,EUR,1.192
2017-09-02,GBP,1.2945968
2017-09-02,JPY,0.00907914
2017-09-02,TRY,0.2908665
2017-09-02,USD,1.0
2017-09-03,EUR,1.192
2017-09-03,GBP,1.2945968
2017-09-03,JPY,0.00907914
2017-09-03,TRY,0.2908665
2017-09-03,USD,1.0
2017-09-04,EUR,1.1905
2017-09-04,GBP,1.29606445
2017-09-04,JPY,0.00911562
2017-09-04,TRY,0.29160339
2017-09-04,USD,1.0
2017-09-05,EUR,1.189
2017-09-05,GBP,1.29605407
2017-09-05,JPY,0.00914686
2017-09-05,TRY,0.29032573
2017-09-05,USD,1.0
2017-09-06,EUR,1.1931
2017-09-06,GBP,1.30496128
2017-09-06,JPY,0.00918334
2017-09-06,TRY,0.29068096
2017-09-06,USD,1.0
2017-09-07,EUR,1.1971
2017-09-07,GBP,1.30969443
2017-09-07,JPY,0.00918444
2017-09-07,TRY,0.29273959
2017-09-07,USD,1.0
2017-09-08,EUR,1.206
2017-09-08,GBP,1.32138318
2017-09-08,JPY,0.00931274
2017-09-08,TRY,0.2927824
2017-09-08,USD,1.0
2017-09-09,EUR,1.206
2017-09-09,GBP,1.32138318
2017-09-09,JPY,0.00931274
2017-09-09,TRY,0.2927824
2017-09-09,USD,1.0
2017-09-10,EUR,1.206
2017-09-10,GBP,1.32138318
2017-09-10,JPY,0.00931274
2017-09-10,TRY,0.2927824
2017-09-10,USD,1.0
2017-09-11,EUR,1.1997
2017-09-11,GBP,1.32161939
2017-09-11,JPY,0.00920156
2017-09-11,TRY,0.29419554
2017-09-11,USD,1.0
2017-09-12,EUR,1.1933
2017-09-12,GBP,1.32768864
2017-09-12,JPY,0.00911403
2017-09-12,TRY,0.29141838
2017-09-12,USD,1.0
2017-09-13,EUR,1.1979
2017-09-13,GBP,1.32741598
2017-09-13,JPY,0.00908946
2017-09-13,TRY,0.29052678
2017-09-13,USD,1.0
2017-09-14,EUR,1.1885
2017-09-14,GBP,1.33355026
2017-09-14,JPY,0.00903459
2017-09-14,TRY,0.28893373
2017-09-14,USD,1.0
2017-09-15,EUR,1.1963
2017-09-15,GBP,1.35876787
2017-09-15,JPY,0.00900015
2017-09-15,TRY,0.29078755
2017-09-15,USD,1.0
2017-09-16,EUR,1.1963
2017-09-16,GBP,1.35876787
2017-09-16,JPY,0.00900015
2017-09-16,TRY,0.29078755
2017-09-16,USD,1.0
2017-09-17,EUR,1.1963
2017-09-17,GBP,1.35876787
2017-09-17,JPY,0.00900015
2017-09-17,TRY,0.29078755
2017-09-17,USD,1.0
2017-09-18,EUR,1.1948
2017-09-18,GBP,1.353835
2017-09-18,JPY,0.00897738
2017-09-18,TRY,0.2890179
2017-09-18,USD,1.0
2017-09-19,EUR,1.1972
2017-09-19,GBP,1.3509061
2017-09-19,JPY,0.00897182
2017-09-19,TRY,0.28665837
2017-09-19,USD,1.0
2017-09-20,EUR,1.2007
2017-09-20,GBP,1.35396933
2017-09-20,JPY,0.00898526
2017-09-20,TRY,0.2883387
2017-09-20,USD,1.0
2017-09-21,EUR,1.1905
2017-09-21,GBP,1.34916138
2017-09-21,JPY,0.00889362
2017-09-21,TRY,0.28497223
2017-09-21,USD,1.0
2017-09-22,EUR,1.1961
2017-09-22,GBP,1.3568147
2017-09-22,JPY,0.00892545
2017-09-22,TRY,0.28612095
2017-09-22,USD,1.0
2017-09-23,EUR,1.1961
2017-09-23,GBP,1.3568147
2017-09-23,JPY,0.00892545
2017-09-23,TRY,0.28612095
2017-09-23,USD,1.0
2017-09-24,EUR,1.1961
2017-09-24,GBP,1.3568147
2017-09-24,JPY,0.00892545
2017-09-24,TRY,0.28612095
2017-09-24,USD,1.0
2017-09-25,EUR,1.1867
2017-09-25,GBP,1.34947349
2017-09-25,JPY,0.00890983
2017-09-25,TRY,0.28387915
2017-09-25,USD,1.0
2017-09-26,EUR,1.1787
2017-09-26,GBP,1.34286528
2017-09-26,JPY,0.00893022
2017-09-26,TRY,0.28239776
2017-09-26,USD,1.0
2017-09-27,EUR,1.1741
2017-09-27,GBP,1.34083252
2017-09-27,JPY,0.00885445
2017-09-27,TRY,0.28020142
2017-09-27,USD,1.0
2017-09-28,EUR,1.1778
2017-09-28,GBP,1.34398357
2017-09-28,JPY,0.00888503
2017-09-28,TRY,0.28046864
2017-09-28,USD,1.0
2017-09-29,EUR,1.1806
2017-09-29,GBP,1.33888271
2017-09-29,JPY,0.00888872
2017-09-29,TRY,0.28100826
2017-09-29,USD,1.0
2017-09-30,EUR,1.1806
2017-09-30,GBP,1.33888271
2017-09-30,JPY,0.00888872
2017-09-30,TRY,0.28100826
2017-09-30,USD,1.0
2017-10-01,EUR,1.1806
2017-10-01,GBP,1.33888271
2017-10-01,JPY,0.00888872
2017-10-01,TRY,0.28100826
2017-10-01,USD,1.0
2017-10-02,EUR,1.1744
2017-10-02,GBP,1.32823633
2017-10-02,JPY,0.0088634
2017-10-02,TRY,0.2791737
2017-10-02,USD,1.0
2017-10-03,EUR,1.1753
2017-10-03,GBP,1.32364038
2017-10-03,JPY,0.00885215
2017-10-03,TRY,0.27905596
2017-10-03,USD,1.0
2017-10-04,EUR,1.1787
2017-10-04,GBP,1.32784337
2017-10-04,JPY,0.00889786
2017-10-04,TRY,0.28053599
2017-10-04,USD,1.0
2017-10-05,EUR,1.1742
2017-10-05,GBP,1.31706168
2017-10-05,JPY,0.00889209
2017-10-05,TRY,0.28020523
2017-10-05,USD,1.0
2017-10-06,EUR,1.1707
2017-10-06,GBP,1.30753337
2017-10-06,JPY,0.00885351
2017-10-06,TRY,0.27646712
2017-10-06,USD,1.0
2017-10-07,EUR,1.1707
2017-10-07,GBP,1.30753337
2017-10-07,JPY,0.00885351
2017-10-07,TRY,0.27646712
2017-10-07,USD,1.0
2017-10-08,EUR,1.1707
2017-10-08,GBP,1.30753337
2017-10-08,JPY,0.00885351
2017-10-08,TRY,0.27646712
2017-10-08,USD,1.0
2017-10-09,EUR,1.1746
2017-10-09,GBP,1.31688996
2017-10-09,JPY,0.00887428
2017-10-09,TRY,0.26918141
2017-10-09,USD,1.0
2017-10-10,EUR,1.1797
2017-10-10,GBP,1.31942736
2017-10-10,JPY,0.00890004
2017-10-10,TRY,0.27191426
2017-10-10,USD,1.0
2017-10-11,EUR,1.183
2017-10-11,GBP,1.31869357
2017-10-11,JPY,0.0089135
2017-10-11,TRY,0.2729769
2017-10-11,USD,1.0
2017-10-12,EUR,1.1856
2017-10-12,GBP,1.31390259
2017-10-12,JPY,0.00890625
2017-10-12,TRY,0.27300359
2017-10-12,USD,1.0
2017-10-13,EUR,1.181
2017-10-13,GBP,1.32726455
2017-10-13,JPY,0.00891388
2017-10-13,TRY,0.27322152
2017-10-13,USD,1.0
2017-10-14,EUR,1.181
2017-10-14,GBP,1.32726455
2017-10-14,JPY,0.00891388
2017-10-14,TRY,0.27322152
2017-10-14,USD,1.0
2017-10-15,EUR,1.181
2017-10-15,GBP,1.32726455
2017-10-15,JPY,0.00891388
2017-10-15,TRY,0.27322152
2017-10-15,USD,1.0
2017-10-16,EUR,1.1803
2017-10-16,GBP,1.32987054
2017-10-16,JPY,0.00894234
2017-10-16,TRY,0.27464805
2017-10-16,USD,1.0
2017-10-17,EUR,1.1759
2017-10-17,GBP,1.31904249
2017-10-17,JPY,0.00891238
2017-10-17,TRY,0.27314116
2017-10-17,USD,1.0
2017-10-18,EUR,1.1749
2017-10-18,GBP,1.315928
2017-10-18,JPY,0.00885915
2017-10-18,TRY,0.27181029
2017-10-18,USD,1.0
2017-10-19,EUR,1.1834
2017-10-19,GBP,1.31759728
2017-10-19,JPY,0.00888572
2017-10-19,TRY,0.27315114
2017-10-19,USD,1.0
2017-10-20,EUR,1.1818
2017-10-20,GBP,1.31863473
2017-10-20,JPY,0.00883589
2017-10-20,TRY,0.27300238
2017-10-20,USD,1.0
2017-10-21,EUR,1.1818
2017-10-21,GBP,1.31863473
2017-10-21,JPY,0.00883589
2017-10-21,TRY,0.27300238
2017-10-21,USD,1.0
2017-10-22,EUR,1.1818
2017-10-22,GBP,1.31863473
2017-10-22,JPY,0.00883589
2017-10-22,TRY,0.27300238
2017-10-22,USD,1.0
2017-10-23,EUR,1.174
2017-10-23,GBP,1.31776855
2017-10-23,JPY,0.00878808
2017-10-23,TRY,0.2705942
2017-10-23,USD,1.0
2017-10-24,EUR,1.1761
2017-10-24,GBP,1.31697703
2017-10-24,JPY,0.00878014
2017-10-24,TRY,0.26881671
2017-10-24,USD,1.0
2017-10-25,EUR,1.1785
2017-10-25,GBP,1.32590034
2017-10-25,JPY,0.00876795
2017-10-25,TRY,0.26802365
2017-10-25,USD,1.0
2017-10-26,EUR,1.1753
2017-10-26,GBP,1.32041344
2017-10-26,JPY,0.00878729
2017-10-26,TRY,0.26507736
2017-10-26,USD,1.0
2017-10-27,EUR,1.1605
2017-10-27,GBP,1.30933174
2017-10-27,JPY,0.00875717
2017-10-27,TRY,0.26160366
2017-10-27,USD,1.0
2017-10-28,EUR,1.1605
2017-10-28,GBP,1.30933174
2017-10-28,JPY,0.00875717
2017-10-28,TRY,0.26160366
2017-10-28,USD,1.0
2017-10-29,EUR,1.1605
2017-10-29,GBP,1.30933174
2017-10-29,JPY,0.00875717
2017-10-29,TRY,0.26160366
2017-10-29,USD,1.0
2017-10-30,EUR,1.1612
2017-10-30,GBP,1.31984542
2017-10-30,JPY,0.00880831
2017-10-30,TRY,0.26480582
2017-10-30,USD,1.0
2017-10-31,EUR,1.1638
2017-10-31,GBP,1.32471287
2017-10-31,JPY,0.00881667
2017-10-31,TRY,0.2635178
2017-10-31,USD,1.0
2017-11-01,EUR,1.1612
2017-11-01,GBP,1.32883218
2017-11-01,JPY,0.00875716
2017-11-01,TRY,0.26156688
2017-11-01,USD,1.0
2017-11-02,EUR,1.1645
2017-11-02,GBP,1.31300034
2017-11-02,JPY,0.00876223
2017-11-02,TRY,0.26157371
2017-11-02,USD,1.0
2017-11-03,EUR,1.1657
2017-11-03,GBP,1.31090944
2017-11-03,JPY,0.00877654
2017-11-03,TRY,0.25946535
2017-11-03,USD,1.0
2017-11-04,EUR,1.1657
2017-11-04,GBP,1.31090944
2017-11-04,JPY,0.00877654
2017-11-04,TRY,0.25946535
2017-11-04,USD,1.0
2017-11-05,EUR,1.1657
2017-11-05,GBP,1.31090944
2017-11-05,JPY,0.00877654
2017-11-05,TRY,0.25946535
2017-11-05,USD,1.0
2017-11-06,EUR,1.159
2017-11-06,GBP,1.3112343
2017-11-06,JPY,0.00876106
2017-11-06,TRY,0.25861877
2017-11-06,USD,1.0
2017-11-07,EUR,1.1562
2017-11-07,GBP,1.31329653
2017-11-07,JPY,0.0087571
2017-11-07,TRY,0.25881405
2017-11-07,USD,1.0
2017-11-08,EUR,1.159
2017-11-08,GBP,1.31101182
2017-11-08,JPY,0.00881101
2017-11-08,TRY,0.2572697
2017-11-08,USD,1.0
2017-11-09,EUR,1.163
2017-11-09,GBP,1.31215236
2017-11-09,JPY,0.00882732
2017-11-09,TRY,0.25866287
2017-11-09,USD,1.0
2017-11-10,EUR,1.1654
2017-11-10,GBP,1.31877334
2017-11-10,JPY,0.00882344
2017-11-10,TRY,0.25842074
2017-11-10,USD,1.0
2017-11-11,EUR,1.1654
2017-11-11,GBP,1.31877334
2017-11-11,JPY,0.00882344
2017-11-11,TRY,0.25842074
2017-11-11,USD,1.0
2017-11-12,EUR,1.1654
2017-11-12,GBP,1.31877334
2017-11-12,JPY,0.00882344
2017-11-12,TRY,0.25842074
2017-11-12,USD,1.0
2017-11-13,EUR,1.1656
2017-11-13,GBP,1.3093981
2017-11-13,JPY,0.00882562
2017-11-13,TRY,0.25720464
2017-11-13,USD,1.0
2017-11-14,EUR,1.1745
2017-11-14,GBP,1.31104538
2017-11-14,JPY,0.00881161
2017-11-14,TRY,0.25826242
2017-11-14,USD,1.0
2017-11-15,EUR,1.184
2017-11-15,GBP,1.31687243
2017-11-15,JPY,0.00887224
2017-11-15,TRY,0.25750886
2017-11-15,USD,1.0
2017-11-16,EUR,1.1771
2017-11-16,GBP,1.31987038
2017-11-16,JPY,0.0088424
2017-11-16,TRY,0.25890245
2017-11-16,USD,1.0
2017-11-17,EUR,1.1795
2017-11-17,GBP,1.31957264
2017-11-17,JPY,0.00888044
2017-11-17,TRY,0.25727435
2017-11-17,USD,1.0
2017-11-18,EUR,1.1795
2017-11-18,GBP,1.31957264
2017-11-18,JPY,0.00888044
2017-11-18,TRY,0.25727435
2017-11-18,USD,1.0
2017-11-19,EUR,1.1795
2017-11-19,GBP,1.31957264
2017-11-19,JPY,0.00888044
2017-11-19,TRY,0.25727435
2017-11-19,USD,1.0
2017-11-20,EUR,1.1781
2017-11-20,GBP,1.32460085
2017-11-20,JPY,0.00891824
2017-11-20,TRY,0.2549393
2017-11-20,USD,1.0
2017-11-21,EUR,1.1718
2017-11-21,GBP,1.32409772
2017-11-21,JPY,0.00888602
2017-11-21,TRY,0.25306669
2017-11-21,USD,1.0
2017-11-22,EUR,1.1749
2017-11-22,GBP,1.32293661
2017-11-22,JPY,0.00892713
2017-11-22,TRY,0.25235733
2017-11-22,USD,1.0
2017-11-23,EUR,1.1848
2017-11-23,GBP,1.33116117
2017-11-23,JPY,0.00899006
2017-11-23,TRY,0.25523481
2017-11-23,USD,1.0
2017-11-24,EUR,1.1877
2017-11-24,GBP,1.33269749
2017-11-24,JPY,0.0089814
2017-11-24,TRY,0.25364114
2017-11-24,USD,1.0
2017-11-25,EUR,1.1877
2017-11-25,GBP,1.33269749
2017-11-25,JPY,0.0089814
2017-11-25,TRY,0.25364114
2017-11-25,USD,1.0
2017-11-26,EUR,1.1877
2017-11-26,GBP,1.33269749
2017-11-26,JPY,0.0089814
2017-11-26,TRY,0.25364114
2017-11-26,USD,1.0
2017-11-27,EUR,1.1952
2017-11-27,GBP,1.33728671
2017-11-27,JPY,0.00900746
2017-11-27,TRY,0.25562495
2017-11-27,USD,1.0
2017-11-28,EUR,1.1888
2017-11-28,GBP,1.32770444
2017-11-28,JPY,0.00898972
2017-11-28,TRY,0.25464827
2017-11-28,USD,1.0
2017-11-29,EUR,1.1827
2017-11-29,GBP,1.33951729
2017-11-29,JPY,0.00894359
2017-11-29,TRY,0.25274608
2017-11-29,USD,1.0
2017-11-30,EUR,1.1849
2017-11-30,GBP,1.34670683
2017-11-30,JPY,0.00890367
2017-11-30,TRY,0.25406321
2017-11-30,USD,1.0
2017-12-01,EUR,1.1885
2017-12-01,GBP,1.34880554
2017-12-01,JPY,0.0088893
2017-12-01,TRY,0.25439873
2017-12-01,USD,1.0
2017-12-02,EUR,1.1885
2017-12-02,GBP,1.34880554
2017-12-02,JPY,0.0088893
2017-12-02,TRY,0.25439873
2017-12-02,USD,1.0
2017-12-03,EUR,1.1885
2017-12-03,GBP,1.34880554
2017-12-03,JPY,0.0088893
2017-12-03,TRY,0.25439873
2017-12-03,USD,1.0
2017-12-04,EUR,1.1865
2017-12-04,GBP,1.35252209
2017-12-04,JPY,0.00886043
2017-12-04,TRY,0.256474
2017-12-04,USD,1.0
2017-12-05,EUR,1.1847
2017-12-05,GBP,1.34345622
2017-12-05,JPY,0.00888281
2017-12-05,TRY,0.25853829
2017-12-05,USD,1.0
2017-12-06,EUR,1.1817
2017-12-06,GBP,1.33774834
2017-12-06,JPY,0.00891714
2017-12-06,TRY,0.25977709
2017-12-06,USD,1.0
2017-12-07,EUR,1.1786
2017-12-07,GBP,1.33828405
2017-12-07,JPY,0.00886966
2017-12-07,TRY,0.25873159
2017-12-07,USD,1.0
2017-12-08,EUR,1.1742
2017-12-08,GBP,1.34155955
2017-12-08,JPY,0.00881135
2017-12-08,TRY,0.25998007
2017-12-08,USD,1.0
2017-12-09,EUR,1.1742
2017-12-09,GBP,1.34155955
2017-12-09,JPY,0.00881135
2017-12-09,TRY,0.25998007
2017-12-09,USD,1.0
2017-12-10,EUR,1.1742
2017-12-10,GBP,1.34155955
2017-12-10,JPY,0.00881135
2017-12-10,TRY,0.25998007
2017-12-10,USD,1.0
2017-12-11,EUR,1.1796
2017-12-11,GBP,1.33665722
2017-12-11,JPY,0.00882538
2017-12-11,TRY,0.26164493
2017-12-11,USD,1.0
2017-12-12,EUR,1.1766
2017-12-12,GBP,1.33601308
2017-12-12,JPY,0.00881084
2017-12-12,TRY,0.26123446
2017-12-12,USD,1.0
2017-12-13,EUR,1.1736
2017-12-13,GBP,1.33507764
2017-12-13,JPY,0.00882472
2017-12-13,TRY,0.25940498
2017-12-13,USD,1.0
2017-12-14,EUR,1.1845
2017-12-14,GBP,1.34353414
2017-12-14,JPY,0.00887998
2017-12-14,TRY,0.25831425
2017-12-14,USD,1.0
2017-12-15,EUR,1.1806
2017-12-15,GBP,1.33774489
2017-12-15,JPY,0.00891355
2017-12-15,TRY,0.25888648
2017-12-15,USD,1.0
2017-12-16,EUR,1.1806
2017-12-16,GBP,1.33774489
2017-12-16,JPY,0.00891355
2017-12-16,TRY,0.25888648
2017-12-16,USD,1.0
2017-12-17,EUR,1.1806
2017-12-17,GBP,1.33774489
2017-12-17,JPY,0.00891355
2017-12-17,TRY,0.25888648
2017-12-17,USD,1.0
2017-12-18,EUR,1.1795
2017-12-18,GBP,1.3371803
2017-12-18,JPY,0.00889115
2017-12-18,TRY,0.2606457
2017-12-18,USD,1.0
2017-12-19,EUR,1.1823
2017-12-19,GBP,1.3359322
2017-12-19,JPY,0.00887413
2017-12-19,TRY,0.26102795
2017-12-19,USD,1.0
2017-12-20,EUR,1.1845
2017-12-20,GBP,1.34114583
2017-12-20,JPY,0.00882901
2017-12-20,TRY,0.26109862
2017-12-20,USD,1.0
2017-12-21,EUR,1.1859
2017-12-21,GBP,1.33602965
2017-12-21,JPY,0.0088112
2017-12-21,TRY,0.26171297
2017-12-21,USD,1.0
2017-12-22,EUR,1.1853
2017-12-22,GBP,1.33829374
2017-12-22,JPY,0.00882117
2017-12-22,TRY,0.26194475
2017-12-22,USD,1.0
2017-12-23,EUR,1.1853
2017-12-23,GBP,1.33829374
2017-12-23,JPY,0.00882117
2017-12-23,TRY,0.26194475
2017-12-23,USD,1.0
2017-12-24,EUR,1.1853
2017-12-24,GBP,1.33829374
2017-12-24,JPY,0.00882117
2017-12-24,TRY,0.26194475
2017-12-24,USD,1.0
2017-12-25,EUR,1.1853
2017-12-25,GBP,1.33829374
2017-12-25,JPY,0.00882117
2017-12-25,TRY,0.26194475
2017-12-25,USD,1.0
2017-12-26,EUR,1.1853
2017-12-26,GBP,1.33829374
2017-12-26,JPY,0.00882117
2017-12-26,TRY,0.26194475
2017-12-26,USD,1.0
2017-12-27,EUR,1.1895
2017-12-27,GBP,1.34265687
2017-12-27,JPY,0.00883073
2017-12-27,TRY,0.26157229
2017-12-27,USD,1.0
2017-12-28,EUR,1.1934
2017-12-28,GBP,1.34440339
2017-12-28,JPY,0.00885706
2017-12-28,TRY,0.26252227
2017-12-28,USD,1.0
2017-12-29,EUR,1.1993
2017-12-29,GBP,1.35173518
2017-12-29,JPY,0.00888305
2017-12-29,TRY,0.26379113
2017-12-29,USD,1.0
2017-12-30,EUR,1.1993
2017-12-30,GBP,1.35173518
2017-12-30,JPY,0.00888305
2017-12-30,TRY,0.26379113
2017-12-30,USD,1.0
2017-12-31,EUR,1.1993
2017-12-31,GBP,1.35173518
2017-12-31,JPY,0.00888305
2017-12-31,TRY,0.26379113
2017-12-31,USD,1.0
2018-01-01,EUR,1.1993
2018-01-01,GBP,1.35173518
2018-01-01,JPY,0.00888305
2018-01-01,TRY,0.26379113
2018-01-01,USD,1.0
2018-01-02,EUR,1.2065
2018-01-02,GBP,1.35633424
2018-01-02,JPY,0.00891393
2018-01-02,TRY,0.26610057
2018-01-02,USD,1.0
2018-01-03,EUR,1.2023
2018-01-03,GBP,1.35638538
2018-01-03,JPY,0.00890791
2018-01-03,TRY,0.26539081
2018-01-03,USD,1.0
2018-01-04,EUR,1.2065
2018-01-04,GBP,1.35405093
2018-01-04,JPY,0.00887655
2018-01-04,TRY,0.2659422
2018-01-04,USD,1.0
2018-01-05,EUR,1.2045
2018-01-05,GBP,1.35515228
2018-01-05,JPY,0.00882741
2018-01-05,TRY,0.26691338
2018-01-05,USD,1.0
2018-01-06,EUR,1.2045
2018-01-06,GBP,1.35515228
2018-01-06,JPY,0.00882741
2018-01-06,TRY,0.26691338
2018-01-06,USD,1.0
2018-01-07,EUR,1.2045
2018-01-07,GBP,1.35515228
2018-01-07,JPY,0.00882741
2018-01-07,TRY,0.26691338
2018-01-07,USD,1.0
2018-01-08,EUR,1.1973
2018-01-08,GBP,1.35421262
2018-01-08,JPY,0.00884661
2018-01-08,TRY,0.26673647
2018-01-08,USD,1.0
2018-01-09,EUR,1.1932
2018-01-09,GBP,1.35176164
2018-01-09,JPY,0.00888393
2018-01-09,TRY,0.26608389
2018-01-09,USD,1.0
2018-01-10,EUR,1.1992
2018-01-10,GBP,1.35243036
2018-01-10,JPY,0.0089747
2018-01-10,TRY,0.26328269
2018-01-10,USD,1.0
2018-01-11,EUR,1.2017
2018-01-11,GBP,1.34908785
2018-01-11,JPY,0.00895521
2018-01-11,TRY,0.26325359
2018-01-11,USD,1.0
2018-01-12,EUR,1.2137
2018-01-12,GBP,1.3639684
2018-01-12,JPY,0.00899837
2018-01-12,TRY,0.26623818
2018-01-12,USD,1.0
2018-01-13,EUR,1.2137
2018-01-13,GBP,1.3639684
2018-01-13,JPY,0.00899837
2018-01-13,TRY,0.26623818
2018-01-13,USD,1.0
2018-01-14,EUR,1.2137
2018-01-14,GBP,1.3639684
2018-01-14,JPY,0.00899837
2018-01-14,TRY,0.26623818
2018-01-14,USD,1.0
2018-01-15,EUR,1.2277
2018-01-15,GBP,1.37877205
2018-01-15,JPY,0.00903984
2018-01-15,TRY,0.26435123
2018-01-15,USD,1.0
2018-01-16,EUR,1.223
2018-01-16,GBP,1.3763223
2018-01-16,JPY,0.0090325
2018-01-16,TRY,0.26336757
2018-01-16,USD,1.0
2018-01-17,EUR,1.2203
2018-01-17,GBP,1.3778114
2018-01-17,JPY,0.00902522
2018-01-17,TRY,0.26156385
2018-01-17,USD,1.0
2018-01-18,EUR,1.2235
2018-01-18,GBP,1.3870624
2018-01-18,JPY,0.0089917
2018-01-18,TRY,0.26383318
2018-01-18,USD,1.0
2018-01-19,EUR,1.2255
2018-01-19,GBP,1.38686131
2018-01-19,JPY,0.00904161
2018-01-19,TRY,0.26322572
2018-01-19,USD,1.0
2018-01-20,EUR,1.2255
2018-01-20,GBP,1.38686131
2018-01-20,JPY,0.00904161
2018-01-20,TRY,0.26322572
2018-01-20,USD,1.0
2018-01-21,EUR,1.2255
2018-01-21,GBP,1.38686131
2018-01-21,JPY,0.00904161
2018-01-21,TRY,0.26322572
2018-01-21,USD,1.0
2018-01-22,EUR,1.2239
2018-01-22,GBP,1.38945337
2018-01-22,JPY,0.00902182
2018-01-22,TRY,0.26291029
2018-01-22,USD,1.0
2018-01-23,EUR,1.2249
2018-01-23,GBP,1.39462598
2018-01-23,JPY,0.00904987
2018-01-23,TRY,0.26458581
2018-01-23,USD,1.0
2018-01-24,EUR,1.2352
2018-01-24,GBP,1.41678997
2018-01-24,JPY,0.00914083
2018-01-24,TRY,0.26699522
2018-01-24,USD,1.0
2018-01-25,EUR,1.2407
2018-01-25,GBP,1.42546934
2018-01-25,JPY,0.00918221
2018-01-25,TRY,0.26733463
2018-01-25,USD,1.0
2018-01-26,EUR,1.2436
2018-01-26,GBP,1.42394229
2018-01-26,JPY,0.00914748
2018-01-26,TRY,0.26666667
2018-01-26,USD,1.0
2018-01-27,EUR,1.2436
2018-01-27,GBP,1.42394229
2018-01-27,JPY,0.00914748
2018-01-27,TRY,0.26666667
2018-01-27,USD,1.0
2018-01-28,EUR,1.2436
2018-01-28,GBP,1.42394229
2018-01-28,JPY,0.00914748
2018-01-28,TRY,0.26666667
2018-01-28,USD,1.0
2018-01-29,EUR,1.2379
2018-01-29,GBP,1.40766432
2018-01-29,JPY,0.00918664
2018-01-29,TRY,0.26476313
2018-01-29,USD,1.0
2018-01-30,EUR,1.2421
2018-01-30,GBP,1.41260093
2018-01-30,JPY,0.0092021
2018-01-30,TRY,0.26521897
2018-01-30,USD,1.0
2018-01-31,EUR,1.2457
2018-01-31,GBP,1.4170174
2018-01-31,JPY,0.00918658
2018-01-31,TRY,0.26656253
2018-01-31,USD,1.0
2018-02-01,EUR,1.2459
2018-02-01,GBP,1.42356033
2018-02-01,JPY,0.00911946
2018-02-01,TRY,0.26691947
2018-02-01,USD,1.0
2018-02-02,EUR,1.2492
2018-02-02,GBP,1.42196927
2018-02-02,JPY,0.00910363
2018-02-02,TRY,0.2669516
2018-02-02,USD,1.0
2018-02-03,EUR,1.2492
2018-02-03,GBP,1.42196927
2018-02-03,JPY,0.00910363
2018-02-03,TRY,0.2669516
2018-02-03,USD,1.0
2018-02-04,EUR,1.2492
2018-02-04,GBP,1.42196927
2018-02-04,JPY,0.00910363
2018-02-04,TRY,0.2669516
2018-02-04,USD,1.0
2018-02-05,EUR,1.244
2018-02-05,GBP,1.4045705
2018-02-05,JPY,0.00910222
2018-02-05,TRY,0.26595972
2018-02-05,USD,1.0
2018-02-06,EUR,1.2329
2018-02-06,GBP,1.38707318
2018-02-06,JPY,0.00913462
2018-02-06,TRY,0.26430424
2018-02-06,USD,1.0
2018-02-07,EUR,1.2338
2018-02-07,GBP,1.39137299
2018-02-07,JPY,0.0091501
2018-02-07,TRY,0.26430454
2018-02-07,USD,1.0
2018-02-08,EUR,1.2252
2018-02-08,GBP,1.40002057
2018-02-08,JPY,0.00912218
2018-02-08,TRY,0.26234984
2018-02-08,USD,1.0
2018-02-09,EUR,1.2273
2018-02-09,GBP,1.38302907
2018-02-09,JPY,0.00918706
2018-02-09,TRY,0.26129444
2018-02-09,USD,1.0
2018-02-10,EUR,1.2273
2018-02-10,GBP,1.38302907
2018-02-10,JPY,0.00918706
2018-02-10,TRY,0.26129444
2018-02-10,USD,1.0
2018-02-11,EUR,1.2273
2018-02-11,GBP,1.38302907
2018-02-11,JPY,0.00918706
2018-02-11,TRY,0.26129444
2018-02-11,USD,1.0
2018-02-12,EUR,1.2263
2018-02-12,GBP,1.38408578
2018-02-12,JPY,0.00920438
2018-02-12,TRY,0.26288372
2018-02-12,USD,1.0
2018-02-13,EUR,1.2333
2018-02-13,GBP,1.38674313
2018-02-13,JPY,0.0092855
2018-02-13,TRY,0.26316014
2018-02-13,USD,1.0
2018-02-14,EUR,1.2348
2018-02-14,GBP,1.38679245
2018-02-14,JPY,0.00932628
2018-02-14,TRY,0.26312088
2018-02-14,USD,1.0
2018-02-15,EUR,1.2493
2018-02-15,GBP,1.40909091
2018-02-15,JPY,0.00938547
2018-02-15,TRY,0.26554861
2018-02-15,USD,1.0
2018-02-16,EUR,1.2464
2018-02-16,GBP,1.40355619
2018-02-16,JPY,0.00941817
2018-02-16,TRY,0.26641587
2018-02-16,USD,1.0
2018-02-17,EUR,1.2464
2018-02-17,GBP,1.40355619
2018-02-17,JPY,0.00941817
2018-02-17,TRY,0.26641587
2018-02-17,USD,1.0
2018-02-18,EUR,1.2464
2018-02-18,GBP,1.40355619
2018-02-18,JPY,0.00941817
2018-02-18,TRY,0.26641587
2018-02-18,USD,1.0
2018-02-19,EUR,1.241
2018-02-19,GBP,1.40083531
2018-02-19,JPY,0.00938445
2018-02-19,TRY,0.26645196
2018-02-19,USD,1.0
2018-02-20,EUR,1.234
2018-02-20,GBP,1.39960076
2018-02-20,JPY,0.00933081
2018-02-20,TRY,0.26500021
2018-02-20,USD,1.0
2018-02-21,EUR,1.2312
2018-02-21,GBP,1.39176831
2018-02-21,JPY,0.00929839
2018-02-21,TRY,0.26392283
2018-02-21,USD,1.0
2018-02-22,EUR,1.2276
2018-02-22,GBP,1.38958378
2018-02-22,JPY,0.00933749
2018-02-22,TRY,0.26316241
2018-02-22,USD,1.0
2018-02-23,EUR,1.2299
2018-02-23,GBP,1.3985672
2018-02-23,JPY,0.00936853
2018-02-23,TRY,0.26406871
2018-02-23,USD,1.0
2018-02-24,EUR,1.2299
2018-02-24,GBP,1.3985672
2018-02-24,JPY,0.00936853
2018-02-24,TRY,0.26406871
2018-02-24,USD,1.0
2018-02-25,EUR,1.2299
2018-02-25,GBP,1.3985672
2018-02-25,JPY,0.00936853
2018-02-25,TRY,0.26406871
2018-02-25,USD,1.0
2018-02-26,EUR,1.232
2018-02-26,GBP,1.40286951
2018-02-26,JPY,0.0093617
2018-02-26,TRY,0.26449688
2018-02-26,USD,1.0
2018-02-27,EUR,1.2301
2018-02-27,GBP,1.39151584
2018-02-27,JPY,0.00933521
2018-02-27,TRY,0.26380579
2018-02-27,USD,1.0
2018-02-28,EUR,1.2214
2018-02-28,GBP,1.3814398
2018-02-28,JPY,0.00934364
2018-02-28,TRY,0.26294375
2018-02-28,USD,1.0
2018-03-01,EUR,1.2171
2018-03-01,GBP,1.37494352
2018-03-01,JPY,0.00936375
2018-03-01,TRY,0.26210832
2018-03-01,USD,1.0
2018-03-02,EUR,1.2312
2018-03-02,GBP,1.37841469
2018-03-02,JPY,0.00948755
2018-03-02,TRY,0.26196859
2018-03-02,USD,1.0
2018-03-03,EUR,1.2312
2018-03-03,GBP,1.37841469
2018-03-03,JPY,0.00948755
2018-03-03,TRY,0.26196859
2018-03-03,USD,1.0
2018-03-04,EUR,1.2312
2018-03-04,GBP,1.37841469
2018-03-04,JPY,0.00948755
2018-03-04,TRY,0.26196859
2018-03-04,USD,1.0
2018-03-05,EUR,1.2307
2018-03-05,GBP,1.38172224
2018-03-05,JPY,0.00946547
2018-03-05,TRY,0.26219135
2018-03-05,USD,1.0
2018-03-06,EUR,1.2411
2018-03-06,GBP,1.39191387
2018-03-06,JPY,0.00941368
2018-03-06,TRY,0.26399081
2018-03-06,USD,1.0
2018-03-07,EUR,1.2417
2018-03-07,GBP,1.38717281
2018-03-07,JPY,0.00944905
2018-03-07,TRY,0.26333984
2018-03-07,USD,1.0
2018-03-08,EUR,1.2421
2018-03-08,GBP,1.38836416
2018-03-08,JPY,0.00942198
2018-03-08,TRY,0.26245616
2018-03-08,USD,1.0
2018-03-09,EUR,1.2291
2018-03-09,GBP,1.38267355
2018-03-09,JPY,0.00936029
2018-03-09,TRY,0.26185049
2018-03-09,USD,1.0
2018-03-10,EUR,1.2291
2018-03-10,GBP,1.38267355
2018-03-10,JPY,0.00936029
2018-03-10,TRY,0.26185049
2018-03-10,USD,1.0
2018-03-11,EUR,1.2291
2018-03-11,GBP,1.38267355
2018-03-11,JPY,0.00936029
2018-03-11,TRY,0.26185049
2018-03-11,USD,1.0
2018-03-12,EUR,1.2302
2018-03-12,GBP,1.38864432
2018-03-12,JPY,0.00938797
2018-03-12,TRY,0.26056935
2018-03-12,USD,1.0
2018-03-13,EUR,1.2378
2018-03-13,GBP,1.3962775
2018-03-13,JPY,0.0093553
2018-03-13,TRY,0.25883485
2018-03-13,USD,1.0
2018-03-14,EUR,1.2369
2018-03-14,GBP,1.39557712
2018-03-14,JPY,0.00938681
2018-03-14,TRY,0.25809615
2018-03-14,USD,1.0
2018-03-15,EUR,1.2341
2018-03-15,GBP,1.39477848
2018-03-15,JPY,0.00942781
2018-03-15,TRY,0.25658565
2018-03-15,USD,1.0
2018-03-16,EUR,1.2301
2018-03-16,GBP,1.39383364
2018-03-16,JPY,0.00944705
2018-03-16,TRY,0.2554884
2018-03-16,USD,1.0
2018-03-17,EUR,1.2301
2018-03-17,GBP,1.39383364
2018-03-17,JPY,0.00944705
2018-03-17,TRY,0.2554884
2018-03-17,USD,1.0
2018-03-18,EUR,1.2301
2018-03-18,GBP,1.39383364
2018-03-18,JPY,0.00944705
2018-03-18,TRY,0.2554884
2018-03-18,USD,1.0
2018-03-19,EUR,1.2309
2018-03-19,GBP,1.40524928
2018-03-19,JPY,0.00942135
2018-03-19,TRY,0.25335501
2018-03-19,USD,1.0
2018-03-20,EUR,1.2276
2018-03-20,GBP,1.39953258
2018-03-20,JPY,0.00939106
2018-03-20,TRY,0.25448816
2018-03-20,USD,1.0
2018-03-21,EUR,1.2286
2018-03-21,GBP,1.40567257
2018-03-21,JPY,0.00941456
2018-03-21,TRY,0.25409497
2018-03-21,USD,1.0
2018-03-22,EUR,1.2316
2018-03-22,GBP,1.41238532
2018-03-22,JPY,0.0094921
2018-03-22,TRY,0.25461011
2018-03-22,USD,1.0
2018-03-23,EUR,1.2346
2018-03-23,GBP,1.41444693
2018-03-23,JPY,0.00951595
2018-03-23,TRY,0.25257774
2018-03-23,USD,1.0
2018-03-24,EUR,1.2346
2018-03-24,GBP,1.41444693
2018-03-24,JPY,0.00951595
2018-03-24,TRY,0.25257774
2018-03-24,USD,1.0
2018-03-25,EUR,1.2346
2018-03-25,GBP,1.41444693
2018-03-25,JPY,0.00951595
2018-03-25,TRY,0.25257774
2018-03-25,USD,1.0
2018-03-26,EUR,1.2411
2018-03-26,GBP,1.42249679
2018-03-26,JPY,0.00951253
2018-03-26,TRY,0.25090975
2018-03-26,USD,1.0
2018-03-27,EUR,1.2376
2018-03-27,GBP,1.40732317
2018-03-27,JPY,0.00944444
2018-03-27,TRY,0.25037933
2018-03-27,USD,1.0
2018-03-28,EUR,1.2398
2018-03-28,GBP,1.41521603
2018-03-28,JPY,0.00942097
2018-03-28,TRY,0.25015637
2018-03-28,USD,1.0
2018-03-29,EUR,1.2321
2018-03-29,GBP,1.40827523
2018-03-29,JPY,0.00939459
2018-03-29,TRY,0.2515722
2018-03-29,USD,1.0
2018-03-30,EUR,1.2321
2018-03-30,GBP,1.40827523
2018-03-30,JPY,0.00939459
2018-03-30,TRY,0.2515722
2018-03-30,USD,1.0
2018-03-31,EUR,1.2321
2018-03-31,GBP,1.40827523
2018-03-31,JPY,0.00939459
2018-03-31,TRY,0.2515722
2018-03-31,USD,1.0
2018-04-01,EUR,1.2321
2018-04-01,GBP,1.40827523
2018-04-01,JPY,0.00939459
2018-04-01,TRY,0.2515722
2018-04-01,USD,1.0
2018-04-02,EUR,1.2321
2018-04-02,GBP,1.40827523
2018-04-02,JPY,0.00939459
2018-04-02,TRY,0.2515722
2018-04-02,USD,1.0
2018-04-03,EUR,1.2308
2018-04-03,GBP,1.40625893
2018-04-03,JPY,0.00941266
2018-04-03,TRY,0.25135295
2018-04-03,USD,1.0
2018-04-04,EUR,1.2276
2018-04-04,GBP,1.40180193
2018-04-04,JPY,0.00941195
2018-04-04,TRY,0.24919816
2018-04-04,USD,1.0
2018-04-05,EUR,1.226
2018-04-05,GBP,1.40282625
2018-04-05,JPY,0.00934024
2018-04-05,TRY,0.2474618
2018-04-05,USD,1.0
2018-04-06,EUR,1.2234
2018-04-06,GBP,1.40145484
2018-04-06,JPY,0.00931617
2018-04-06,TRY,0.24643461
2018-04-06,USD,1.0
2018-04-07,EUR,1.2234
2018-04-07,GBP,1.40145484
2018-04-07,JPY,0.00931617
2018-04-07,TRY,0.24643461
2018-04-07,USD,1.0
2018-04-08,EUR,1.2234
2018-04-08,GBP,1.40145484
2018-04-08,JPY,0.00931617
2018-04-08,TRY,0.24643461
2018-04-08,USD,1.0
2018-04-09,EUR,1.2304
2018-04-09,GBP,1.41282381
2018-04-09,JPY,0.00934528
2018-04-09,TRY,0.24599144
2018-04-09,USD,1.0
2018-04-10,EUR,1.2361
2018-04-10,GBP,1.41782228
2018-04-10,JPY,0.00934457
2018-04-10,TRY,0.24418237
2018-04-10,USD,1.0
2018-04-11,EUR,1.2384
2018-04-11,GBP,1.41758242
2018-04-11,JPY,0.00936338
2018-04-11,TRY,0.23892576
2018-04-11,USD,1.0
2018-04-12,EUR,1.2323
2018-04-12,GBP,1.42060061
2018-04-12,JPY,0.00933278
2018-04-12,TRY,0.24415034
2018-04-12,USD,1.0
2018-04-13,EUR,1.2317
2018-04-13,GBP,1.4255787
2018-04-13,JPY,0.00928604
2018-04-13,TRY,0.24433159
2018-04-13,USD,1.0
2018-04-14,EUR,1.2317
2018-04-14,GBP,1.4255787
2018-04-14,JPY,0.00928604
2018-04-14,TRY,0.24433159
2018-04-14,USD,1.0
2018-04-15,EUR,1.2317
2018-04-15,GBP,1.4255787
2018-04-15,JPY,0.00928604
2018-04-15,TRY,0.24433159
2018-04-15,USD,1.0
2018-04-16,EUR,1.237
2018-04-16,GBP,1.43063667
2018-04-16,JPY,0.00931686
2018-04-16,TRY,0.24342727
2018-04-16,USD,1.0
2018-04-17,EUR,1.2357
2018-04-17,GBP,1.4321975
2018-04-17,JPY,0.00933661
2018-04-17,TRY,0.24356447
2018-04-17,USD,1.0
2018-04-18,EUR,1.2388
2018-04-18,GBP,1.42219161
2018-04-18,JPY,0.00932691
2018-04-18,TRY,0.24429107
2018-04-18,USD,1.0
2018-04-19,EUR,1.2382
2018-04-19,GBP,1.42362748
2018-04-19,JPY,0.00931818
2018-04-19,TRY,0.24844496
2018-04-19,USD,1.0
2018-04-20,EUR,1.2309
2018-04-20,GBP,1.40500868
2018-04-20,JPY,0.00929613
2018-04-20,TRY,0.24715379
2018-04-20,USD,1.0
2018-04-21,EUR,1.2309
2018-04-21,GBP,1.40500868
2018-04-21,JPY,0.00929613
2018-04-21,TRY,0.24715379
2018-04-21,USD,1.0
2018-04-22,EUR,1.2309
2018-04-22,GBP,1.40500868
2018-04-22,JPY,0.00929613
2018-04-22,TRY,0.24715379
2018-04-22,USD,1.0
2018-04-23,EUR,1.2238
2018-04-23,GBP,1.39639434
2018-04-23,JPY,0.0092446
2018-04-23,TRY,0.24437389
2018-04-23,USD,1.0
2018-04-24,EUR,1.2213
2018-04-24,GBP,1.39628207
2018-04-24,JPY,0.00918823
2018-04-24,TRY,0.2443333
2018-04-24,USD,1.0
2018-04-25,EUR,1.2185
2018-04-25,GBP,1.39448386
2018-04-25,JPY,0.00915959
2018-04-25,TRY,0.24366101
2018-04-25,USD,1.0
2018-04-26,EUR,1.2168
2018-04-26,GBP,1.39701493
2018-04-26,JPY,0.00915782
2018-04-26,TRY,0.24566433
2018-04-26,USD,1.0
2018-04-27,EUR,1.207
2018-04-27,GBP,1.37628278
2018-04-27,JPY,0.0091474
2018-04-27,TRY,0.24692116
2018-04-27,USD,1.0
2018-04-28,EUR,1.207
2018-04-28,GBP,1.37628278
2018-04-28,JPY,0.0091474
2018-04-28,TRY,0.24692116
2018-04-28,USD,1.0
2018-04-29,EUR,1.207
2018-04-29,GBP,1.37628278
2018-04-29,JPY,0.0091474
2018-04-29,TRY,0.24692116
2018-04-29,USD,1.0
2018-04-30,EUR,1.2079
2018-04-30,GBP,1.37323784
2018-04-30,JPY,0.00914245
2018-04-30,TRY,0.24703452
2018-04-30,USD,1.0
2018-05-01,EUR,1.2079
2018-05-01,GBP,1.37323784
2018-05-01,JPY,0.00914245
2018-05-01,TRY,0.24703452
2018-05-01,USD,1.0
2018-05-02,EUR,1.2007
2018-05-02,GBP,1.3638119
2018-05-02,JPY,0.00910725
2018-05-02,TRY,0.2410415
2018-05-02,USD,1.0
2018-05-03,EUR,1.1992
2018-05-03,GBP,1.35994557
2018-05-03,JPY,0.0091521
2018-05-03,TRY,0.2381255
2018-05-03,USD,1.0
2018-05-04,EUR,1.1969
2018-05-04,GBP,1.35649119
2018-05-04,JPY,0.00918079
2018-05-04,TRY,0.23485666
2018-05-04,USD,1.0
2018-05-05,EUR,1.1969
2018-05-05,GBP,1.35649119
2018-05-05,JPY,0.00918079
2018-05-05,TRY,0.23485666
2018-05-05,USD,1.0
2018-05-06,EUR,1.1969
2018-05-06,GBP,1.35649119
2018-05-06,JPY,0.00918079
2018-05-06,TRY,0.23485666
2018-05-06,USD,1.0
2018-05-07,EUR,1.1902
2018-05-07,GBP,1.35234632
2018-05-07,JPY,0.00914483
2018-05-07,TRY,0.23416688
2018-05-07,USD,1.0
2018-05-08,EUR,1.187
2018-05-08,GBP,1.34993745
2018-05-08,JPY,0.00916956
2018-05-08,TRY,0.23318403
2018-05-08,USD,1.0
2018-05-09,EUR,1.1879
2018-05-09,GBP,1.35845389
2018-05-09,JPY,0.00912085
2018-05-09,TRY,0.23372816
2018-05-09,USD,1.0
2018-05-10,EUR,1.1878
2018-05-10,GBP,1.35269332
2018-05-10,JPY,0.00912149
2018-05-10,TRY,0.23553907
2018-05-10,USD,1.0
2018-05-11,EUR,1.1934
2018-05-11,GBP,1.35613636
2018-05-11,JPY,0.00914903
2018-05-11,TRY,0.23388535
2018-05-11,USD,1.0
2018-05-12,EUR,1.1934
2018-05-12,GBP,1.35613636
2018-05-12,JPY,0.00914903
2018-05-12,TRY,0.23388535
2018-05-12,USD,1.0
2018-05-13,EUR,1.1934
2018-05-13,GBP,1.35613636
2018-05-13,JPY,0.00914903
2018-05-13,TRY,0.23388535
2018-05-13,USD,1.0
2018-05-14,EUR,1.1988
2018-05-14,GBP,1.35856754
2018-05-14,JPY,0.00913232
2018-05-14,TRY,0.23166113
2018-05-14,USD,1.0
2018-05-15,EUR,1.1883
2018-05-15,GBP,1.35187713
2018-05-15,JPY,0.00908695
2018-05-15,TRY,0.22540261
2018-05-15,USD,1.0
2018-05-16,EUR,1.1784
2018-05-16,GBP,1.34800613
2018-05-16,JPY,0.00907648
2018-05-16,TRY,0.22584231
2018-05-16,USD,1.0
2018-05-17,EUR,1.1805
2018-05-17,GBP,1.35145965
2018-05-17,JPY,0.0090349
2018-05-17,TRY,0.22486999
2018-05-17,USD,1.0
2018-05-18,EUR,1.1781
2018-05-18,GBP,1.3490982
2018-05-18,JPY,0.00901446
2018-05-18,TRY,0.22348902
2018-05-18,USD,1.0
2018-05-19,EUR,1.1781
2018-05-19,GBP,1.3490982
2018-05-19,JPY,0.00901446
2018-05-19,TRY,0.22348902
2018-05-19,USD,1.0
2018-05-20,EUR,1.1781
2018-05-20,GBP,1.3490982
2018-05-20,JPY,0.00901446
2018-05-20,TRY,0.22348902
2018-05-20,USD,1.0
2018-05-21,EUR,1.1759
2018-05-21,GBP,1.34173893
2018-05-21,JPY,0.00898731
2018-05-21,TRY,0.21771088
2018-05-21,USD,1.0
2018-05-22,EUR,1.1794
2018-05-22,GBP,1.34499589
2018-05-22,JPY,0.00902372
2018-05-22,TRY,0.21559667
2018-05-22,USD,1.0
2018-05-23,EUR,1.1708
2018-05-23,GBP,1.33116551
2018-05-23,JPY,0.00910349
2018-05-23,TRY,0.20509407
2018-05-23,USD,1.0
2018-05-24,EUR,1.1728
2018-05-24,GBP,1.34072592
2018-05-24,JPY,0.00912969
2018-05-24,TRY,0.21016415
2018-05-24,USD,1.0
2018-05-25,EUR,1.1675
2018-05-25,GBP,1.33367603
2018-05-25,JPY,0.00914109
2018-05-25,TRY,0.21168386
2018-05-25,USD,1.0
2018-05-26,EUR,1.1675
2018-05-26,GBP,1.33367603
2018-05-26,JPY,0.00914109
2018-05-26,TRY,0.21168386
2018-05-26,USD,1.0
2018-05-27,EUR,1.1675
2018-05-27,GBP,1.33367603
2018-05-27,JPY,0.00914109
2018-05-27,TRY,0.21168386
2018-05-27,USD,1.0
2018-05-28,EUR,1.1644
2018-05-28,GBP,1.33127537
2018-05-28,JPY,0.00914474
2018-05-28,TRY,0.21771811
2018-05-28,USD,1.0
2018-05-29,EUR,1.1558
2018-05-29,GBP,1.32632569
2018-05-29,JPY,0.00918176
2018-05-29,TRY,0.21668541
2018-05-29,USD,1.0
2018-05-30,EUR,1.1632
2018-05-30,GBP,1.32937143
2018-05-30,JPY,0.0091764
2018-05-30,TRY,0.22447798
2018-05-30,USD,1.0
2018-05-31,EUR,1.1699
2018-05-31,GBP,1.33428376
2018-05-31,JPY,0.00918794
2018-05-31,TRY,0.22229612
2018-05-31,USD,1.0
2018-06-01,EUR,1.1669
2018-06-01,GBP,1.33086223
2018-06-01,JPY,0.00913496
2018-06-01,TRY,0.21612861
2018-06-01,USD,1.0
2018-06-02,EUR,1.1669
2018-06-02,GBP,1.33086223
2018-06-02,JPY,0.00913496
2018-06-02,TRY,0.21612861
2018-06-02,USD,1.0
2018-06-03,EUR,1.1669
2018-06-03,GBP,1.33086223
2018-06-03,JPY,0.00913496
2018-06-03,TRY,0.21612861
2018-06-03,USD,1.0
2018-06-04,EUR,1.1737
2018-06-04,GBP,1.33872458
2018-06-04,JPY,0.00913812
2018-06-04,TRY,0.21657779
2018-06-04,USD,1.0
2018-06-05,EUR,1.1675
2018-06-05,GBP,1.33596521
2018-06-05,JPY,0.0091154
2018-06-05,TRY,0.21677776
2018-06-05,USD,1.0
2018-06-06,EUR,1.1765
2018-06-06,GBP,1.34176522
2018-06-06,JPY,0.00908003
2018-06-06,TRY,0.21755612
2018-06-06,USD,1.0
2018-06-07,EUR,1.1836
2018-06-07,GBP,1.34312268
2018-06-07,JPY,0.00908644
2018-06-07,TRY,0.22370062
2018-06-07,USD,1.0
2018-06-08,EUR,1.1754
2018-06-08,GBP,1.33974673
2018-06-08,JPY,0.00913713
2018-06-08,TRY,0.22262207
2018-06-08,USD,1.0
2018-06-09,EUR,1.1754
2018-06-09,GBP,1.33974673
2018-06-09,JPY,0.00913713
2018-06-09,TRY,0.22262207
2018-06-09,USD,1.0
2018-06-10,EUR,1.1754
2018-06-10,GBP,1.33974673
2018-06-10,JPY,0.00913713
2018-06-10,TRY,0.22262207
2018-06-10,USD,1.0
2018-06-11,EUR,1.179
2018-06-11,GBP,1.33703788
2018-06-11,JPY,0.00909582
2018-06-11,TRY,0.22121735
2018-06-11,USD,1.0
2018-06-12,EUR,1.1788
2018-06-12,GBP,1.33688687
2018-06-12,JPY,0.0090656
2018-06-12,TRY,0.21926268
2018-06-12,USD,1.0
2018-06-13,EUR,1.1764
2018-06-13,GBP,1.33363564
2018-06-13,JPY,0.00904714
2018-06-13,TRY,0.21544604
2018-06-13,USD,1.0
2018-06-14,EUR,1.173
2018-06-14,GBP,1.33777357
2018-06-14,JPY,0.00908246
2018-06-14,TRY,0.21621721
2018-06-14,USD,1.0
2018-06-15,EUR,1.1596
2018-06-15,GBP,1.32798901
2018-06-15,JPY,0.00903749
2018-06-15,TRY,0.21210514
2018-06-15,USD,1.0
2018-06-16,EUR,1.1596
2018-06-16,GBP,1.32798901
2018-06-16,JPY,0.00903749
2018-06-16,TRY,0.21210514
2018-06-16,USD,1.0
2018-06-17,EUR,1.1596
2018-06-17,GBP,1.32798901
2018-06-17,JPY,0.00903749
2018-06-17,TRY,0.21210514
2018-06-17,USD,1.0
2018-06-18,EUR,1.1613
2018-06-18,GBP,1.32485312
2018-06-18,JPY,0.00905356
2018-06-18,TRY,0.21183488
2018-06-18,USD,1.0
2018-06-19,EUR,1.1534
2018-06-19,GBP,1.31527032
2018-06-19,JPY,0.00909765
2018-06-19,TRY,0.20981972
2018-06-19,USD,1.0
2018-06-20,EUR,1.1578
2018-06-20,GBP,1.31750836
2018-06-20,JPY,0.00908863
2018-06-20,TRY,0.21072748
2018-06-20,USD,1.0
2018-06-21,EUR,1.1538
2018-06-21,GBP,1.32059059
2018-06-21,JPY,0.00904303
2018-06-21,TRY,0.21072433
2018-06-21,USD,1.0
2018-06-22,EUR,1.1648
2018-06-22,GBP,1.32872478
2018-06-22,JPY,0.00907872
2018-06-22,TRY,0.21318106
2018-06-22,USD,1.0
2018-06-23,EUR,1.1648
2018-06-23,GBP,1.32872478
2018-06-23,JPY,0.00907872
2018-06-23,TRY,0.21318106
2018-06-23,USD,1.0
2018-06-24,EUR,1.1648
2018-06-24,GBP,1.32872478
2018-06-24,JPY,0.00907872
2018-06-24,TRY,0.21318106
2018-06-24,USD,1.0
2018-06-25,EUR,1.17
2018-06-25,GBP,1.32894139
2018-06-25,JPY,0.00912565
2018-06-25,TRY,0.21445461
2018-06-25,USD,1.0
2018-06-26,EUR,1.1672
2018-06-26,GBP,1.32395644
2018-06-26,JPY,0.00912231
2018-06-26,TRY,0.21593621
2018-06-26,USD,1.0
2018-06-27,EUR,1.1616
2018-06-27,GBP,1.31741009
2018-06-27,JPY,0.00906933
2018-06-27,TRY,0.21631285
2018-06-27,USD,1.0
2018-06-28,EUR,1.1583
2018-06-28,GBP,1.30851785
2018-06-28,JPY,0.00907545
2018-06-28,TRY,0.21729669
2018-06-28,USD,1.0
2018-06-29,EUR,1.1658
2018-06-29,GBP,1.3157271
2018-06-29,JPY,0.00903441
2018-06-29,TRY,0.21837595
2018-06-29,USD,1.0
2018-06-30,EUR,1.1658
2018-06-30,GBP,1.3157271
2018-06-30,JPY,0.00903441
2018-06-30,TRY,0.21837595
2018-06-30,USD,1.0
2018-07-01,EUR,1.1658
2018-07-01,GBP,1.3157271
2018-07-01,JPY,0.00903441
2018-07-01,TRY,0.21837595
2018-07-01,USD,1.0
2018-07-02,EUR,1.1639
2018-07-02,GBP,1.31291596
2018-07-02,JPY,0.00903228
2018-07-02,TRY,0.21656774
2018-07-02,USD,1.0
2018-07-03,EUR,1.1665
2018-07-03,GBP,1.32031692
2018-07-03,JPY,0.00903633
2018-07-03,TRY,0.21425685
2018-07-03,USD,1.0
2018-07-04,EUR,1.1642
2018-07-04,GBP,1.32133291
2018-07-04,JPY,0.00905006
2018-07-04,TRY,0.21286477
2018-07-04,USD,1.0
2018-07-05,EUR,1.1709
2018-07-05,GBP,1.32589741
2018-07-05,JPY,0.0090396
2018-07-05,TRY,0.2168253
2018-07-05,USD,1.0
2018-07-06,EUR,1.1724
2018-07-06,GBP,1.32332524
2018-07-06,JPY,0.00904281
2018-07-06,TRY,0.21695844
2018-07-06,USD,1.0
2018-07-07,EUR,1.1724
2018-07-07,GBP,1.32332524
2018-07-07,JPY,0.00904281
2018-07-07,TRY,0.21695844
2018-07-07,USD,1.0
2018-07-08,EUR,1.1724
2018-07-08,GBP,1.32332524
2018-07-08,JPY,0.00904281
2018-07-08,TRY,0.21695844
2018-07-08,USD,1.0
2018-07-09,EUR,1.1789
2018-07-09,GBP,1.33442753
2018-07-09,JPY,0.00905384
2018-07-09,TRY,0.22133979
2018-07-09,USD,1.0
2018-07-10,EUR,1.1713
2018-07-10,GBP,1.32592995
2018-07-10,JPY,0.00898926
2018-07-10,TRY,0.21271225
2018-07-10,USD,1.0
2018-07-11,EUR,1.1735
2018-07-11,GBP,1.32625845
2018-07-11,JPY,0.00899027
2018-07-11,TRY,0.20916885
2018-07-11,USD,1.0
2018-07-12,EUR,1.1658
2018-07-12,GBP,1.32082526
2018-07-12,JPY,0.00889041
2018-07-12,TRY,0.20683415
2018-07-12,USD,1.0
2018-07-13,EUR,1.1643
2018-07-13,GBP,1.31577163
2018-07-13,JPY,0.00888507
2018-07-13,TRY,0.20619123
2018-07-13,USD,1.0
2018-07-14,EUR,1.1643
2018-07-14,GBP,1.31577163
2018-07-14,JPY,0.00888507
2018-07-14,TRY,0.20619123
2018-07-14,USD,1.0
2018-07-15,EUR,1.1643
2018-07-15,GBP,1.31577163
2018-07-15,JPY,0.00888507
2018-07-15,TRY,0.20619123
2018-07-15,USD,1.0
2018-07-16,EUR,1.172
2018-07-16,GBP,1.32774442
2018-07-16,JPY,0.00890239
2018-07-16,TRY,0.20600074
2018-07-16,USD,1.0
2018-07-17,EUR,1.1707
2018-07-17,GBP,1.31947027
2018-07-17,JPY,0.00888172
2018-07-17,TRY,0.20678996
2018-07-17,USD,1.0
2018-07-18,EUR,1.1611
2018-07-18,GBP,1.30287933
2018-07-18,JPY,0.00886877
2018-07-18,TRY,0.20689225
2018-07-18,USD,1.0
2018-07-19,EUR,1.1588
2018-07-19,GBP,1.29767744
2018-07-19,JPY,0.00884715
2018-07-19,TRY,0.20708759
2018-07-19,USD,1.0
2018-07-20,EUR,1.167
2018-07-20,GBP,1.30471239
2018-07-20,JPY,0.00891248
2018-07-20,TRY,0.20884411
2018-07-20,USD,1.0
2018-07-21,EUR,1.167
2018-07-21,GBP,1.30471239
2018-07-21,JPY,0.00891248
2018-07-21,TRY,0.20884411
2018-07-21,USD,1.0
2018-07-22,EUR,1.167
2018-07-22,GBP,1.30471239
2018-07-22,JPY,0.00891248
2018-07-22,TRY,0.20884411
2018-07-22,USD,1.0
2018-07-23,EUR,1.1716
2018-07-23,GBP,1.31389481
2018-07-23,JPY,0.00899985
2018-07-23,TRY,0.21062851
2018-07-23,USD,1.0
2018-07-24,EUR,1.1706
2018-07-24,GBP,1.31265559
2018-07-24,JPY,0.00900046
2018-07-24,TRY,0.20517405
2018-07-24,USD,1.0
2018-07-25,EUR,1.169
2018-07-25,GBP,1.31562658
2018-07-25,JPY,0.00900616
2018-07-25,TRY,0.20667221
2018-07-25,USD,1.0
2018-07-26,EUR,1.1716
2018-07-26,GBP,1.31847851
2018-07-26,JPY,0.00901855
2018-07-26,TRY,0.2075318
2018-07-26,USD,1.0
2018-07-27,EUR,1.1625
2018-07-27,GBP,1.30878264
2018-07-27,JPY,0.0089942
2018-07-27,TRY,0.20491803
2018-07-27,USD,1.0
2018-07-28,EUR,1.1625
2018-07-28,GBP,1.30878264
2018-07-28,JPY,0.0089942
2018-07-28,TRY,0.20491803
2018-07-28,USD,1.0
2018-07-29,EUR,1.1625
2018-07-29,GBP,1.30878264
2018-07-29,JPY,0.0089942
2018-07-29,TRY,0.20491803
2018-07-29,USD,1.0
2018-07-30,EUR,1.1684
2018-07-30,GBP,1.31177725
2018-07-30,JPY,0.00900223
2018-07-30,TRY,0.20470234
2018-07-30,USD,1.0
2018-07-31,EUR,1.1736
2018-07-31,GBP,1.31540013
2018-07-31,JPY,0.00896973
2018-07-31,TRY,0.20474886
2018-07-31,USD,1.0
2018-08-01,EUR,1.1696
2018-08-01,GBP,1.31356694
2018-08-01,JPY,0.00894121
2018-08-01,TRY,0.20286537
2018-08-01,USD,1.0
2018-08-02,EUR,1.1617
2018-08-02,GBP,1.30315778
2018-08-02,JPY,0.00897551
2018-08-02,TRY,0.19783719
2018-08-02,USD,1.0
2018-08-03,EUR,1.1588
2018-08-03,GBP,1.30129141
2018-08-03,JPY,0.0089621
2018-08-03,TRY,0.19654669
2018-08-03,USD,1.0
2018-08-04,EUR,1.1588
2018-08-04,GBP,1.30129141
2018-08-04,JPY,0.0089621
2018-08-04,TRY,0.19654669
2018-08-04,USD,1.0
2018-08-05,EUR,1.1588
2018-08-05,GBP,1.30129141
2018-08-05,JPY,0.0089621
2018-08-05,TRY,0.19654669
2018-08-05,USD,1.0
2018-08-06,EUR,1.1543
2018-08-06,GBP,1.29289875
2018-08-06,JPY,0.00897031
2018-08-06,TRY,0.1935868
2018-08-06,USD,1.0
2018-08-07,EUR,1.1602
2018-08-07,GBP,1.29655912
2018-08-07,JPY,0.00900217
2018-08-07,TRY,0.18881005
2018-08-07,USD,1.0
2018-08-08,EUR,1.1589
2018-08-08,GBP,1.28645168
2018-08-08,JPY,0.00900326
2018-08-08,TRY,0.18918654
2018-08-08,USD,1.0
2018-08-09,EUR,1.1593
2018-08-09,GBP,1.28897042
2018-08-09,JPY,0.00899798
2018-08-09,TRY,0.18507639
2018-08-09,USD,1.0
2018-08-10,EUR,1.1456
2018-08-10,GBP,1.27750209
2018-08-10,JPY,0.0090155
2018-08-10,TRY,0.16528878
2018-08-10,USD,1.0
2018-08-11,EUR,1.1456
2018-08-11,GBP,1.27750209
2018-08-11,JPY,0.0090155
2018-08-11,TRY,0.16528878
2018-08-11,USD,1.0
2018-08-12,EUR,1.1456
2018-08-12,GBP,1.27750209
2018-08-12,JPY,0.0090155
2018-08-12,TRY,0.16528878
2018-08-12,USD,1.0
2018-08-13,EUR,1.1403
2018-08-13,GBP,1.27650285
2018-08-13,JPY,0.00904211
2018-08-13,TRY,0.14498226
2018-08-13,USD,1.0
2018-08-14,EUR,1.1406
2018-08-14,GBP,1.27726764
2018-08-14,JPY,0.00902231
2018-08-14,TRY,0.15354792
2018-08-14,USD,1.0
2018-08-15,EUR,1.1321
2018-08-15,GBP,1.27016717
2018-08-15,JPY,0.00900851
2018-08-15,TRY,0.16318559
2018-08-15,USD,1.0
2018-08-16,EUR,1.137
2018-08-16,GBP,1.27041945
2018-08-16,JPY,0.00902238
2018-08-16,TRY,0.1713175
2018-08-16,USD,1.0
2018-08-17,EUR,1.1391
2018-08-17,GBP,1.27167178
2018-08-17,JPY,0.00905845
2018-08-17,TRY,0.16207564
2018-08-17,USD,1.0
2018-08-18,EUR,1.1391
2018-08-18,GBP,1.27167178
2018-08-18,JPY,0.00905845
2018-08-18,TRY,0.16207564
2018-08-18,USD,1.0
2018-08-19,EUR,1.1391
2018-08-19,GBP,1.27167178
2018-08-19,JPY,0.00905845
2018-08-19,TRY,0.16207564
2018-08-19,USD,1.0
2018-08-20,EUR,1.142
2018-08-20,GBP,1.27629138
2018-08-20,JPY,0.00904554
2018-08-20,TRY,0.16346278
2018-08-20,USD,1.0
2018-08-21,EUR,1.1502
2018-08-21,GBP,1.2817027
2018-08-21,JPY,0.00905598
2018-08-21,TRY,0.16278642
2018-08-21,USD,1.0
2018-08-22,EUR,1.1616
2018-08-22,GBP,1.29170003
2018-08-22,JPY,0.00906933
2018-08-22,TRY,0.16577471
2018-08-22,USD,1.0
2018-08-23,EUR,1.1579
2018-08-23,GBP,1.28830192
2018-08-23,JPY,0.00902424
2018-08-23,TRY,0.16477168
2018-08-23,USD,1.0
2018-08-24,EUR,1.1588
2018-08-24,GBP,1.28470067
2018-08-24,JPY,0.00898504
2018-08-24,TRY,0.16506182
2018-08-24,USD,1.0
2018-08-25,EUR,1.1588
2018-08-25,GBP,1.28470067
2018-08-25,JPY,0.00898504
2018-08-25,TRY,0.16506182
2018-08-25,USD,1.0
2018-08-26,EUR,1.1588
2018-08-26,GBP,1.28470067
2018-08-26,JPY,0.00898504
2018-08-26,TRY,0.16506182
2018-08-26,USD,1.0
2018-08-27,EUR,1.1633
2018-08-27,GBP,1.2873347
2018-08-27,JPY,0.00900666
2018-08-27,TRY,0.16138564
2018-08-27,USD,1.0
2018-08-28,EUR,1.171
2018-08-28,GBP,1.29135421
2018-08-28,JPY,0.00900561
2018-08-28,TRY,0.15971957
2018-08-28,USD,1.0
2018-08-29,EUR,1.166
2018-08-29,GBP,1.28839779
2018-08-29,JPY,0.0089879
2018-08-29,TRY,0.154979
2018-08-29,USD,1.0
2018-08-30,EUR,1.1692
2018-08-30,GBP,1.30261369
2018-08-30,JPY,0.00897176
2018-08-30,TRY,0.14882892
2018-08-30,USD,1.0
2018-08-31,EUR,1.1651
2018-08-31,GBP,1.29830622
2018-08-31,JPY,0.00902828
2018-08-31,TRY,0.15252795
2018-08-31,USD,1.0
2018-09-01,EUR,1.1651
2018-09-01,GBP,1.29830622
2018-09-01,JPY,0.00902828
2018-09-01,TRY,0.15252795
2018-09-01,USD,1.0
2018-09-02,EUR,1.1651
2018-09-02,GBP,1.29830622
2018-09-02,JPY,0.00902828
2018-09-02,TRY,0.15252795
2018-09-02,USD,1.0
2018-09-03,EUR,1.1609
2018-09-03,GBP,1.28762839
2018-09-03,JPY,0.00899713
2018-09-03,TRY,0.15056288
2018-09-03,USD,1.0
2018-09-04,EUR,1.1562
2018-09-04,GBP,1.2838393
2018-09-04,JPY,0.00899067
2018-09-04,TRY,0.14979012
2018-09-04,USD,1.0
2018-09-05,EUR,1.1582
2018-09-05,GBP,1.28221592
2018-09-05,JPY,0.00896648
2018-09-05,TRY,0.14994821
2018-09-05,USD,1.0
2018-09-06,EUR,1.1634
2018-09-06,GBP,1.2951995
2018-09-06,JPY,0.00898032
2018-09-06,TRY,0.15251304
2018-09-06,USD,1.0
2018-09-07,EUR,1.1615
2018-09-07,GBP,1.30103612
2018-09-07,JPY,0.00902206
2018-09-07,TRY,0.1553389
2018-09-07,USD,1.0
2018-09-08,EUR,1.1615
2018-09-08,GBP,1.30103612
2018-09-08,JPY,0.00902206
2018-09-08,TRY,0.1553389
2018-09-08,USD,1.0
2018-09-09,EUR,1.1615
2018-09-09,GBP,1.30103612
2018-09-09,JPY,0.00902206
2018-09-09,TRY,0.1553389
2018-09-09,USD,1.0
2018-09-10,EUR,1.1571
2018-09-10,GBP,1.29516454
2018-09-10,JPY,0.00900187
2018-09-10,TRY,0.15476907
2018-09-10,USD,1.0
2018-09-11,EUR,1.1574
2018-09-11,GBP,1.29945659
2018-09-11,JPY,0.00898463
2018-09-11,TRY,0.15441677
2018-09-11,USD,1.0
2018-09-12,EUR,1.1585
2018-09-12,GBP,1.301276
2018-09-12,JPY,0.00897158
2018-09-12,TRY,0.15701874
2018-09-12,USD,1.0
2018-09-13,EUR,1.162
2018-09-13,GBP,1.30561798
2018-09-13,JPY,0.00896052
2018-09-13,TRY,0.16123661
2018-09-13,USD,1.0
2018-09-14,EUR,1.1689
2018-09-14,GBP,1.31001479
2018-09-14,JPY,0.00893996
2018-09-14,TRY,0.16354199
2018-09-14,USD,1.0
2018-09-15,EUR,1.1689
2018-09-15,GBP,1.31001479
2018-09-15,JPY,0.00893996
2018-09-15,TRY,0.16354199
2018-09-15,USD,1.0
2018-09-16,EUR,1.1689
2018-09-16,GBP,1.31001479
2018-09-16,JPY,0.00893996
2018-09-16,TRY,0.16354199
2018-09-16,USD,1.0
2018-09-17,EUR,1.1671
2018-09-17,GBP,1.31319269
2018-09-17,JPY,0.00892347
2018-09-17,TRY,0.15915289
2018-09-17,USD,1.0
2018-09-18,EUR,1.1697
2018-09-18,GBP,1.31481627
2018-09-18,JPY,0.00891472
2018-09-18,TRY,0.15584987
2018-09-18,USD,1.0
2018-09-19,EUR,1.1667
2018-09-19,GBP,1.31365904
2018-09-19,JPY,0.00891019
2018-09-19,TRY,0.1593069
2018-09-19,USD,1.0
2018-09-20,EUR,1.1769
2018-09-20,GBP,1.32847951
2018-09-20,JPY,0.00891726
2018-09-20,TRY,0.15835576
2018-09-20,USD,1.0
2018-09-21,EUR,1.1759
2018-09-21,GBP,1.31532438
2018-09-21,JPY,0.00887874
2018-09-21,TRY,0.15904511
2018-09-21,USD,1.0
2018-09-22,EUR,1.1759
2018-09-22,GBP,1.31532438
2018-09-22,JPY,0.00887874
2018-09-22,TRY,0.15904511
2018-09-22,USD,1.0
2018-09-23,EUR,1.1759
2018-09-23,GBP,1.31532438
2018-09-23,JPY,0.00887874
2018-09-23,TRY,0.15904511
2018-09-23,USD,1.0
2018-09-24,EUR,1.1773
2018-09-24,GBP,1.31603658
2018-09-24,JPY,0.00888126
2018-09-24,TRY,0.16106878
2018-09-24,USD,1.0
2018-09-25,EUR,1.1777
2018-09-25,GBP,1.31696953
2018-09-25,JPY,0.00886956
2018-09-25,TRY,0.16283893
2018-09-25,USD,1.0
2018-09-26,EUR,1.1737
2018-09-26,GBP,1.3175797
2018-09-26,JPY,0.00885077
2018-09-26,TRY,0.16342245
2018-09-26,USD,1.0
2018-09-27,EUR,1.1707
2018-09-27,GBP,1.31579243
2018-09-27,JPY,0.00885887
2018-09-27,TRY,0.16625719
2018-09-27,USD,1.0
2018-09-28,EUR,1.1576
2018-09-28,GBP,1.30463203
2018-09-28,JPY,0.00882115
2018-09-28,TRY,0.16620244
2018-09-28,USD,1.0
2018-09-29,EUR,1.1576
2018-09-29,GBP,1.30463203
2018-09-29,JPY,0.00882115
2018-09-29,TRY,0.16620244
2018-09-29,USD,1.0
2018-09-30,EUR,1.1576
2018-09-30,GBP,1.30463203
2018-09-30,JPY,0.00882115
2018-09-30,TRY,0.16620244
2018-09-30,USD,1.0
2018-10-01,EUR,1.1606
2018-10-01,GBP,1.30290307
2018-10-01,JPY,0.0087758
2018-10-01,TRY,0.16800811
2018-10-01,USD,1.0
2018-10-02,EUR,1.1543
2018-10-02,GBP,1.29633997
2018-10-02,JPY,0.00878062
2018-10-02,TRY,0.16628013
2018-10-02,USD,1.0
2018-10-03,EUR,1.1548
2018-10-03,GBP,1.29906069
2018-10-03,JPY,0.00878375
2018-10-03,TRY,0.16483485
2018-10-03,USD,1.0
2018-10-04,EUR,1.1502
2018-10-04,GBP,1.29848724
2018-10-04,JPY,0.00875942
2018-10-04,TRY,0.1630911
2018-10-04,USD,1.0
2018-10-05,EUR,1.1506
2018-10-05,GBP,1.30505303
2018-10-05,JPY,0.0087812
2018-10-05,TRY,0.16214083
2018-10-05,USD,1.0
2018-10-06,EUR,1.1506
2018-10-06,GBP,1.30505303
2018-10-06,JPY,0.0087812
2018-10-06,TRY,0.16214083
2018-10-06,USD,1.0
2018-10-07,EUR,1.1506
2018-10-07,GBP,1.30505303
2018-10-07,JPY,0.0087812
2018-10-07,TRY,0.16214083
2018-10-07,USD,1.0
2018-10-08,EUR,1.1478
2018-10-08,GBP,1.30416998
2018-10-08,JPY,0.00882177
2018-10-08,TRY,0.16296107
2018-10-08,USD,1.0
2018-10-09,EUR,1.1435
2018-10-09,GBP,1.30417427
2018-10-09,JPY,0.00883353
2018-10-09,TRY,0.16293119
2018-10-09,USD,1.0
2018-10-10,EUR,1.15
2018-10-10,GBP,1.31506724
2018-10-10,JPY,0.00883053
2018-10-10,TRY,0.1645537
2018-10-10,USD,1.0
2018-10-11,EUR,1.1575
2018-10-11,GBP,1.32300834
2018-10-11,JPY,0.00890385
2018-10-11,TRY,0.16678434
2018-10-11,USD,1.0
2018-10-12,EUR,1.1574
2018-10-12,GBP,1.32062985
2018-10-12,JPY,0.00890376
2018-10-12,TRY,0.17015584
2018-10-12,USD,1.0
2018-10-13,EUR,1.1574
2018-10-13,GBP,1.32062985
2018-10-13,JPY,0.00890376
2018-10-13,TRY,0.17015584
2018-10-13,USD,1.0
2018-10-14,EUR,1.1574
2018-10-14,GBP,1.32062985
2018-10-14,JPY,0.00890376
2018-10-14,TRY,0.17015584
2018-10-14,USD,1.0
2018-10-15,EUR,1.1581
2018-10-15,GBP,1.31535011
2018-10-15,JPY,0.00894079
2018-10-15,TRY,0.17321268
2018-10-15,USD,1.0
2018-10-16,EUR,1.1587
2018-10-16,GBP,1.3228226
2018-10-16,JPY,0.00891857
2018-10-16,TRY,0.1727598
2018-10-16,USD,1.0
2018-10-17,EUR,1.153
2018-10-17,GBP,1.31104668
2018-10-17,JPY,0.00890829
2018-10-17,TRY,0.17518004
2018-10-17,USD,1.0
2018-10-18,EUR,1.1505
2018-10-18,GBP,1.30972303
2018-10-18,JPY,0.00888829
2018-10-18,TRY,0.17923353
2018-10-18,USD,1.0
2018-10-19,EUR,1.147
2018-10-19,GBP,1.30311293
2018-10-19,JPY,0.00888803
2018-10-19,TRY,0.17770823
2018-10-19,USD,1.0
2018-10-20,EUR,1.147
2018-10-20,GBP,1.30311293
2018-10-20,JPY,0.00888803
2018-10-20,TRY,0.17770823
2018-10-20,USD,1.0
2018-10-21,EUR,1.147
2018-10-21,GBP,1.30311293
2018-10-21,JPY,0.00888803
2018-10-21,TRY,0.17770823
2018-10-21,USD,1.0
2018-10-22,EUR,1.1494
2018-10-22,GBP,1.29985864
2018-10-22,JPY,0.00886677
2018-10-22,TRY,0.17658627
2018-10-22,USD,1.0
2018-10-23,EUR,1.1478
2018-10-23,GBP,1.30279332
2018-10-23,JPY,0.00891426
2018-10-23,TRY,0.173313
2018-10-23,USD,1.0
2018-10-24,EUR,1.1389
2018-10-24,GBP,1.29078689
2018-10-24,JPY,0.00887201
2018-10-24,TRY,0.17523965
2018-10-24,USD,1.0
2018-10-25,EUR,1.1416
2018-10-25,GBP,1.28946269
2018-10-25,JPY,0.00889998
2018-10-25,TRY,0.17714055
2018-10-25,USD,1.0
2018-10-26,EUR,1.1345
2018-10-26,GBP,1.2793189
2018-10-26,JPY,0.00892394
2018-10-26,TRY,0.177407
2018-10-26,USD,1.0
2018-10-27,EUR,1.1345
2018-10-27,GBP,1.2793189
2018-10-27,JPY,0.00892394
2018-10-27,TRY,0.177407
2018-10-27,USD,1.0
2018-10-28,EUR,1.1345
2018-10-28,GBP,1.2793189
2018-10-28,JPY,0.00892394
2018-10-28,TRY,0.177407
2018-10-28,USD,1.0
2018-10-29,EUR,1.1381
2018-10-29,GBP,1.28181736
2018-10-29,JPY,0.00889697
2018-10-29,TRY,0.18035021
2018-10-29,USD,1.0
2018-10-30,EUR,1.1372
2018-10-30,GBP,1.27563153
2018-10-30,JPY,0.00886498
2018-10-30,TRY,0.18162362
2018-10-30,USD,1.0
2018-10-31,EUR,1.1318
2018-10-31,GBP,1.27350264
2018-10-31,JPY,0.00883184
2018-10-31,TRY,0.18180066
2018-10-31,USD,1.0
2018-11-01,EUR,1.1393
2018-11-01,GBP,1.2921189
2018-11-01,JPY,0.00886477
2018-11-01,TRY,0.18014072
2018-11-01,USD,1.0
2018-11-02,EUR,1.1417
2018-11-02,GBP,1.29930579
2018-11-02,JPY,0.00885794
2018-11-02,TRY,0.18255808
2018-11-02,USD,1.0
2018-11-03,EUR,1.1417
2018-11-03,GBP,1.29930579
2018-11-03,JPY,0.00885794
2018-11-03,TRY,0.18255808
2018-11-03,USD,1.0
2018-11-04,EUR,1.1417
2018-11-04,GBP,1.29930579
2018-11-04,JPY,0.00885794
2018-11-04,TRY,0.18255808
2018-11-04,USD,1.0
2018-11-05,EUR,1.137
2018-11-05,GBP,1.29890901
2018-11-05,JPY,0.00882695
2018-11-05,TRY,0.18403121
2018-11-05,USD,1.0
2018-11-06,EUR,1.1428
2018-11-06,GBP,1.30885435
2018-11-06,JPY,0.00883768
2018-11-06,TRY,0.18659178
2018-11-06,USD,1.0
2018-11-07,EUR,1.1487
2018-11-07,GBP,1.31425695
2018-11-07,JPY,0.00883479
2018-11-07,TRY,0.1872158
2018-11-07,USD,1.0
2018-11-08,EUR,1.1424
2018-11-08,GBP,1.31064787
2018-11-08,JPY,0.00879446
2018-11-08,TRY,0.18447825
2018-11-08,USD,1.0
2018-11-09,EUR,1.1346
2018-11-09,GBP,1.30334394
2018-11-09,JPY,0.00877766
2018-11-09,TRY,0.18223286
2018-11-09,USD,1.0
2018-11-10,EUR,1.1346
2018-11-10,GBP,1.30334394
2018-11-10,JPY,0.00877766
2018-11-10,TRY,0.18223286
2018-11-10,USD,1.0
2018-11-11,EUR,1.1346
2018-11-11,GBP,1.30334394
2018-11-11,JPY,0.00877766
2018-11-11,TRY,0.18223286
2018-11-11,USD,1.0
2018-11-12,EUR,1.1265
2018-11-12,GBP,1.28650229
2018-11-12,JPY,0.00878705
2018-11-12,TRY,0.18382233
2018-11-12,USD,1.0
2018-11-13,EUR,1.1261
2018-11-13,GBP,1.29518661
2018-11-13,JPY,0.00877572
2018-11-13,TRY,0.18204892
2018-11-13,USD,1.0
2018-11-14,EUR,1.1296
2018-11-14,GBP,1.29767485
2018-11-14,JPY,0.00878109
2018-11-14,TRY,0.18300527
2018-11-14,USD,1.0
2018-11-15,EUR,1.1305
2018-11-15,GBP,1.2792803
2018-11-15,JPY,0.008821
2018-11-15,TRY,0.18518519
2018-11-15,USD,1.0
2018-11-16,EUR,1.1346
2018-11-16,GBP,1.28421053
2018-11-16,JPY,0.00883851
2018-11-16,TRY,0.18675314
2018-11-16,USD,1.0
2018-11-17,EUR,1.1346
2018-11-17,GBP,1.28421053
2018-11-17,JPY,0.00883851
2018-11-17,TRY,0.18675314
2018-11-17,USD,1.0
2018-11-18,EUR,1.1346
2018-11-18,GBP,1.28421053
2018-11-18,JPY,0.00883851
2018-11-18,TRY,0.18675314
2018-11-18,USD,1.0
2018-11-19,EUR,1.1427
2018-11-19,GBP,1.28273632
2018-11-19,JPY,0.0088657
2018-11-19,TRY,0.18814522
2018-11-19,USD,1.0
2018-11-20,EUR,1.1421
2018-11-20,GBP,1.28458631
2018-11-20,JPY,0.00889902
2018-11-20,TRY,0.1866085
2018-11-20,USD,1.0
2018-11-21,EUR,1.1409
2018-11-21,GBP,1.28035642
2018-11-21,JPY,0.00884144
2018-11-21,TRY,0.18737682
2018-11-21,USD,1.0
2018-11-22,EUR,1.1403
2018-11-22,GBP,1.28704937
2018-11-22,JPY,0.00885326
2018-11-22,TRY,0.18899165
2018-11-22,USD,1.0
2018-11-23,EUR,1.1352
2018-11-23,GBP,1.28300181
2018-11-23,JPY,0.0088639
2018-11-23,TRY,0.18922523
2018-11-23,USD,1.0
2018-11-24,EUR,1.1352
2018-11-24,GBP,1.28300181
2018-11-24,JPY,0.0088639
2018-11-24,TRY,0.18922523
2018-11-24,USD,1.0
2018-11-25,EUR,1.1352
2018-11-25,GBP,1.28300181
2018-11-25,JPY,0.0088639
2018-11-25,TRY,0.18922523
2018-11-25,USD,1.0
2018-11-26,EUR,1.1363
2018-11-26,GBP,1.28482587
2018-11-26,JPY,0.00882906
2018-11-26,TRY,0.19110648
2018-11-26,USD,1.0
2018-11-27,EUR,1.1328
2018-11-27,GBP,1.27642313
2018-11-27,JPY,0.0088046
2018-11-27,TRY,0.1909868
2018-11-27,USD,1.0
2018-11-28,EUR,1.1284
2018-11-28,GBP,1.27871267
2018-11-28,JPY,0.00878337
2018-11-28,TRY,0.19038942
2018-11-28,USD,1.0
2018-11-29,EUR,1.1387
2018-11-29,GBP,1.27750042
2018-11-29,JPY,0.00882782
2018-11-29,TRY,0.19383117
2018-11-29,USD,1.0
2018-11-30,EUR,1.1359
2018-11-30,GBP,1.27531773
2018-11-30,JPY,0.00880611
2018-11-30,TRY,0.19333481
2018-11-30,USD,1.0
2018-12-01,EUR,1.1359
2018-12-01,GBP,1.27531773
2018-12-01,JPY,0.00880611
2018-12-01,TRY,0.19333481
2018-12-01,USD,1.0
2018-12-02,EUR,1.1359
2018-12-02,GBP,1.27531773
2018-12-02,JPY,0.00880611
2018-12-02,TRY,0.19333481
2018-12-02,USD,1.0
2018-12-03,EUR,1.1332
2018-12-03,GBP,1.2711161
2018-12-03,JPY,0.00880497
2018-12-03,TRY,0.1905819
2018-12-03,USD,1.0
2018-12-04,EUR,1.1409
2018-12-04,GBP,1.28107525
2018-12-04,JPY,0.00886618
2018-12-04,TRY,0.18692553
2018-12-04,USD,1.0
2018-12-05,EUR,1.1354
2018-12-05,GBP,1.27738089
2018-12-05,JPY,0.00884888
2018-12-05,TRY,0.18781533
2018-12-05,USD,1.0
2018-12-06,EUR,1.1351
2018-12-06,GBP,1.27639717
2018-12-06,JPY,0.0088652
2018-12-06,TRY,0.18624379
2018-12-06,USD,1.0
2018-12-07,EUR,1.1371
2018-12-07,GBP,1.2764214
2018-12-07,JPY,0.00885868
2018-12-07,TRY,0.18758145
2018-12-07,USD,1.0
2018-12-08,EUR,1.1371
2018-12-08,GBP,1.2764214
2018-12-08,JPY,0.00885868
2018-12-08,TRY,0.18758145
2018-12-08,USD,1.0
2018-12-09,EUR,1.1371
2018-12-09,GBP,1.2764214
2018-12-09,JPY,0.00885868
2018-12-09,TRY,0.18758145
2018-12-09,USD,1.0
2018-12-10,EUR,1.1425
2018-12-10,GBP,1.26599812
2018-12-10,JPY,0.00887103
2018-12-10,TRY,0.1888461
2018-12-10,USD,1.0
2018-12-11,EUR,1.1379
2018-12-11,GBP,1.26113845
2018-12-11,JPY,0.00883806
2018-12-11,TRY,0.1856432
2018-12-11,USD,1.0
2018-12-12,EUR,1.1346
2018-12-12,GBP,1.2587785
2018-12-12,JPY,0.00881791
2018-12-12,TRY,0.18632684
2018-12-12,USD,1.0
2018-12-13,EUR,1.1371
2018-12-13,GBP,1.26558187
2018-12-13,JPY,0.00881063
2018-12-13,TRY,0.18650768
2018-12-13,USD,1.0
2018-12-14,EUR,1.1285
2018-12-14,GBP,1.25619191
2018-12-14,JPY,0.00880746
2018-12-14,TRY,0.18561161
2018-12-14,USD,1.0
2018-12-15,EUR,1.1285
2018-12-15,GBP,1.25619191
2018-12-15,JPY,0.00880746
2018-12-15,TRY,0.18561161
2018-12-15,USD,1.0
2018-12-16,EUR,1.1285
2018-12-16,GBP,1.25619191
2018-12-16,JPY,0.00880746
2018-12-16,TRY,0.18561161
2018-12-16,USD,1.0
2018-12-17,EUR,1.1341
2018-12-17,GBP,1.26165313
2018-12-17,JPY,0.0088298
2018-12-17,TRY,0.18604613
2018-12-17,USD,1.0
2018-12-18,EUR,1.1377
2018-12-18,GBP,1.26812685
2018-12-18,JPY,0.00889801
2018-12-18,TRY,0.18717712
2018-12-18,USD,1.0
2018-12-19,EUR,1.1405
2018-12-19,GBP,1.26276047
2018-12-19,JPY,0.00890251
2018-12-19,TRY,0.18739731
2018-12-19,USD,1.0
2018-12-20,EUR,1.1451
2018-12-20,GBP,1.26761499
2018-12-20,JPY,0.00895029
2018-12-20,TRY,0.18984068
2018-12-20,USD,1.0
2018-12-21,EUR,1.1414
2018-12-21,GBP,1.2651998
2018-12-21,JPY,0.00898882
2018-12-21,TRY,0.18851782
2018-12-21,USD,1.0
2018-12-22,EUR,1.1414
2018-12-22,GBP,1.2651998
2018-12-22,JPY,0.00898882
2018-12-22,TRY,0.18851782
2018-12-22,USD,1.0
2018-12-23,EUR,1.1414
2018-12-23,GBP,1.2651998
2018-12-23,JPY,0.00898882
2018-12-23,TRY,0.18851782
2018-12-23,USD,1.0
2018-12-24,EUR,1.1408
2018-12-24,GBP,1.26702059
2018-12-24,JPY,0.00902032
2018-12-24,TRY,0.18862434
2018-12-24,USD,1.0
2018-12-25,EUR,1.1408
2018-12-25,GBP,1.26702059
2018-12-25,JPY,0.00902032
2018-12-25,TRY,0.18862434
2018-12-25,USD,1.0
2018-12-26,EUR,1.1408
2018-12-26,GBP,1.26702059
2018-12-26,JPY,0.00902032
2018-12-26,TRY,0.18862434
2018-12-26,USD,1.0
2018-12-27,EUR,1.1377
2018-12-27,GBP,1.26308661
2018-12-27,JPY,0.00901934
2018-12-27,TRY,0.18940516
2018-12-27,USD,1.0
2018-12-28,EUR,1.1454
2018-12-28,GBP,1.26881792
2018-12-28,JPY,0.00906171
2018-12-28,TRY,0.18963576
2018-12-28,USD,1.0
2018-12-29,EUR,1.1454
2018-12-29,GBP,1.26881792
2018-12-29,JPY,0.00906171
2018-12-29,TRY,0.18963576
2018-12-29,USD,1.0
2018-12-30,EUR,1.1454
2018-12-30,GBP,1.26881792
2018-12-30,JPY,0.00906171
2018-12-30,TRY,0.18963576
2018-12-30,USD,1.0
2018-12-31,EUR,1.145
2018-12-31,GBP,1.28000179
2018-12-31,JPY,0.00909813
2018-12-31,TRY,0.18898132
2018-12-31,USD,1.0
2019-01-01,EUR,1.145
2019-01-01,GBP,1.28000179
2019-01-01,JPY,0.00909813
2019-01-01,TRY,0.18898132
2019-01-01,USD,1.0
2019-01-02,EUR,1.1397
2019-01-02,GBP,1.26401597
2019-01-02,JPY,0.00917042
2019-01-02,TRY,0.18643874
2019-01-02,USD,1.0
2019-01-03,EUR,1.1348
2019-01-03,GBP,1.25653291
2019-01-03,JPY,0.00928566
2019-01-03,TRY,0.18230305
2019-01-03,USD,1.0
2019-01-04,EUR,1.1403
2019-01-04,GBP,1.26716896
2019-01-04,JPY,0.00925568
2019-01-04,TRY,0.18479265
2019-01-04,USD,1.0
2019-01-05,EUR,1.1403
2019-01-05,GBP,1.26716896
2019-01-05,JPY,0.00925568
2019-01-05,TRY,0.18479265
2019-01-05,USD,1.0
2019-01-06,EUR,1.1403
2019-01-06,GBP,1.26716896
2019-01-06,JPY,0.00925568
2019-01-06,TRY,0.18479265
2019-01-06,USD,1.0
2019-01-07,EUR,1.1445
2019-01-07,GBP,1.27563531
2019-01-07,JPY,0.00923729
2019-01-07,TRY,0.18662862
2019-01-07,USD,1.0
2019-01-08,EUR,1.144
2019-01-08,GBP,1.27475123
2019-01-08,JPY,0.00919171
2019-01-08,TRY,0.18201779
2019-01-08,USD,1.0
2019-01-09,EUR,1.1455
2019-01-09,GBP,1.27400932
2019-01-09,JPY,0.00918605
2019-01-09,TRY,0.18068108
2019-01-09,USD,1.0
2019-01-10,EUR,1.1535
2019-01-10,GBP,1.27567101
2019-01-10,JPY,0.0092502
2019-01-10,TRY,0.18394489
2019-01-10,USD,1.0
2019-01-11,EUR,1.1533
2019-01-11,GBP,1.28123091
2019-01-11,JPY,0.00923305
2019-01-11,TRY,0.18299378
2019-01-11,USD,1.0
2019-01-12,EUR,1.1533
2019-01-12,GBP,1.28123091
2019-01-12,JPY,0.00923305
2019-01-12,TRY,0.18299378
2019-01-12,USD,1.0
2019-01-13,EUR,1.1533
2019-01-13,GBP,1.28123091
2019-01-13,JPY,0.00923305
2019-01-13,TRY,0.18299378
2019-01-13,USD,1.0
2019-01-14,EUR,1.1467
2019-01-14,GBP,1.28463081
2019-01-14,JPY,0.0092528
2019-01-14,TRY,0.18132224
2019-01-14,USD,1.0
2019-01-15,EUR,1.1424
2019-01-15,GBP,1.28323505
2019-01-15,JPY,0.00921142
2019-01-15,TRY,0.18342967
2019-01-15,USD,1.0
2019-01-16,EUR,1.1389
2019-01-16,GBP,1.28558528
2019-01-16,JPY,0.00919135
2019-01-16,TRY,0.18619821
2019-01-16,USD,1.0
2019-01-17,EUR,1.1396
2019-01-17,GBP,1.29118513
2019-01-17,JPY,0.00919403
2019-01-17,TRY,0.18614832
2019-01-17,USD,1.0
2019-01-18,EUR,1.1402
2019-01-18,GBP,1.29384397
2019-01-18,JPY,0.00913768
2019-01-18,TRY,0.1866396
2019-01-18,USD,1.0
2019-01-19,EUR,1.1402
2019-01-19,GBP,1.29384397
2019-01-19,JPY,0.00913768
2019-01-19,TRY,0.1866396
2019-01-19,USD,1.0
2019-01-20,EUR,1.1402
2019-01-20,GBP,1.29384397
2019-01-20,JPY,0.00913768
2019-01-20,TRY,0.1866396
2019-01-20,USD,1.0
2019-01-21,EUR,1.1362
2019-01-21,GBP,1.286706
2019-01-21,JPY,0.00911878
2019-01-21,TRY,0.18728469
2019-01-21,USD,1.0
2019-01-22,EUR,1.1354
2019-01-22,GBP,1.29022727
2019-01-22,JPY,0.00913803
2019-01-22,TRY,0.18689712
2019-01-22,USD,1.0
2019-01-23,EUR,1.1367
2019-01-23,GBP,1.30336074
2019-01-23,JPY,0.00911548
2019-01-23,TRY,0.18837938
2019-01-23,USD,1.0
2019-01-24,EUR,1.1341
2019-01-24,GBP,1.30229087
2019-01-24,JPY,0.00911436
2019-01-24,TRY,0.18934803
2019-01-24,USD,1.0
2019-01-25,EUR,1.1346
2019-01-25,GBP,1.31046431
2019-01-25,JPY,0.00909718
2019-01-25,TRY,0.18971341
2019-01-25,USD,1.0
2019-01-26,EUR,1.1346
2019-01-26,GBP,1.31046431
2019-01-26,JPY,0.00909718
2019-01-26,TRY,0.18971341
2019-01-26,USD,1.0
2019-01-27,EUR,1.1346
2019-01-27,GBP,1.31046431
2019-01-27,JPY,0.00909718
2019-01-27,TRY,0.18971341
2019-01-27,USD,1.0
2019-01-28,EUR,1.1418
2019-01-28,GBP,1.31410552
2019-01-28,JPY,0.00913879
2019-01-28,TRY,0.18862127
2019-01-28,USD,1.0
2019-01-29,EUR,1.1422
2019-01-29,GBP,1.31688476
2019-01-29,JPY,0.00913541
2019-01-29,TRY,0.1882799
2019-01-29,USD,1.0
2019-01-30,EUR,1.1429
2019-01-30,GBP,1.30854925
2019-01-30,JPY,0.00913735
2019-01-30,TRY,0.18957338
2019-01-30,USD,1.0
2019-01-31,EUR,1.1488
2019-01-31,GBP,1.31174496
2019-01-31,JPY,0.00920439
2019-01-31,TRY,0.19246427
2019-01-31,USD,1.0
2019-02-01,EUR,1.1471
2019-02-01,GBP,1.30518387
2019-02-01,JPY,0.00918341
2019-02-01,TRY,0.19155367
2019-02-01,USD,1.0
2019-02-02,EUR,1.1471
2019-02-02,GBP,1.30518387
2019-02-02,JPY,0.00918341
2019-02-02,TRY,0.19155367
2019-02-02,USD,1.0
2019-02-03,EUR,1.1471
2019-02-03,GBP,1.30518387
2019-02-03,JPY,0.00918341
2019-02-03,TRY,0.19155367
2019-02-03,USD,1.0
2019-02-04,EUR,1.1445
2019-02-04,GBP,1.30534456
2019-02-04,JPY,0.00909994
2019-02-04,TRY,0.19172781
2019-02-04,USD,1.0
2019-02-05,EUR,1.1423
2019-02-05,GBP,1.3009806
2019-02-05,JPY,0.00909547
2019-02-05,TRY,0.19216405
2019-02-05,USD,1.0
2019-02-06,EUR,1.1394
2019-02-06,GBP,1.29668829
2019-02-06,JPY,0.00911156
2019-02-06,TRY,0.19178267
2019-02-06,USD,1.0
2019-02-07,EUR,1.1345
2019-02-07,GBP,1.29287749
2019-02-07,JPY,0.00911904
2019-02-07,TRY,0.1900144
2019-02-07,USD,1.0
2019-02-08,EUR,1.1346
2019-02-08,GBP,1.29683392
2019-02-08,JPY,0.00910813
2019-02-08,TRY,0.19072754
2019-02-08,USD,1.0
2019-02-09,EUR,1.1346
2019-02-09,GBP,1.29683392
2019-02-09,JPY,0.00910813
2019-02-09,TRY,0.19072754
2019-02-09,USD,1.0
2019-02-10,EUR,1.1346
2019-02-10,GBP,1.29683392
2019-02-10,JPY,0.00910813
2019-02-10,TRY,0.19072754
2019-02-10,USD,1.0
2019-02-11,EUR,1.1309
2019-02-11,GBP,1.29076071
2019-02-11,JPY,0.00907406
2019-02-11,TRY,0.18978653
2019-02-11,USD,1.0
2019-02-12,EUR,1.1296
2019-02-12,GBP,1.28795394
2019-02-12,JPY,0.00905854
2019-02-12,TRY,0.19028047
2019-02-12,USD,1.0
2019-02-13,EUR,1.1305
2019-02-13,GBP,1.29121789
2019-02-13,JPY,0.00903027
2019-02-13,TRY,0.19037435
2019-02-13,USD,1.0
2019-02-14,EUR,1.1268
2019-02-14,GBP,1.28125533
2019-02-14,JPY,0.00900575
2019-02-14,TRY,0.18807584
2019-02-14,USD,1.0
2019-02-15,EUR,1.126
2019-02-15,GBP,1.28044759
2019-02-15,JPY,0.00904781
2019-02-15,TRY,0.18981154
2019-02-15,USD,1.0
2019-02-16,EUR,1.126
2019-02-16,GBP,1.28044759
2019-02-16,JPY,0.00904781
2019-02-16,TRY,0.18981154
2019-02-16,USD,1.0
2019-02-17,EUR,1.126
2019-02-17,GBP,1.28044759
2019-02-17,JPY,0.00904781
2019-02-17,TRY,0.18981154
2019-02-17,USD,1.0
2019-02-18,EUR,1.1328
2019-02-18,GBP,1.29285551
2019-02-18,JPY,0.00904576
2019-02-18,TRY,0.18855174
2019-02-18,USD,1.0
2019-02-19,EUR,1.1294
2019-02-19,GBP,1.29540632
2019-02-19,JPY,0.0090287
2019-02-19,TRY,0.18836833
2019-02-19,USD,1.0
2019-02-20,EUR,1.1342
2019-02-20,GBP,1.30450285
2019-02-20,JPY,0.00902954
2019-02-20,TRY,0.18843662
2019-02-20,USD,1.0
2019-02-21,EUR,1.1354
2019-02-21,GBP,1.30798917
2019-02-21,JPY,0.00903262
2019-02-21,TRY,0.18784951
2019-02-21,USD,1.0
2019-02-22,EUR,1.1325
2019-02-22,GBP,1.2978009
2019-02-22,JPY,0.00901959
2019-02-22,TRY,0.18756832
2019-02-22,USD,1.0
2019-02-23,EUR,1.1325
2019-02-23,GBP,1.2978009
2019-02-23,JPY,0.00901959
2019-02-23,TRY,0.18756832
2019-02-23,USD,1.0
2019-02-24,EUR,1.1325
2019-02-24,GBP,1.2978009
2019-02-24,JPY,0.00901959
2019-02-24,TRY,0.18756832
2019-02-24,USD,1.0
2019-02-25,EUR,1.1355
2019-02-25,GBP,1.30775787
2019-02-25,JPY,0.00902982
2019-02-25,TRY,0.1882429
2019-02-25,USD,1.0
2019-02-26,EUR,1.1361
2019-02-26,GBP,1.3202022
2019-02-26,JPY,0.00902168
2019-02-26,TRY,0.1885518
2019-02-26,USD,1.0
2019-02-27,EUR,1.1386
2019-02-27,GBP,1.33164918
2019-02-27,JPY,0.00904369
2019-02-27,TRY,0.1889573
2019-02-27,USD,1.0
2019-02-28,EUR,1.1416
2019-02-28,GBP,1.32999359
2019-02-28,JPY,0.00902879
2019-02-28,TRY,0.18813758
2019-02-28,USD,1.0
2019-03-01,EUR,1.1383
2019-03-01,GBP,1.32409734
2019-03-01,JPY,0.00893836
2019-03-01,TRY,0.1859056
2019-03-01,USD,1.0
2019-03-02,EUR,1.1383
2019-03-02,GBP,1.32409734
2019-03-02,JPY,0.00893836
2019-03-02,TRY,0.1859056
2019-03-02,USD,1.0
2019-03-03,EUR,1.1383
2019-03-03,GBP,1.32409734
2019-03-03,JPY,0.00893836
2019-03-03,TRY,0.1859056
2019-03-03,USD,1.0
2019-03-04,EUR,1.1337
2019-03-04,GBP,1.32171379
2019-03-04,JPY,0.0089331
2019-03-04,TRY,0.18578241
2019-03-04,USD,1.0
2019-03-05,EUR,1.1329
2019-03-05,GBP,1.31186456
2019-03-05,JPY,0.00893454
2019-03-05,TRY,0.18563306
2019-03-05,USD,1.0
2019-03-06,EUR,1.1305
2019-03-06,GBP,1.3149936
2019-03-06,JPY,0.00894383
2019-03-06,TRY,0.18458047
2019-03-06,USD,1.0
2019-03-07,EUR,1.1271
2019-03-07,GBP,1.31241267
2019-03-07,JPY,0.00894737
2019-03-07,TRY,0.18425398
2019-03-07,USD,1.0
2019-03-08,EUR,1.1222
2019-03-08,GBP,1.30632676
2019-03-08,JPY,0.00899775
2019-03-08,TRY,0.18310572
2019-03-08,USD,1.0
2019-03-09,EUR,1.1222
2019-03-09,GBP,1.30632676
2019-03-09,JPY,0.00899775
2019-03-09,TRY,0.18310572
2019-03-09,USD,1.0
2019-03-10,EUR,1.1222
2019-03-10,GBP,1.30632676
2019-03-10,JPY,0.00899775
2019-03-10,TRY,0.18310572
2019-03-10,USD,1.0
2019-03-11,EUR,1.1244
2019-03-11,GBP,1.30380334
2019-03-11,JPY,0.00900168
2019-03-11,TRY,0.18379456
2019-03-11,USD,1.0
2019-03-12,EUR,1.1275
2019-03-12,GBP,1.30883975
2019-03-12,JPY,0.00900056
2019-03-12,TRY,0.18322608
2019-03-12,USD,1.0
2019-03-13,EUR,1.1303
2019-03-13,GBP,1.3161388
2019-03-13,JPY,0.00897847
2019-03-13,TRY,0.18298231
2019-03-13,USD,1.0
2019-03-14,EUR,1.1295
2019-03-14,GBP,1.32526869
2019-03-14,JPY,0.00895789
2019-03-14,TRY,0.18264286
2019-03-14,USD,1.0
2019-03-15,EUR,1.1308
2019-03-15,GBP,1.32388925
2019-03-15,JPY,0.00896322
2019-03-15,TRY,0.18280578
2019-03-15,USD,1.0
2019-03-16,EUR,1.1308
2019-03-16,GBP,1.32388925
2019-03-16,JPY,0.00896322
2019-03-16,TRY,0.18280578
2019-03-16,USD,1.0
2019-03-17,EUR,1.1308
2019-03-17,GBP,1.32388925
2019-03-17,JPY,0.00896322
2019-03-17,TRY,0.18280578
2019-03-17,USD,1.0
2019-03-18,EUR,1.1349
2019-03-18,GBP,1.3248891
2019-03-18,JPY,0.00896871
2019-03-18,TRY,0.18311336
2019-03-18,USD,1.0
2019-03-19,EUR,1.1358
2019-03-19,GBP,1.32767569
2019-03-19,JPY,0.00897227
2019-03-19,TRY,0.18263093
2019-03-19,USD,1.0
2019-03-20,EUR,1.1354
2019-03-20,GBP,1.31594808
2019-03-20,JPY,0.00896628
2019-03-20,TRY,0.18268117
2019-03-20,USD,1.0
2019-03-21,EUR,1.1387
2019-03-21,GBP,1.31413733
2019-03-21,JPY,0.00904304
2019-03-21,TRY,0.18318855
2019-03-21,USD,1.0
2019-03-22,EUR,1.1302
2019-03-22,GBP,1.31586913
2019-03-22,JPY,0.00907063
2019-03-22,TRY,0.17945664
2019-03-22,USD,1.0
2019-03-23,EUR,1.1302
2019-03-23,GBP,1.31586913
2019-03-23,JPY,0.00907063
2019-03-23,TRY,0.17945664
2019-03-23,USD,1.0
2019-03-24,EUR,1.1302
2019-03-24,GBP,1.31586913
2019-03-24,JPY,0.00907063
2019-03-24,TRY,0.17945664
2019-03-24,USD,1.0
2019-03-25,EUR,1.1325
2019-03-25,GBP,1.32242696
2019-03-25,JPY,0.00908544
2019-03-25,TRY,0.17855735
2019-03-25,USD,1.0
2019-03-26,EUR,1.1291
2019-03-26,GBP,1.32321575
2019-03-26,JPY,0.00905308
2019-03-26,TRY,0.18093391
2019-03-26,USD,1.0
2019-03-27,EUR,1.1261
2019-03-27,GBP,1.32298691
2019-03-27,JPY,0.0090508
2019-03-27,TRY,0.18069641
2019-03-27,USD,1.0
2019-03-28,EUR,1.1218
2019-03-28,GBP,1.31120332
2019-03-28,JPY,0.00903512
2019-03-28,TRY,0.17691774
2019-03-28,USD,1.0
2019-03-29,EUR,1.1235
2019-03-29,GBP,1.30898287
2019-03-29,JPY,0.00902772
2019-03-29,TRY,0.17707972
2019-03-29,USD,1.0
2019-03-30,EUR,1.1235
2019-03-30,GBP,1.30898287
2019-03-30,JPY,0.00902772
2019-03-30,TRY,0.17707972
2019-03-30,USD,1.0
2019-03-31,EUR,1.1235
2019-03-31,GBP,1.30898287
2019-03-31,JPY,0.00902772
2019-03-31,TRY,0.17707972
2019-03-31,USD,1.0
2019-04-01,EUR,1.1236
2019-04-01,GBP,1.31172803
2019-04-01,JPY,0.00901187
2019-04-01,TRY,0.18083206
2019-04-01,USD,1.0
2019-04-02,EUR,1.12
2019-04-02,GBP,1.30232558
2019-04-02,JPY,0.0089794
2019-04-02,TRY,0.18023527
2019-04-02,USD,1.0
2019-04-03,EUR,1.1243
2019-04-03,GBP,1.31666471
2019-04-03,JPY,0.00897287
2019-04-03,TRY,0.17842067
2019-04-03,USD,1.0
2019-04-04,EUR,1.1219
2019-04-04,GBP,1.3134234
2019-04-04,JPY,0.00897448
2019-04-04,TRY,0.1774316
2019-04-04,USD,1.0
2019-04-05,EUR,1.1233
2019-04-05,GBP,1.30710512
2019-04-05,JPY,0.00895488
2019-04-05,TRY,0.17871291
2019-04-05,USD,1.0
2019-04-06,EUR,1.1233
2019-04-06,GBP,1.30710512
2019-04-06,JPY,0.00895488
2019-04-06,TRY,0.17871291
2019-04-06,USD,1.0
2019-04-07,EUR,1.1233
2019-04-07,GBP,1.30710512
2019-04-07,JPY,0.00895488
2019-04-07,TRY,0.17871291
2019-04-07,USD,1.0
2019-04-08,EUR,1.1246
2019-04-08,GBP,1.30489772
2019-04-08,JPY,0.00897096
2019-04-08,TRY,0.1763221
2019-04-08,USD,1.0
2019-04-09,EUR,1.1277
2019-04-09,GBP,1.306191
2019-04-09,JPY,0.00898494
2019-04-09,TRY,0.17604908
2019-04-09,USD,1.0
2019-04-10,EUR,1.1279
2019-04-10,GBP,1.31024709
2019-04-10,JPY,0.00899585
2019-04-10,TRY,0.17583874
2019-04-10,USD,1.0
2019-04-11,EUR,1.1264
2019-04-11,GBP,1.30721381
2019-04-11,JPY,0.00898962
2019-04-11,TRY,0.17403127
2019-04-11,USD,1.0
2019-04-12,EUR,1.1321
2019-04-12,GBP,1.31197126
2019-04-12,JPY,0.00893105
2019-04-12,TRY,0.17323642
2019-04-12,USD,1.0
2019-04-13,EUR,1.1321
2019-04-13,GBP,1.31197126
2019-04-13,JPY,0.00893105
2019-04-13,TRY,0.17323642
2019-04-13,USD,1.0
2019-04-14,EUR,1.1321
2019-04-14,GBP,1.31197126
2019-04-14,JPY,0.00893105
2019-04-14,TRY,0.17323642
2019-04-14,USD,1.0
2019-04-15,EUR,1.1313
2019-04-15,GBP,1.31081629
2019-04-15,JPY,0.00893179
2019-04-15,TRY,0.17235705
2019-04-15,USD,1.0
2019-04-16,EUR,1.1305
2019-04-16,GBP,1.30860053
2019-04-16,JPY,0.00893041
2019-04-16,TRY,0.17202289
2019-04-16,USD,1.0
2019-04-17,EUR,1.1301
2019-04-17,GBP,1.30507085
2019-04-17,JPY,0.00893289
2019-04-17,TRY,0.17394985
2019-04-17,USD,1.0
2019-04-18,EUR,1.125
2019-04-18,GBP,1.30102926
2019-04-18,JPY,0.0089385
2019-04-18,TRY,0.17179244
2019-04-18,USD,1.0
2019-04-19,EUR,1.125
2019-04-19,GBP,1.30102926
2019-04-19,JPY,0.0089385
2019-04-19,TRY,0.17179244
2019-04-19,USD,1.0
2019-04-20,EUR,1.125
2019-04-20,GBP,1.30102926
2019-04-20,JPY,0.0089385
2019-04-20,TRY,0.17179244
2019-04-20,USD,1.0
2019-04-21,EUR,1.125
2019-04-21,GBP,1.30102926
2019-04-21,JPY,0.0089385
2019-04-21,TRY,0.17179244
2019-04-21,USD,1.0
2019-04-22,EUR,1.125
2019-04-22,GBP,1.30102926
2019-04-22,JPY,0.0089385
2019-04-22,TRY,0.17179244
2019-04-22,USD,1.0
2019-04-23,EUR,1.1245
2019-04-23,GBP,1.30075188
2019-04-23,JPY,0.00893737
2019-04-23,TRY,0.17196819
2019-04-23,USD,1.0
2019-04-24,EUR,1.1209
2019-04-24,GBP,1.29516437
2019-04-24,JPY,0.00894288
2019-04-24,TRY,0.17012977
2019-04-24,USD,1.0
2019-04-25,EUR,1.1123
2019-04-25,GBP,1.28686296
2019-04-25,JPY,0.00893773
2019-04-25,TRY,0.16788167
2019-04-25,USD,1.0
2019-04-26,EUR,1.1133
2019-04-26,GBP,1.28943711
2019-04-26,JPY,0.00894576
2019-04-26,TRY,0.16806558
2019-04-26,USD,1.0
2019-04-27,EUR,1.1133
2019-04-27,GBP,1.28943711
2019-04-27,JPY,0.00894576
2019-04-27,TRY,0.16806558
2019-04-27,USD,1.0
2019-04-28,EUR,1.1133
2019-04-28,GBP,1.28943711
2019-04-28,JPY,0.00894576
2019-04-28,TRY,0.16806558
2019-04-28,USD,1.0
2019-04-29,EUR,1.115
2019-04-29,GBP,1.29140607
2019-04-29,JPY,0.00894576
2019-04-29,TRY,0.1684112
2019-04-29,USD,1.0
2019-04-30,EUR,1.1218
2019-04-30,GBP,1.30066784
2019-04-30,JPY,0.00897943
2019-04-30,TRY,0.16765053
2019-04-30,USD,1.0
2019-05-01,EUR,1.1218
2019-05-01,GBP,1.30066784
2019-05-01,JPY,0.00897943
2019-05-01,TRY,0.16765053
2019-05-01,USD,1.0
2019-05-02,EUR,1.1212
2019-05-02,GBP,1.30478296
2019-05-02,JPY,0.00896888
2019-05-02,TRY,0.1676636
2019-05-02,USD,1.0
2019-05-03,EUR,1.1155
2019-05-03,GBP,1.30034388
2019-05-03,JPY,0.00896704
2019-05-03,TRY,0.16738191
2019-05-03,USD,1.0
2019-05-04,EUR,1.1155
2019-05-04,GBP,1.30034388
2019-05-04,JPY,0.00896704
2019-05-04,TRY,0.16738191
2019-05-04,USD,1.0
2019-05-05,EUR,1.1155
2019-05-05,GBP,1.30034388
2019-05-05,JPY,0.00896704
2019-05-05,TRY,0.16738191
2019-05-05,USD,1.0
2019-05-06,EUR,1.1199
2019-05-06,GBP,1.31028431
2019-05-06,JPY,0.00902199
2019-05-06,TRY,0.16608581
2019-05-06,USD,1.0
2019-05-07,EUR,1.1185
2019-05-07,GBP,1.30597233
2019-05-07,JPY,0.00903984
2019-05-07,TRY,0.16268854
2019-05-07,USD,1.0
2019-05-08,EUR,1.1202
2019-05-08,GBP,1.30112085
2019-05-08,JPY,0.00908442
2019-05-08,TRY,0.16171036
2019-05-08,USD,1.0
2019-05-09,EUR,1.1193
2019-05-09,GBP,1.2996981
2019-05-09,JPY,0.00910666
2019-05-09,TRY,0.16053066
2019-05-09,USD,1.0
2019-05-10,EUR,1.123
2019-05-10,GBP,1.30202899
2019-05-10,JPY,0.00911156
2019-05-10,TRY,0.16313901
2019-05-10,USD,1.0
2019-05-11,EUR,1.123
2019-05-11,GBP,1.30202899
2019-05-11,JPY,0.00911156
2019-05-11,TRY,0.16313901
2019-05-11,USD,1.0
2019-05-12,EUR,1.123
2019-05-12,GBP,1.30202899
2019-05-12,JPY,0.00911156
2019-05-12,TRY,0.16313901
2019-05-12,USD,1.0
2019-05-13,EUR,1.1245
2019-05-13,GBP,1.30225825
2019-05-13,JPY,0.00913782
2019-05-13,TRY,0.16372796
2019-05-13,USD,1.0
2019-05-14,EUR,1.1226
2019-05-14,GBP,1.29446629
2019-05-14,JPY,0.00912683
2019-05-14,TRY,0.16574145
2019-05-14,USD,1.0
2019-05-15,EUR,1.1183
2019-05-15,GBP,1.28806727
2019-05-15,JPY,0.0091484
2019-05-15,TRY,0.16498967
2019-05-15,USD,1.0
2019-05-16,EUR,1.1203
2019-05-16,GBP,1.28088449
2019-05-16,JPY,0.00912222
2019-05-16,TRY,0.16601218
2019-05-16,USD,1.0
2019-05-17,EUR,1.1172
2019-05-17,GBP,1.27541526
2019-05-17,JPY,0.00913193
2019-05-17,TRY,0.16512216
2019-05-17,USD,1.0
2019-05-18,EUR,1.1172
2019-05-18,GBP,1.27541526
2019-05-18,JPY,0.00913193
2019-05-18,TRY,0.16512216
2019-05-18,USD,1.0
2019-05-19,EUR,1.1172
2019-05-19,GBP,1.27541526
2019-05-19,JPY,0.00913193
2019-05-19,TRY,0.16512216
2019-05-19,USD,1.0
2019-05-20,EUR,1.1167
2019-05-20,GBP,1.27448071
2019-05-20,JPY,0.00910329
2019-05-20,TRY,0.1658917
2019-05-20,USD,1.0
2019-05-21,EUR,1.1161
2019-05-21,GBP,1.27394133
2019-05-21,JPY,0.00905411
2019-05-21,TRY,0.1653849
2019-05-21,USD,1.0
2019-05-22,EUR,1.1171
2019-05-22,GBP,1.26540553
2019-05-22,JPY,0.00906222
2019-05-22,TRY,0.16401409
2019-05-22,USD,1.0
2019-05-23,EUR,1.1139
2019-05-23,GBP,1.26435868
2019-05-23,JPY,0.00908861
2019-05-23,TRY,0.16307021
2019-05-23,USD,1.0
2019-05-24,EUR,1.1187
2019-05-24,GBP,1.26667271
2019-05-24,JPY,0.00912405
2019-05-24,TRY,0.16454374
2019-05-24,USD,1.0
2019-05-25,EUR,1.1187
2019-05-25,GBP,1.26667271
2019-05-25,JPY,0.00912405
2019-05-25,TRY,0.16454374
2019-05-25,USD,1.0
2019-05-26,EUR,1.1187
2019-05-26,GBP,1.26667271
2019-05-26,JPY,0.00912405
2019-05-26,TRY,0.16454374
2019-05-26,USD,1.0
2019-05-27,EUR,1.1198
2019-05-27,GBP,1.26925475
2019-05-27,JPY,0.00913675
2019-05-27,TRY,0.16547953
2019-05-27,USD,1.0
2019-05-28,EUR,1.1192
2019-05-28,GBP,1.26645016
2019-05-28,JPY,0.00914006
2019-05-28,TRY,0.16573375
2019-05-28,USD,1.0
2019-05-29,EUR,1.1156
2019-05-29,GBP,1.26449419
2019-05-29,JPY,0.00915101
2019-05-29,TRY,0.16616026
2019-05-29,USD,1.0
2019-05-30,EUR,1.1134
2019-05-30,GBP,1.26267323
2019-05-30,JPY,0.00911876
2019-05-30,TRY,0.16975149
2019-05-30,USD,1.0
2019-05-31,EUR,1.1151
2019-05-31,GBP,1.25725818
2019-05-31,JPY,0.00919518
2019-05-31,TRY,0.17084419
2019-05-31,USD,1.0
2019-06-01,EUR,1.1151
2019-06-01,GBP,1.25725818
2019-06-01,JPY,0.00919518
2019-06-01,TRY,0.17084419
2019-06-01,USD,1.0
2019-06-02,EUR,1.1151
2019-06-02,GBP,1.25725818
2019-06-02,JPY,0.00919518
2019-06-02,TRY,0.17084419
2019-06-02,USD,1.0
2019-06-03,EUR,1.1185
2019-06-03,GBP,1.26215893
2019-06-03,JPY,0.00923083
2019-06-03,TRY,0.16994606
2019-06-03,USD,1.0
2019-06-04,EUR,1.1244
2019-06-04,GBP,1.2671009
2019-06-04,JPY,0.00924519
2019-06-04,TRY,0.17220308
2019-06-04,USD,1.0
2019-06-05,EUR,1.1257
2019-06-05,GBP,1.27009737
2019-06-05,JPY,0.00923008
2019-06-05,TRY,0.17495027
2019-06-05,USD,1.0
2019-06-06,EUR,1.1266
2019-06-06,GBP,1.27216062
2019-06-06,JPY,0.00924807
2019-06-06,TRY,0.17328575
2019-06-06,USD,1.0
2019-06-07,EUR,1.1273
2019-06-07,GBP,1.2712715
2019-06-07,JPY,0.00921976
2019-06-07,TRY,0.17116091
2019-06-07,USD,1.0
2019-06-08,EUR,1.1273
2019-06-08,GBP,1.2712715
2019-06-08,JPY,0.00921976
2019-06-08,TRY,0.17116091
2019-06-08,USD,1.0
2019-06-09,EUR,1.1273
2019-06-09,GBP,1.2712715
2019-06-09,JPY,0.00921976
2019-06-09,TRY,0.17116091
2019-06-09,USD,1.0
2019-06-10,EUR,1.1301
2019-06-10,GBP,1.26624686
2019-06-10,JPY,0.00920427
2019-06-10,TRY,0.17250538
2019-06-10,USD,1.0
2019-06-11,EUR,1.132
2019-06-11,GBP,1.27069653
2019-06-11,JPY,0.00919652
2019-06-11,TRY,0.17216206
2019-06-11,USD,1.0
2019-06-12,EUR,1.1323
2019-06-12,GBP,1.27504082
2019-06-12,JPY,0.00922669
2019-06-12,TRY,0.17273837
2019-06-12,USD,1.0
2019-06-13,EUR,1.1289
2019-06-13,GBP,1.2691685
2019-06-13,JPY,0.00922003
2019-06-13,TRY,0.17016113
2019-06-13,USD,1.0
2019-06-14,EUR,1.1265
2019-06-14,GBP,1.2644091
2019-06-14,JPY,0.00924118
2019-06-14,TRY,0.16958466
2019-06-14,USD,1.0
2019-06-15,EUR,1.1265
2019-06-15,GBP,1.2644091
2019-06-15,JPY,0.00924118
2019-06-15,TRY,0.16958466
2019-06-15,USD,1.0
2019-06-16,EUR,1.1265
2019-06-16,GBP,1.2644091
2019-06-16,JPY,0.00924118
2019-06-16,TRY,0.16958466
2019-06-16,USD,1.0
2019-06-17,EUR,1.1234
2019-06-17,GBP,1.2593041
2019-06-17,JPY,0.00920367
2019-06-17,TRY,0.17034117
2019-06-17,USD,1.0
2019-06-18,EUR,1.1187
2019-06-18,GBP,1.25130029
2019-06-18,JPY,0.00923935
2019-06-18,TRY,0.17126454
2019-06-18,USD,1.0
2019-06-19,EUR,1.1207
2019-06-19,GBP,1.25893058
2019-06-19,JPY,0.00922463
2019-06-19,TRY,0.17079155
2019-06-19,USD,1.0
2019-06-20,EUR,1.1307
2019-06-20,GBP,1.2682407
2019-06-20,JPY,0.00929012
2019-06-20,TRY,0.17317854
2019-06-20,USD,1.0
2019-06-21,EUR,1.1316
2019-06-21,GBP,1.26541795
2019-06-21,JPY,0.00930286
2019-06-21,TRY,0.17196
2019-06-21,USD,1.0
2019-06-22,EUR,1.1316
2019-06-22,GBP,1.26541795
2019-06-22,JPY,0.00930286
2019-06-22,TRY,0.17196
2019-06-22,USD,1.0
2019-06-23,EUR,1.1316
2019-06-23,GBP,1.26541795
2019-06-23,JPY,0.00930286
2019-06-23,TRY,0.17196
2019-06-23,USD,1.0
2019-06-24,EUR,1.1394
2019-06-24,GBP,1.2749958
2019-06-24,JPY,0.00932025
2019-06-24,TRY,0.17250568
2019-06-24,USD,1.0
2019-06-25,EUR,1.1388
2019-06-25,GBP,1.27261552
2019-06-25,JPY,0.00933672
2019-06-25,TRY,0.17331223
2019-06-25,USD,1.0
2019-06-26,EUR,1.1362
2019-06-26,GBP,1.2680379
2019-06-26,JPY,0.00928268
2019-06-26,TRY,0.17346565
2019-06-26,USD,1.0
2019-06-27,EUR,1.137
2019-06-27,GBP,1.27141387
2019-06-27,JPY,0.00927104
2019-06-27,TRY,0.17339454
2019-06-27,USD,1.0
2019-06-28,EUR,1.138
2019-06-28,GBP,1.26931013
2019-06-28,JPY,0.00928222
2019-06-28,TRY,0.17333029
2019-06-28,USD,1.0
2019-06-29,EUR,1.138
2019-06-29,GBP,1.26931013
2019-06-29,JPY,0.00928222
2019-06-29,TRY,0.17333029
2019-06-29,USD,1.0
2019-06-30,EUR,1.138
2019-06-30,GBP,1.26931013
2019-06-30,JPY,0.00928222
2019-06-30,TRY,0.17333029
2019-06-30,USD,1.0
2019-07-01,EUR,1.1349
2019-07-01,GBP,1.26496355
2019-07-01,JPY,0.00923208
2019-07-01,TRY,0.17657767
2019-07-01,USD,1.0
2019-07-02,EUR,1.1301
2019-07-02,GBP,1.26348624
2019-07-02,JPY,0.00923586
2019-07-02,TRY,0.17687937
2019-07-02,USD,1.0
2019-07-03,EUR,1.1293
2019-07-03,GBP,1.25827298
2019-07-03,JPY,0.00928624
2019-07-03,TRY,0.17733425
2019-07-03,USD,1.0
2019-07-04,EUR,1.1288
2019-07-04,GBP,1.25799621
2019-07-04,JPY,0.00927908
2019-07-04,TRY,0.17850309
2019-07-04,USD,1.0
2019-07-05,EUR,1.126
2019-07-05,GBP,1.25525345
2019-07-05,JPY,0.00924694
2019-07-05,TRY,0.17834798
2019-07-05,USD,1.0
2019-07-06,EUR,1.126
2019-07-06,GBP,1.25525345
2019-07-06,JPY,0.00924694
2019-07-06,TRY,0.17834798
2019-07-06,USD,1.0
2019-07-07,EUR,1.126
2019-07-07,GBP,1.25525345
2019-07-07,JPY,0.00924694
2019-07-07,TRY,0.17834798
2019-07-07,USD,1.0
2019-07-08,EUR,1.1215
2019-07-08,GBP,1.25132497
2019-07-08,JPY,0.00920772
2019-07-08,TRY,0.17440595
2019-07-08,USD,1.0
2019-07-09,EUR,1.1205
2019-07-09,GBP,1.24534593
2019-07-09,JPY,0.0091897
2019-07-09,TRY,0.17550867
2019-07-09,USD,1.0
2019-07-10,EUR,1.122
2019-07-10,GBP,1.2476648
2019-07-10,JPY,0.00918167
2019-07-10,TRY,0.17422901
2019-07-10,USD,1.0
2019-07-11,EUR,1.1285
2019-07-11,GBP,1.25682147
2019-07-11,JPY,0.00925455
2019-07-11,TRY,0.1765571
2019-07-11,USD,1.0
2019-07-12,EUR,1.1253
2019-07-12,GBP,1.25328552
2019-07-12,JPY,0.00923664
2019-07-12,TRY,0.17492344
2019-07-12,USD,1.0
2019-07-13,EUR,1.1253
2019-07-13,GBP,1.25328552
2019-07-13,JPY,0.00923664
2019-07-13,TRY,0.17492344
2019-07-13,USD,1.0
2019-07-14,EUR,1.1253
2019-07-14,GBP,1.25328552
2019-07-14,JPY,0.00923664
2019-07-14,TRY,0.17492344
2019-07-14,USD,1.0
2019-07-15,EUR,1.1269
2019-07-15,GBP,1.25388048
2019-07-15,JPY,0.00926575
2019-07-15,TRY,0.17537116
2019-07-15,USD,1.0
2019-07-16,EUR,1.1223
2019-07-16,GBP,1.24340793
2019-07-16,JPY,0.00926525
2019-07-16,TRY,0.1753539
2019-07-16,USD,1.0
2019-07-17,EUR,1.1215
2019-07-17,GBP,1.2414213
2019-07-17,JPY,0.00923653
2019-07-17,TRY,0.17579197
2019-07-17,USD,1.0
2019-07-18,EUR,1.1216
2019-07-18,GBP,1.24826105
2019-07-18,JPY,0.00927786
2019-07-18,TRY,0.1756562
2019-07-18,USD,1.0
2019-07-19,EUR,1.1226
2019-07-19,GBP,1.25241256
2019-07-19,JPY,0.00928306
2019-07-19,TRY,0.17718922
2019-07-19,USD,1.0
2019-07-20,EUR,1.1226
2019-07-20,GBP,1.25241256
2019-07-20,JPY,0.00928306
2019-07-20,TRY,0.17718922
2019-07-20,USD,1.0
2019-07-21,EUR,1.1226
2019-07-21,GBP,1.25241256
2019-07-21,JPY,0.00928306
2019-07-21,TRY,0.17718922
2019-07-21,USD,1.0
2019-07-22,EUR,1.1215
2019-07-22,GBP,1.24655433
2019-07-22,JPY,0.0092663
2019-07-22,TRY,0.17599887
2019-07-22,USD,1.0
2019-07-23,EUR,1.1173
2019-07-23,GBP,1.24379383
2019-07-23,JPY,0.00924764
2019-07-23,TRY,0.1758586
2019-07-23,USD,1.0
2019-07-24,EUR,1.114
2019-07-24,GBP,1.24967748
2019-07-24,JPY,0.00925172
2019-07-24,TRY,0.17455343
2019-07-24,USD,1.0
2019-07-25,EUR,1.1115
2019-07-25,GBP,1.24939582
2019-07-25,JPY,0.00925094
2019-07-25,TRY,0.17639777
2019-07-25,USD,1.0
2019-07-26,EUR,1.1138
2019-07-26,GBP,1.24262269
2019-07-26,JPY,0.0092004
2019-07-26,TRY,0.17788638
2019-07-26,USD,1.0
2019-07-27,EUR,1.1138
2019-07-27,GBP,1.24262269
2019-07-27,JPY,0.0092004
2019-07-27,TRY,0.17788638
2019-07-27,USD,1.0
2019-07-28,EUR,1.1138
2019-07-28,GBP,1.24262269
2019-07-28,JPY,0.0092004
2019-07-28,TRY,0.17788638
2019-07-28,USD,1.0
2019-07-29,EUR,1.1119
2019-07-29,GBP,1.2293931
2019-07-29,JPY,0.00920371
2019-07-29,TRY,0.17773338
2019-07-29,USD,1.0
2019-07-30,EUR,1.1154
2019-07-30,GBP,1.21698144
2019-07-30,JPY,0.00921818
2019-07-30,TRY,0.17988872
2019-07-30,USD,1.0
2019-07-31,EUR,1.1151
2019-07-31,GBP,1.21705249
2019-07-31,JPY,0.00921266
2019-07-31,TRY,0.18099335
2019-07-31,USD,1.0
2019-08-01,EUR,1.1037
2019-08-01,GBP,1.21086122
2019-08-01,JPY,0.00918372
2019-08-01,TRY,0.17941674
2019-08-01,USD,1.0
2019-08-02,EUR,1.1106
2019-08-02,GBP,1.21370417
2019-08-02,JPY,0.00936662
2019-08-02,TRY,0.17849279
2019-08-02,USD,1.0
2019-08-03,EUR,1.1106
2019-08-03,GBP,1.21370417
2019-08-03,JPY,0.00936662
2019-08-03,TRY,0.17849279
2019-08-03,USD,1.0
2019-08-04,EUR,1.1106
2019-08-04,GBP,1.21370417
2019-08-04,JPY,0.00936662
2019-08-04,TRY,0.17849279
2019-08-04,USD,1.0
2019-08-05,EUR,1.1182
2019-08-05,GBP,1.2170222
2019-08-05,JPY,0.00942754
2019-08-05,TRY,0.18038393
2019-08-05,USD,1.0
2019-08-06,EUR,1.1187
2019-08-06,GBP,1.21822934
2019-08-06,JPY,0.00939295
2019-08-06,TRY,0.18070946
2019-08-06,USD,1.0
2019-08-07,EUR,1.1202
2019-08-07,GBP,1.21295464
2019-08-07,JPY,0.00945476
2019-08-07,TRY,0.18180933
2019-08-07,USD,1.0
2019-08-08,EUR,1.1193
2019-08-08,GBP,1.21511155
2019-08-08,JPY,0.00943442
2019-08-08,TRY,0.18239445
2019-08-08,USD,1.0
2019-08-09,EUR,1.1198
2019-08-09,GBP,1.20642103
2019-08-09,JPY,0.00944899
2019-08-09,TRY,0.18222352
2019-08-09,USD,1.0
2019-08-10,EUR,1.1198
2019-08-10,GBP,1.20642103
2019-08-10,JPY,0.00944899
2019-08-10,TRY,0.18222352
2019-08-10,USD,1.0
2019-08-11,EUR,1.1198
2019-08-11,GBP,1.20642103
2019-08-11,JPY,0.00944899
2019-08-11,TRY,0.18222352
2019-08-11,USD,1.0
2019-08-12,EUR,1.1194
2019-08-12,GBP,1.2086595
2019-08-12,JPY,0.00951143
2019-08-12,TRY,0.18008076
2019-08-12,USD,1.0
2019-08-13,EUR,1.1222
2019-08-13,GBP,1.20887644
2019-08-13,JPY,0.00950936
2019-08-13,TRY,0.17772921
2019-08-13,USD,1.0
2019-08-14,EUR,1.1188
2019-08-14,GBP,1.20725562
2019-08-14,JPY,0.00944294
2019-08-14,TRY,0.17867638
2019-08-14,USD,1.0
2019-08-15,EUR,1.115
2019-08-15,GBP,1.21376397
2019-08-15,JPY,0.00941962
2019-08-15,TRY,0.17892676
2019-08-15,USD,1.0
2019-08-16,EUR,1.1076
2019-08-16,GBP,1.21670164
2019-08-16,JPY,0.00940477
2019-08-16,TRY,0.17997173
2019-08-16,USD,1.0
2019-08-17,EUR,1.1076
2019-08-17,GBP,1.21670164
2019-08-17,JPY,0.00940477
2019-08-17,TRY,0.17997173
2019-08-17,USD,1.0
2019-08-18,EUR,1.1076
2019-08-18,GBP,1.21670164
2019-08-18,JPY,0.00940477
2019-08-18,TRY,0.17997173
2019-08-18,USD,1.0
2019-08-19,EUR,1.1103
2019-08-19,GBP,1.2123429
2019-08-19,JPY,0.00938229
2019-08-19,TRY,0.17855937
2019-08-19,USD,1.0
2019-08-20,EUR,1.1076
2019-08-20,GBP,1.20886677
2019-08-20,JPY,0.00940318
2019-08-20,TRY,0.17489894
2019-08-20,USD,1.0
2019-08-21,EUR,1.1104
2019-08-21,GBP,1.21295538
2019-08-21,JPY,0.00939107
2019-08-21,TRY,0.17497085
2019-08-21,USD,1.0
2019-08-22,EUR,1.1083
2019-08-22,GBP,1.21590784
2019-08-22,JPY,0.00938204
2019-08-22,TRY,0.17351076
2019-08-22,USD,1.0
2019-08-23,EUR,1.1065
2019-08-23,GBP,1.22328723
2019-08-23,JPY,0.00939384
2019-08-23,TRY,0.17339184
2019-08-23,USD,1.0
2019-08-24,EUR,1.1065
2019-08-24,GBP,1.22328723
2019-08-24,JPY,0.00939384
2019-08-24,TRY,0.17339184
2019-08-24,USD,1.0
2019-08-25,EUR,1.1065
2019-08-25,GBP,1.22328723
2019-08-25,JPY,0.00939384
2019-08-25,TRY,0.17339184
2019-08-25,USD,1.0
2019-08-26,EUR,1.1116
2019-08-26,GBP,1.22412122
2019-08-26,JPY,0.00944676
2019-08-26,TRY,0.1719625
2019-08-26,USD,1.0
2019-08-27,EUR,1.1104
2019-08-27,GBP,1.2278432
2019-08-27,JPY,0.00945585
2019-08-27,TRY,0.17162287
2019-08-27,USD,1.0
2019-08-28,EUR,1.1083
2019-08-28,GBP,1.22028561
2019-08-28,JPY,0.0094581
2019-08-28,TRY,0.17249805
2019-08-28,USD,1.0
2019-08-29,EUR,1.1072
2019-08-29,GBP,1.22300648
2019-08-29,JPY,0.00940857
2019-08-29,TRY,0.17140911
2019-08-29,USD,1.0
2019-08-30,EUR,1.1036
2019-08-30,GBP,1.2185723
2019-08-30,JPY,0.00940996
2019-08-30,TRY,0.17131858
2019-08-30,USD,1.0
2019-08-31,EUR,1.1036
2019-08-31,GBP,1.2185723
2019-08-31,JPY,0.00940996
2019-08-31,TRY,0.17131858
2019-08-31,USD,1.0
2019-09-01,EUR,1.1036
2019-09-01,GBP,1.2185723
2019-09-01,JPY,0.00940996
2019-09-01,TRY,0.17131858
2019-09-01,USD,1.0
2019-09-02,EUR,1.0968
2019-09-02,GBP,1.20766351
2019-09-02,JPY,0.00940168
2019-09-02,TRY,0.17201468
2019-09-02,USD,1.0
2019-09-03,EUR,1.0937
2019-09-03,GBP,1.2033889
2019-09-03,JPY,0.00942439
2019-09-03,TRY,0.17377695
2019-09-03,USD,1.0
2019-09-04,EUR,1.1018
2019-09-04,GBP,1.22076339
2019-09-04,JPY,0.00941468
2019-09-04,TRY,0.17633879
2019-09-04,USD,1.0
2019-09-05,EUR,1.1058
2019-09-05,GBP,1.23442733
2019-09-05,JPY,0.00937357
2019-09-05,TRY,0.17598472
2019-09-05,USD,1.0
2019-09-06,EUR,1.1027
2019-09-06,GBP,1.23021141
2019-09-06,JPY,0.00934412
2019-09-06,TRY,0.17537972
2019-09-06,USD,1.0
2019-09-07,EUR,1.1027
2019-09-07,GBP,1.23021141
2019-09-07,JPY,0.00934412
2019-09-07,TRY,0.17537972
2019-09-07,USD,1.0
2019-09-08,EUR,1.1027
2019-09-08,GBP,1.23021141
2019-09-08,JPY,0.00934412
2019-09-08,TRY,0.17537972
2019-09-08,USD,1.0
2019-09-09,EUR,1.1033
2019-09-09,GBP,1.2358443
2019-09-09,JPY,0.00934921
2019-09-09,TRY,0.1746391
2019-09-09,USD,1.0
2019-09-10,EUR,1.104
2019-09-10,GBP,1.23628219
2019-09-10,JPY,0.00931488
2019-09-10,TRY,0.17321451
2019-09-10,USD,1.0
2019-09-11,EUR,1.1003
2019-09-11,GBP,1.2344474
2019-09-11,JPY,0.00928445
2019-09-11,TRY,0.17372701
2019-09-11,USD,1.0
2019-09-12,EUR,1.0963
2019-09-12,GBP,1.23290598
2019-09-12,JPY,0.00927967
2019-09-12,TRY,0.17660894
2019-09-12,USD,1.0
2019-09-13,EUR,1.1096
2019-09-13,GBP,1.24544016
2019-09-13,JPY,0.00925978
2019-09-13,TRY,0.17642943
2019-09-13,USD,1.0
2019-09-14,EUR,1.1096
2019-09-14,GBP,1.24544016
2019-09-14,JPY,0.00925978
2019-09-14,TRY,0.17642943
2019-09-14,USD,1.0
2019-09-15,EUR,1.1096
2019-09-15,GBP,1.24544016
2019-09-15,JPY,0.00925978
2019-09-15,TRY,0.17642943
2019-09-15,USD,1.0
2019-09-16,EUR,1.1031
2019-09-16,GBP,1.24629985
2019-09-16,JPY,0.00927286
2019-09-16,TRY,0.17498136
2019-09-16,USD,1.0
2019-09-17,EUR,1.1026
2019-09-17,GBP,1.24148492
2019-09-17,JPY,0.00924767
2019-09-17,TRY,0.17483549
2019-09-17,USD,1.0
2019-09-18,EUR,1.1053
2019-09-18,GBP,1.24582958
2019-09-18,JPY,0.00924628
2019-09-18,TRY,0.17638798
2019-09-18,USD,1.0
2019-09-19,EUR,1.1067
2019-09-19,GBP,1.24719671
2019-09-19,JPY,0.00926419
2019-09-19,TRY,0.17560256
2019-09-19,USD,1.0
2019-09-20,EUR,1.103
2019-09-20,GBP,1.25014168
2019-09-20,JPY,0.00926035
2019-09-20,TRY,0.17537444
2019-09-20,USD,1.0
2019-09-21,EUR,1.103
2019-09-21,GBP,1.25014168
2019-09-21,JPY,0.00926035
2019-09-21,TRY,0.17537444
2019-09-21,USD,1.0
2019-09-22,EUR,1.103
2019-09-22,GBP,1.25014168
2019-09-22,JPY,0.00926035
2019-09-22,TRY,0.17537444
2019-09-22,USD,1.0
2019-09-23,EUR,1.0985
2019-09-23,GBP,1.24344883
2019-09-23,JPY,0.0093038
2019-09-23,TRY,0.17483964
2019-09-23,USD,1.0
2019-09-24,EUR,1.1003
2019-09-24,GBP,1.24817079
2019-09-24,JPY,0.00928915
2019-09-24,TRY,0.17589884
2019-09-24,USD,1.0
2019-09-25,EUR,1.0982
2019-09-25,GBP,1.2385528
2019-09-25,JPY,0.00930678
2019-09-25,TRY,0.17543691
2019-09-25,USD,1.0
2019-09-26,EUR,1.0938
2019-09-26,GBP,1.23586238
2019-09-26,JPY,0.00929075
2019-09-26,TRY,0.17670722
2019-09-26,USD,1.0
2019-09-27,EUR,1.0935
2019-09-27,GBP,1.23172408
2019-09-27,JPY,0.00925049
2019-09-27,TRY,0.17667017
2019-09-27,USD,1.0
2019-09-28,EUR,1.0935
2019-09-28,GBP,1.23172408
2019-09-28,JPY,0.00925049
2019-09-28,TRY,0.17667017
2019-09-28,USD,1.0
2019-09-29,EUR,1.0935
2019-09-29,GBP,1.23172408
2019-09-29,JPY,0.00925049
2019-09-29,TRY,0.17667017
2019-09-29,USD,1.0
2019-09-30,EUR,1.0889
2019-09-30,GBP,1.22938141
2019-09-30,JPY,0.00926014
2019-09-30,TRY,0.17708283
2019-09-30,USD,1.0
2019-10-01,EUR,1.0898
2019-10-01,GBP,1.22511382
2019-10-01,JPY,0.00923559
2019-10-01,TRY,0.17583375
2019-10-01,USD,1.0
2019-10-02,EUR,1.0925
2019-10-02,GBP,1.227942
2019-10-02,JPY,0.00930025
2019-10-02,TRY,0.17453471
2019-10-02,USD,1.0
2019-10-03,EUR,1.0951
2019-10-03,GBP,1.23335961
2019-10-03,JPY,0.00934625
2019-10-03,TRY,0.1753619
2019-10-03,USD,1.0
2019-10-04,EUR,1.0979
2019-10-04,GBP,1.23297209
2019-10-04,JPY,0.00936535
2019-10-04,TRY,0.17564995
2019-10-04,USD,1.0
2019-10-05,EUR,1.0979
2019-10-05,GBP,1.23297209
2019-10-05,JPY,0.00936535
2019-10-05,TRY,0.17564995
2019-10-05,USD,1.0
2019-10-06,EUR,1.0979
2019-10-06,GBP,1.23297209
2019-10-06,JPY,0.00936535
2019-10-06,TRY,0.17564995
2019-10-06,USD,1.0
2019-10-07,EUR,1.0993
2019-10-07,GBP,1.23302114
2019-10-07,JPY,0.00936052
2019-10-07,TRY,0.17421553
2019-10-07,USD,1.0
2019-10-08,EUR,1.0986
2019-10-08,GBP,1.22345342
2019-10-08,JPY,0.00935536
2019-10-08,TRY,0.171335
2019-10-08,USD,1.0
2019-10-09,EUR,1.0981
2019-10-09,GBP,1.22214802
2019-10-09,JPY,0.00931304
2019-10-09,TRY,0.17143615
2019-10-09,USD,1.0
2019-10-10,EUR,1.103
2019-10-10,GBP,1.22344851
2019-10-10,JPY,0.00930645
2019-10-10,TRY,0.16985955
2019-10-10,USD,1.0
2019-10-11,EUR,1.1043
2019-10-11,GBP,1.26179757
2019-10-11,JPY,0.00922171
2019-10-11,TRY,0.17064577
2019-10-11,USD,1.0
2019-10-12,EUR,1.1043
2019-10-12,GBP,1.26179757
2019-10-12,JPY,0.00922171
2019-10-12,TRY,0.17064577
2019-10-12,USD,1.0
2019-10-13,EUR,1.1043
2019-10-13,GBP,1.26179757
2019-10-13,JPY,0.00922171
2019-10-13,TRY,0.17064577
2019-10-13,USD,1.0
2019-10-14,EUR,1.1031
2019-10-14,GBP,1.25376493
2019-10-14,JPY,0.00923869
2019-10-14,TRY,0.16860785
2019-10-14,USD,1.0
2019-10-15,EUR,1.1007
2019-10-15,GBP,1.26432953
2019-10-15,JPY,0.00923174
2019-10-15,TRY,0.17018151
2019-10-15,USD,1.0
2019-10-16,EUR,1.1025
2019-10-16,GBP,1.27368299
2019-10-16,JPY,0.00919516
2019-10-16,TRY,0.1694173
2019-10-16,USD,1.0
2019-10-17,EUR,1.1113
2019-10-17,GBP,1.27970981
2019-10-17,JPY,0.00919874
2019-10-17,TRY,0.16958645
2019-10-17,USD,1.0
2019-10-18,EUR,1.1144
2019-10-18,GBP,1.28929253
2019-10-18,JPY,0.0092122
2019-10-18,TRY,0.17291728
2019-10-18,USD,1.0
2019-10-19,EUR,1.1144
2019-10-19,GBP,1.28929253
2019-10-19,JPY,0.0092122
2019-10-19,TRY,0.17291728
2019-10-19,USD,1.0
2019-10-20,EUR,1.1144
2019-10-20,GBP,1.28929253
2019-10-20,JPY,0.0092122
2019-10-20,TRY,0.17291728
2019-10-20,USD,1.0
2019-10-21,EUR,1.1173
2019-10-21,GBP,1.30024438
2019-10-21,JPY,0.00921181
2019-10-21,TRY,0.17176811
2019-10-21,USD,1.0
2019-10-22,EUR,1.113
2019-10-22,GBP,1.29320862
2019-10-22,JPY,0.00920824
2019-10-22,TRY,0.17150253
2019-10-22,USD,1.0
2019-10-23,EUR,1.1123
2019-10-23,GBP,1.28726507
2019-10-23,JPY,0.00922076
2019-10-23,TRY,0.17293759
2019-10-23,USD,1.0
2019-10-24,EUR,1.1128
2019-10-24,GBP,1.28963471
2019-10-24,JPY,0.00920735
2019-10-24,TRY,0.17319575
2019-10-24,USD,1.0
2019-10-25,EUR,1.1107
2019-10-25,GBP,1.28259313
2019-10-25,JPY,0.00921055
2019-10-25,TRY,0.17351434
2019-10-25,USD,1.0
2019-10-26,EUR,1.1107
2019-10-26,GBP,1.28259313
2019-10-26,JPY,0.00921055
2019-10-26,TRY,0.17351434
2019-10-26,USD,1.0
2019-10-27,EUR,1.1107
2019-10-27,GBP,1.28259313
2019-10-27,JPY,0.00921055
2019-10-27,TRY,0.17351434
2019-10-27,USD,1.0
2019-10-28,EUR,1.1087
2019-10-28,GBP,1.28428783
2019-10-28,JPY,0.00918635
2019-10-28,TRY,0.17465619
2019-10-28,USD,1.0
2019-10-29,EUR,1.1095
2019-10-29,GBP,1.28521453
2019-10-29,JPY,0.00917852
2019-10-29,TRY,0.17446066
2019-10-29,USD,1.0
2019-10-30,EUR,1.1106
2019-10-30,GBP,1.28839907
2019-10-30,JPY,0.00917927
2019-10-30,TRY,0.17458147
2019-10-30,USD,1.0
2019-10-31,EUR,1.1154
2019-10-31,GBP,1.29497405
2019-10-31,JPY,0.0092388
2019-10-31,TRY,0.17505532
2019-10-31,USD,1.0
2019-11-01,EUR,1.1139
2019-11-01,GBP,1.29511208
2019-11-01,JPY,0.00924936
2019-11-01,TRY,0.17469927
2019-11-01,USD,1.0
2019-11-02,EUR,1.1139
2019-11-02,GBP,1.29511208
2019-11-02,JPY,0.00924936
2019-11-02,TRY,0.17469927
2019-11-02,USD,1.0
2019-11-03,EUR,1.1139
2019-11-03,GBP,1.29511208
2019-11-03,JPY,0.00924936
2019-11-03,TRY,0.17469927
2019-11-03,USD,1.0
2019-11-04,EUR,1.1158
2019-11-04,GBP,1.29191367
2019-11-04,JPY,0.00922683
2019-11-04,TRY,0.17576359
2019-11-04,USD,1.0
2019-11-05,EUR,1.1109
2019-11-05,GBP,1.29004912
2019-11-05,JPY,0.00918631
2019-11-05,TRY,0.17410315
2019-11-05,USD,1.0
2019-11-06,EUR,1.109
2019-11-06,GBP,1.28904025
2019-11-06,JPY,0.00917439
2019-11-06,TRY,0.17381628
2019-11-06,USD,1.0
2019-11-07,EUR,1.1077
2019-11-07,GBP,1.28143726
2019-11-07,JPY,0.00916212
2019-11-07,TRY,0.17413107
2019-11-07,USD,1.0
2019-11-08,EUR,1.1034
2019-11-08,GBP,1.2806704
2019-11-08,JPY,0.00914016
2019-11-08,TRY,0.17372821
2019-11-08,USD,1.0
2019-11-09,EUR,1.1034
2019-11-09,GBP,1.2806704
2019-11-09,JPY,0.00914016
2019-11-09,TRY,0.17372821
2019-11-09,USD,1.0
2019-11-10,EUR,1.1034
2019-11-10,GBP,1.2806704
2019-11-10,JPY,0.00914016
2019-11-10,TRY,0.17372821
2019-11-10,USD,1.0
2019-11-11,EUR,1.1041
2019-11-11,GBP,1.28768529
2019-11-11,JPY,0.00917865
2019-11-11,TRY,0.17326826
2019-11-11,USD,1.0
2019-11-12,EUR,1.1015
2019-11-12,GBP,1.28350035
2019-11-12,JPY,0.00916084
2019-11-12,TRY,0.17321906
2019-11-12,USD,1.0
2019-11-13,EUR,1.1006
2019-11-13,GBP,1.28334888
2019-11-13,JPY,0.00918775
2019-11-13,TRY,0.17382652
2019-11-13,USD,1.0
2019-11-14,EUR,1.0997
2019-11-14,GBP,1.28405124
2019-11-14,JPY,0.00920328
2019-11-14,TRY,0.17356102
2019-11-14,USD,1.0
2019-11-15,EUR,1.1034
2019-11-15,GBP,1.28811581
2019-11-15,JPY,0.00919883
2019-11-15,TRY,0.17394731
2019-11-15,USD,1.0
2019-11-16,EUR,1.1034
2019-11-16,GBP,1.28811581
2019-11-16,JPY,0.00919883
2019-11-16,TRY,0.17394731
2019-11-16,USD,1.0
2019-11-17,EUR,1.1034
2019-11-17,GBP,1.28811581
2019-11-17,JPY,0.00919883
2019-11-17,TRY,0.17394731
2019-11-17,USD,1.0
2019-11-18,EUR,1.1061
2019-11-18,GBP,1.29626157
2019-11-18,JPY,0.00917545
2019-11-18,TRY,0.17469518
2019-11-18,USD,1.0
2019-11-19,EUR,1.1077
2019-11-19,GBP,1.29445035
2019-11-19,JPY,0.00919558
2019-11-19,TRY,0.17496446
2019-11-19,USD,1.0
2019-11-20,EUR,1.1059
2019-11-20,GBP,1.29020591
2019-11-20,JPY,0.00921891
2019-11-20,TRY,0.17553132
2019-11-20,USD,1.0
2019-11-21,EUR,1.1091
2019-11-21,GBP,1.29646514
2019-11-21,JPY,0.00920721
2019-11-21,TRY,0.17577698
2019-11-21,USD,1.0
2019-11-22,EUR,1.1058
2019-11-22,GBP,1.28611305
2019-11-22,JPY,0.0092127
2019-11-22,TRY,0.17519289
2019-11-22,USD,1.0
2019-11-23,EUR,1.1058
2019-11-23,GBP,1.28611305
2019-11-23,JPY,0.0092127
2019-11-23,TRY,0.17519289
2019-11-23,USD,1.0
2019-11-24,EUR,1.1058
2019-11-24,GBP,1.28611305
2019-11-24,JPY,0.0092127
2019-11-24,TRY,0.17519289
2019-11-24,USD,1.0
2019-11-25,EUR,1.1008
2019-11-25,GBP,1.28725955
2019-11-25,JPY,0.00918252
2019-11-25,TRY,0.17418824
2019-11-25,USD,1.0
2019-11-26,EUR,1.102
2019-11-26,GBP,1.28565595
2019-11-26,JPY,0.00917645
2019-11-26,TRY,0.17421548
2019-11-26,USD,1.0
2019-11-27,EUR,1.1009
2019-11-27,GBP,1.28835576
2019-11-27,JPY,0.00916043
2019-11-27,TRY,0.17352858
2019-11-27,USD,1.0
2019-11-28,EUR,1.1005
2019-11-28,GBP,1.29196995
2019-11-28,JPY,0.00913278
2019-11-28,TRY,0.17336988
2019-11-28,USD,1.0
2019-11-29,EUR,1.0982
2019-11-29,GBP,1.28858903
2019-11-29,JPY,0.00911899
2019-11-29,TRY,0.17377132
2019-11-29,USD,1.0
2019-11-30,EUR,1.0982
2019-11-30,GBP,1.28858903
2019-11-30,JPY,0.00911899
2019-11-30,TRY,0.17377132
2019-11-30,USD,1.0
2019-12-01,EUR,1.0982
2019-12-01,GBP,1.28858903
2019-12-01,JPY,0.00911899
2019-12-01,TRY,0.17377132
2019-12-01,USD,1.0
2019-12-02,EUR,1.1023
2019-12-02,GBP,1.29350607
2019-12-02,JPY,0.00912878
2019-12-02,TRY,0.17376569
2019-12-02,USD,1.0
2019-12-03,EUR,1.1071
2019-12-03,GBP,1.29941315
2019-12-03,JPY,0.00919595
2019-12-03,TRY,0.17432449
2019-12-03,USD,1.0
2019-12-04,EUR,1.1081
2019-12-04,GBP,1.30965607
2019-12-04,JPY,0.00919967
2019-12-04,TRY,0.17420765
2019-12-04,USD,1.0
2019-12-05,EUR,1.1094
2019-12-05,GBP,1.31336569
2019-12-05,JPY,0.00919215
2019-12-05,TRY,0.17376459
2019-12-05,USD,1.0
2019-12-06,EUR,1.1094
2019-12-06,GBP,1.31363007
2019-12-06,JPY,0.00921123
2019-12-06,TRY,0.17363404
2019-12-06,USD,1.0
2019-12-07,EUR,1.1094
2019-12-07,GBP,1.31363007
2019-12-07,JPY,0.00921123
2019-12-07,TRY,0.17363404
2019-12-07,USD,1.0
2019-12-08,EUR,1.1094
2019-12-08,GBP,1.31363007
2019-12-08,JPY,0.00921123
2019-12-08,TRY,0.17363404
2019-12-08,USD,1.0
2019-12-09,EUR,1.1075
2019-12-09,GBP,1.31539878
2019-12-09,JPY,0.00921764
2019-12-09,TRY,0.1723199
2019-12-09,USD,1.0
2019-12-10,EUR,1.1077
2019-12-10,GBP,1.31754547
2019-12-10,JPY,0.00921011
2019-12-10,TRY,0.17227061
2019-12-10,USD,1.0
2019-12-11,EUR,1.1075
2019-12-11,GBP,1.31461808
2019-12-11,JPY,0.00919545
2019-12-11,TRY,0.17210835
2019-12-11,USD,1.0
2019-12-12,EUR,1.1137
2019-12-12,GBP,1.31705298
2019-12-12,JPY,0.00920794
2019-12-12,TRY,0.17296164
2019-12-12,USD,1.0
2019-12-13,EUR,1.1174
2019-12-13,GBP,1.33807539
2019-12-13,JPY,0.00912685
2019-12-13,TRY,0.17237975
2019-12-13,USD,1.0
2019-12-14,EUR,1.1174
2019-12-14,GBP,1.33807539
2019-12-14,JPY,0.00912685
2019-12-14,TRY,0.17237975
2019-12-14,USD,1.0
2019-12-15,EUR,1.1174
2019-12-15,GBP,1.33807539
2019-12-15,JPY,0.00912685
2019-12-15,TRY,0.17237975
2019-12-15,USD,1.0
2019-12-16,EUR,1.1146
2019-12-16,GBP,1.33621051
2019-12-16,JPY,0.00913831
2019-12-16,TRY,0.17097714
2019-12-16,USD,1.0
2019-12-17,EUR,1.1162
2019-12-17,GBP,1.31708123
2019-12-17,JPY,0.00912599
2019-12-17,TRY,0.17009539
2019-12-17,USD,1.0
2019-12-18,EUR,1.1115
2019-12-18,GBP,1.30680148
2019-12-18,JPY,0.00912487
2019-12-18,TRY,0.16909572
2019-12-18,USD,1.0
2019-12-19,EUR,1.1117
2019-12-19,GBP,1.30676008
2019-12-19,JPY,0.00913251
2019-12-19,TRY,0.16838327
2019-12-19,USD,1.0
2019-12-20,EUR,1.1097
2019-12-20,GBP,1.30348983
2019-12-20,JPY,0.00914764
2019-12-20,TRY,0.16871408
2019-12-20,USD,1.0
2019-12-21,EUR,1.1097
2019-12-21,GBP,1.30348983
2019-12-21,JPY,0.00914764
2019-12-21,TRY,0.16871408
2019-12-21,USD,1.0
2019-12-22,EUR,1.1097
2019-12-22,GBP,1.30348983
2019-12-22,JPY,0.00914764
2019-12-22,TRY,0.16871408
2019-12-22,USD,1.0
2019-12-23,EUR,1.1075
2019-12-23,GBP,1.29217809
2019-12-23,JPY,0.0091393
2019-12-23,TRY,0.16822614
2019-12-23,USD,1.0
2019-12-24,EUR,1.108
2019-12-24,GBP,1.29540645
2019-12-24,JPY,0.00914267
2019-12-24,TRY,0.16789405
2019-12-24,USD,1.0
2019-12-25,EUR,1.108
2019-12-25,GBP,1.29540645
2019-12-25,JPY,0.00914267
2019-12-25,TRY,0.16789405
2019-12-25,USD,1.0
2019-12-26,EUR,1.108
2019-12-26,GBP,1.29540645
2019-12-26,JPY,0.00914267
2019-12-26,TRY,0.16789405
2019-12-26,USD,1.0
2019-12-27,EUR,1.1153
2019-12-27,GBP,1.31011394
2019-12-27,JPY,0.0091246
2019-12-27,TRY,0.16784301
2019-12-27,USD,1.0
2019-12-28,EUR,1.1153
2019-12-28,GBP,1.31011394
2019-12-28,JPY,0.0091246
2019-12-28,TRY,0.16784301
2019-12-28,USD,1.0
2019-12-29,EUR,1.1153
2019-12-29,GBP,1.31011394
2019-12-29,JPY,0.0091246
2019-12-29,TRY,0.16784301
2019-12-29,USD,1.0
2019-12-30,EUR,1.1189
2019-12-30,GBP,1.31313961
2019-12-30,JPY,0.00915705
2019-12-30,TRY,0.16808629
2019-12-30,USD,1.0
2019-12-31,EUR,1.1234
2019-12-31,GBP,1.32040433
2019-12-31,JPY,0.00921273
2019-12-31,TRY,0.16806547
2019-12-31,USD,1.0
2020-01-01,EUR,1.1234
2020-01-01,GBP,1.32040433
2020-01-01,JPY,0.00921273
2020-01-01,TRY,0.16806547
2020-01-01,USD,1.0
2020-01-02,EUR,1.1193
2020-01-02,GBP,1.31949356
2020-01-02,JPY,0.00919343
2020-01-02,TRY,0.16781361
2020-01-02,USD,1.0
2020-01-03,EUR,1.1147
2020-01-03,GBP,1.3096399
2020-01-03,JPY,0.00924755
2020-01-03,TRY,0.16740505
2020-01-03,USD,1.0
2020-01-04,EUR,1.1147
2020-01-04,GBP,1.3096399
2020-01-04,JPY,0.00924755
2020-01-04,TRY,0.16740505
2020-01-04,USD,1.0
2020-01-05,EUR,1.1147
2020-01-05,GBP,1.3096399
2020-01-05,JPY,0.00924755
2020-01-05,TRY,0.16740505
2020-01-05,USD,1.0
2020-01-06,EUR,1.1194
2020-01-06,GBP,1.31361849
2020-01-06,JPY,0.00924971
2020-01-06,TRY,0.16732436
2020-01-06,USD,1.0
2020-01-07,EUR,1.1172
2020-01-07,GBP,1.3115293
2020-01-07,JPY,0.00922163
2020-01-07,TRY,0.16734572
2020-01-07,USD,1.0
2020-01-08,EUR,1.1115
2020-01-08,GBP,1.30968092
2020-01-08,JPY,0.00919659
2020-01-08,TRY,0.16800689
2020-01-08,USD,1.0
2020-01-09,EUR,1.111
2020-01-09,GBP,1.30269098
2020-01-09,JPY,0.00914102
2020-01-09,TRY,0.17005709
2020-01-09,USD,1.0
2020-01-10,EUR,1.1091
2020-01-10,GBP,1.30774673
2020-01-10,JPY,0.00912089
2020-01-10,TRY,0.17011258
2020-01-10,USD,1.0
2020-01-11,EUR,1.1091
2020-01-11,GBP,1.30774673
2020-01-11,JPY,0.00912089
2020-01-11,TRY,0.17011258
2020-01-11,USD,1.0
2020-01-12,EUR,1.1091
2020-01-12,GBP,1.30774673
2020-01-12,JPY,0.00912089
2020-01-12,TRY,0.17011258
2020-01-12,USD,1.0
2020-01-13,EUR,1.1126
2020-01-13,GBP,1.29734142
2020-01-13,JPY,0.00910102
2020-01-13,TRY,0.17059446
2020-01-13,USD,1.0
2020-01-14,EUR,1.1115
2020-01-14,GBP,1.29820832
2020-01-14,JPY,0.00908682
2020-01-14,TRY,0.16982948
2020-01-14,USD,1.0
2020-01-15,EUR,1.1142
2020-01-15,GBP,1.30037464
2020-01-15,JPY,0.00910071
2020-01-15,TRY,0.16989936
2020-01-15,USD,1.0
2020-01-16,EUR,1.1169
2020-01-16,GBP,1.30677431
2020-01-16,JPY,0.00909528
2020-01-16,TRY,0.17087649
2020-01-16,USD,1.0
2020-01-17,EUR,1.1108
2020-01-17,GBP,1.30521121
2020-01-17,JPY,0.00908184
2020-01-17,TRY,0.1700473
2020-01-17,USD,1.0
2020-01-18,EUR,1.1108
2020-01-18,GBP,1.30521121
2020-01-18,JPY,0.00908184
2020-01-18,TRY,0.1700473
2020-01-18,USD,1.0
2020-01-19,EUR,1.1108
2020-01-19,GBP,1.30521121
2020-01-19,JPY,0.00908184
2020-01-19,TRY,0.1700473
2020-01-19,USD,1.0
2020-01-20,EUR,1.1085
2020-01-20,GBP,1.29991205
2020-01-20,JPY,0.00907565
2020-01-20,TRY,0.16896836
2020-01-20,USD,1.0
2020-01-21,EUR,1.1115
2020-01-21,GBP,1.3071857
2020-01-21,JPY,0.00908756
2020-01-21,TRY,0.16856744
2020-01-21,USD,1.0
2020-01-22,EUR,1.1088
2020-01-22,GBP,1.31304399
2020-01-22,JPY,0.00909374
2020-01-22,TRY,0.16883651
2020-01-22,USD,1.0
2020-01-23,EUR,1.1091
2020-01-23,GBP,1.31257545
2020-01-23,JPY,0.0091284
2020-01-23,TRY,0.16863055
2020-01-23,USD,1.0
2020-01-24,EUR,1.1035
2020-01-24,GBP,1.30881359
2020-01-24,JPY,0.00912285
2020-01-24,TRY,0.16837303
2020-01-24,USD,1.0
2020-01-25,EUR,1.1035
2020-01-25,GBP,1.30881359
2020-01-25,JPY,0.00912285
2020-01-25,TRY,0.16837303
2020-01-25,USD,1.0
2020-01-26,EUR,1.1035
2020-01-26,GBP,1.30881359
2020-01-26,JPY,0.00912285
2020-01-26,TRY,0.16837303
2020-01-26,USD,1.0
2020-01-27,EUR,1.1025
2020-01-27,GBP,1.30692999
2020-01-27,JPY,0.00917909
2020-01-27,TRY,0.16815118
2020-01-27,USD,1.0
2020-01-28,EUR,1.1005
2020-01-28,GBP,1.3007813
2020-01-28,JPY,0.00916931
2020-01-28,TRY,0.16807942
2020-01-28,USD,1.0
2020-01-29,EUR,1.1001
2020-01-29,GBP,1.3006621
2020-01-29,JPY,0.00916292
2020-01-29,TRY,0.16780305
2020-01-29,USD,1.0
2020-01-30,EUR,1.1029
2020-01-30,GBP,1.310122
2020-01-30,JPY,0.00918854
2020-01-30,TRY,0.16718205
2020-01-30,USD,1.0
2020-01-31,EUR,1.1052
2020-01-31,GBP,1.31297891
2020-01-31,JPY,0.00918322
2020-01-31,TRY,0.16715822
2020-01-31,USD,1.0
2020-02-01,EUR,1.1052
2020-02-01,GBP,1.31297891
2020-02-01,JPY,0.00918322
2020-02-01,TRY,0.16715822
2020-02-01,USD,1.0
2020-02-02,EUR,1.1052
2020-02-02,GBP,1.31297891
2020-02-02,JPY,0.00918322
2020-02-02,TRY,0.16715822
2020-02-02,USD,1.0
2020-02-03,EUR,1.1066
2020-02-03,GBP,1.30533766
2020-02-03,JPY,0.00921399
2020-02-03,TRY,0.16710711
2020-02-03,USD,1.0
2020-02-04,EUR,1.1048
2020-02-04,GBP,1.30160226
2020-02-04,JPY,0.00916694
2020-02-04,TRY,0.167209
2020-02-04,USD,1.0
2020-02-05,EUR,1.1023
2020-02-05,GBP,1.30536213
2020-02-05,JPY,0.00911444
2020-02-05,TRY,0.16707844
2020-02-05,USD,1.0
2020-02-06,EUR,1.1003
2020-02-06,GBP,1.29698827
2020-02-06,JPY,0.00910317
2020-02-06,TRY,0.16700058
2020-02-06,USD,1.0
2020-02-07,EUR,1.0969
2020-02-07,GBP,1.2947356
2020-02-07,JPY,0.00910215
2020-02-07,TRY,0.16698636
2020-02-07,USD,1.0
2020-02-08,EUR,1.0969
2020-02-08,GBP,1.2947356
2020-02-08,JPY,0.00910215
2020-02-08,TRY,0.16698636
2020-02-08,USD,1.0
2020-02-09,EUR,1.0969
2020-02-09,GBP,1.2947356
2020-02-09,JPY,0.00910215
2020-02-09,TRY,0.16698636
2020-02-09,USD,1.0
2020-02-10,EUR,1.0951
2020-02-10,GBP,1.29401616
2020-02-10,JPY,0.00911217
2020-02-10,TRY,0.16618359
2020-02-10,USD,1.0
2020-02-11,EUR,1.0901
2020-02-11,GBP,1.29273644
2020-02-11,JPY,0.00910465
2020-02-11,TRY,0.16573166
2020-02-11,USD,1.0
2020-02-12,EUR,1.0914
2020-02-12,GBP,1.29838921
2020-02-12,JPY,0.00909273
2020-02-12,TRY,0.16555679
2020-02-12,USD,1.0
2020-02-13,EUR,1.0867
2020-02-13,GBP,1.30338831
2020-02-13,JPY,0.00911585
2020-02-13,TRY,0.16504412
2020-02-13,USD,1.0
2020-02-14,EUR,1.0842
2020-02-14,GBP,1.30299971
2020-02-14,JPY,0.00910251
2020-02-14,TRY,0.16493497
2020-02-14,USD,1.0
2020-02-15,EUR,1.0842
2020-02-15,GBP,1.30299971
2020-02-15,JPY,0.00910251
2020-02-15,TRY,0.16493497
2020-02-15,USD,1.0
2020-02-16,EUR,1.0842
2020-02-16,GBP,1.30299971
2020-02-16,JPY,0.00910251
2020-02-16,TRY,0.16493497
2020-02-16,USD,1.0
2020-02-17,EUR,1.0835
2020-02-17,GBP,1.30168913
2020-02-17,JPY,0.00910122
2020-02-17,TRY,0.16531384
2020-02-17,USD,1.0
2020-02-18,EUR,1.0816
2020-02-18,GBP,1.30336808
2020-02-18,JPY,0.00911205
2020-02-18,TRY,0.16477004
2020-02-18,USD,1.0
2020-02-19,EUR,1.08
2020-02-19,GBP,1.29888873
2020-02-19,JPY,0.00904902
2020-02-19,TRY,0.16461909
2020-02-19,USD,1.0
2020-02-20,EUR,1.079
2020-02-20,GBP,1.28697519
2020-02-20,JPY,0.00892768
2020-02-20,TRY,0.16396681
2020-02-20,USD,1.0
2020-02-21,EUR,1.0801
2020-02-21,GBP,1.29337804
2020-02-21,JPY,0.0089294
2020-02-21,TRY,0.16332734
2020-02-21,USD,1.0
2020-02-22,EUR,1.0801
2020-02-22,GBP,1.29337804
2020-02-22,JPY,0.0089294
2020-02-22,TRY,0.16332734
2020-02-22,USD,1.0
2020-02-23,EUR,1.0801
2020-02-23,GBP,1.29337804
2020-02-23,JPY,0.0089294
2020-02-23,TRY,0.16332734
2020-02-23,USD,1.0
2020-02-24,EUR,1.0818
2020-02-24,GBP,1.29042263
2020-02-24,JPY,0.0089761
2020-02-24,TRY,0.16243487
2020-02-24,USD,1.0
2020-02-25,EUR,1.084
2020-02-25,GBP,1.29618558
2020-02-25,JPY,0.00903936
2020-02-25,TRY,0.16254798
2020-02-25,USD,1.0
2020-02-26,EUR,1.0875
2020-02-26,GBP,1.29233512
2020-02-26,JPY,0.00905269
2020-02-26,TRY,0.16235948
2020-02-26,USD,1.0
2020-02-27,EUR,1.0964
2020-02-27,GBP,1.28995823
2020-02-27,JPY,0.00910178
2020-02-27,TRY,0.16233824
2020-02-27,USD,1.0
2020-02-28,EUR,1.0977
2020-02-28,GBP,1.28664361
2020-02-28,JPY,0.00919655
2020-02-28,TRY,0.16060455
2020-02-28,USD,1.0
2020-02-29,EUR,1.0977
2020-02-29,GBP,1.28664361
2020-02-29,JPY,0.00919655
2020-02-29,TRY,0.16060455
2020-02-29,USD,1.0
2020-03-01,EUR,1.0977
2020-03-01,GBP,1.28664361
2020-03-01,JPY,0.00919655
2020-03-01,TRY,0.16060455
2020-03-01,USD,1.0
2020-03-02,EUR,1.1122
2020-03-02,GBP,1.27673252
2020-03-02,JPY,0.00928226
2020-03-02,TRY,0.16059954
2020-03-02,USD,1.0
2020-03-03,EUR,1.1117
2020-03-03,GBP,1.27766923
2020-03-03,JPY,0.00928196
2020-03-03,TRY,0.161994
2020-03-03,USD,1.0
2020-03-04,EUR,1.1125
2020-03-04,GBP,1.28094416
2020-03-04,JPY,0.0093034
2020-03-04,TRY,0.16401781
2020-03-04,USD,1.0
2020-03-05,EUR,1.1187
2020-03-05,GBP,1.29075805
2020-03-05,JPY,0.00935133
2020-03-05,TRY,0.16442282
2020-03-05,USD,1.0
2020-03-06,EUR,1.1336
2020-03-06,GBP,1.300522
2020-03-06,JPY,0.00951965
2020-03-06,TRY,0.16379373
2020-03-06,USD,1.0
2020-03-07,EUR,1.1336
2020-03-07,GBP,1.300522
2020-03-07,JPY,0.00951965
2020-03-07,TRY,0.16379373
2020-03-07,USD,1.0
2020-03-08,EUR,1.1336
2020-03-08,GBP,1.300522
2020-03-08,JPY,0.00951965
2020-03-08,TRY,0.16379373
2020-03-08,USD,1.0
2020-03-09,EUR,1.1456
2020-03-09,GBP,1.31101015
2020-03-09,JPY,0.00978142
2020-03-09,TRY,0.16365247
2020-03-09,USD,1.0
2020-03-10,EUR,1.139
2020-03-10,GBP,1.30342736
2020-03-10,JPY,0.00959966
2020-03-10,TRY,0.16298437
2020-03-10,USD,1.0
2020-03-11,EUR,1.1336
2020-03-11,GBP,1.29273577
2020-03-11,JPY,0.00956221
2020-03-11,TRY,0.16139871
2020-03-11,USD,1.0
2020-03-12,EUR,1.124
2020-03-12,GBP,1.26829378
2020-03-12,JPY,0.00961999
2020-03-12,TRY,0.15974759
2020-03-12,USD,1.0
2020-03-13,EUR,1.1104
2020-03-13,GBP,1.24665993
2020-03-13,JPY,0.00932248
2020-03-13,TRY,0.15896922
2020-03-13,USD,1.0
2020-03-14,EUR,1.1104
2020-03-14,GBP,1.24665993
2020-03-14,JPY,0.00932248
2020-03-14,TRY,0.15896922
2020-03-14,USD,1.0
2020-03-15,EUR,1.1104
2020-03-15,GBP,1.24665993
2020-03-15,JPY,0.00932248
2020-03-15,TRY,0.15896922
2020-03-15,USD,1.0
2020-03-16,EUR,1.1157
2020-03-16,GBP,1.22714974
2020-03-16,JPY,0.00947435
2020-03-16,TRY,0.1558937
2020-03-16,USD,1.0
2020-03-17,EUR,1.0982
2020-03-17,GBP,1.20916508
2020-03-17,JPY,0.00934638
2020-03-17,TRY,0.15405549
2020-03-17,USD,1.0
2020-03-18,EUR,1.0934
2020-03-18,GBP,1.18602885
2020-03-18,JPY,0.00928341
2020-03-18,TRY,0.155112
2020-03-18,USD,1.0
2020-03-19,EUR,1.0801
2020-03-19,GBP,1.1615852
2020-03-19,JPY,0.00910478
2020-03-19,TRY,0.15293451
2020-03-19,USD,1.0
2020-03-20,EUR,1.0707
2020-03-20,GBP,1.17623149
2020-03-20,JPY,0.00904537
2020-03-20,TRY,0.15338223
2020-03-20,USD,1.0
2020-03-21,EUR,1.0707
2020-03-21,GBP,1.17623149
2020-03-21,JPY,0.00904537
2020-03-21,TRY,0.15338223
2020-03-21,USD,1.0
2020-03-22,EUR,1.0707
2020-03-22,GBP,1.17623149
2020-03-22,JPY,0.00904537
2020-03-22,TRY,0.15338223
2020-03-22,USD,1.0
2020-03-23,EUR,1.0783
2020-03-23,GBP,1.15983651
2020-03-23,JPY,0.00905298
2020-03-23,TRY,0.15183902
2020-03-23,USD,1.0
2020-03-24,EUR,1.0843
2020-03-24,GBP,1.17730727
2020-03-24,JPY,0.00903659
2020-03-24,TRY,0.15465697
2020-03-24,USD,1.0
2020-03-25,EUR,1.0827
2020-03-25,GBP,1.18323989
2020-03-25,JPY,0.0089724
2020-03-25,TRY,0.15539959
2020-03-25,USD,1.0
2020-03-26,EUR,1.0981
2020-03-26,GBP,1.20210623
2020-03-26,JPY,0.00913713
2020-03-26,TRY,0.15596461
2020-03-26,USD,1.0
2020-03-27,EUR,1.0977
2020-03-27,GBP,1.22315947
2020-03-27,JPY,0.00919655
2020-03-27,TRY,0.1547473
2020-03-27,USD,1.0
2020-03-28,EUR,1.0977
2020-03-28,GBP,1.22315947
2020-03-28,JPY,0.00919655
2020-03-28,TRY,0.1547473
2020-03-28,USD,1.0
2020-03-29,EUR,1.0977
2020-03-29,GBP,1.22315947
2020-03-29,JPY,0.00919655
2020-03-29,TRY,0.1547473
2020-03-29,USD,1.0
2020-03-30,EUR,1.1034
2020-03-30,GBP,1.24116985
2020-03-30,JPY,0.00924585
2020-03-30,TRY,0.1522456
2020-03-30,USD,1.0
2020-03-31,EUR,1.0956
2020-03-31,GBP,1.235969
2020-03-31,JPY,0.00921447
2020-03-31,TRY,0.15203364
2020-03-31,USD,1.0
2020-04-01,EUR,1.0936
2020-04-01,GBP,1.23626498
2020-04-01,JPY,0.00930328
2020-04-01,TRY,0.14996229
2020-04-01,USD,1.0
2020-04-02,EUR,1.0906
2020-04-02,GBP,1.24301899
2020-04-02,JPY,0.00931659
2020-04-02,TRY,0.15008601
2020-04-02,USD,1.0
2020-04-03,EUR,1.0785
2020-04-03,GBP,1.22766079
2020-04-03,JPY,0.00921008
2020-04-03,TRY,0.14917838
2020-04-03,USD,1.0
2020-04-04,EUR,1.0785
2020-04-04,GBP,1.22766079
2020-04-04,JPY,0.00921008
2020-04-04,TRY,0.14917838
2020-04-04,USD,1.0
2020-04-05,EUR,1.0785
2020-04-05,GBP,1.22766079
2020-04-05,JPY,0.00921008
2020-04-05,TRY,0.14917838
2020-04-05,USD,1.0
2020-04-06,EUR,1.0791
2020-04-06,GBP,1.22904328
2020-04-06,JPY,0.0091807
2020-04-06,TRY,0.14754704
2020-04-06,USD,1.0
2020-04-07,EUR,1.0885
2020-04-07,GBP,1.23562599
2020-04-07,JPY,0.00918178
2020-04-07,TRY,0.14797042
2020-04-07,USD,1.0
2020-04-08,EUR,1.0871
2020-04-08,GBP,1.23607131
2020-04-08,JPY,0.00918469
2020-04-08,TRY,0.14730752
2020-04-08,USD,1.0
2020-04-09,EUR,1.0867
2020-04-09,GBP,1.24102096
2020-04-09,JPY,0.00918364
2020-04-09,TRY,0.14838939
2020-04-09,USD,1.0
2020-04-10,EUR,1.0867
2020-04-10,GBP,1.24102096
2020-04-10,JPY,0.00918364
2020-04-10,TRY,0.14838939
2020-04-10,USD,1.0
2020-04-11,EUR,1.0867
2020-04-11,GBP,1.24102096
2020-04-11,JPY,0.00918364
2020-04-11,TRY,0.14838939
2020-04-11,USD,1.0
2020-04-12,EUR,1.0867
2020-04-12,GBP,1.24102096
2020-04-12,JPY,0.00918364
2020-04-12,TRY,0.14838939
2020-04-12,USD,1.0
2020-04-13,EUR,1.0867
2020-04-13,GBP,1.24102096
2020-04-13,JPY,0.00918364
2020-04-13,TRY,0.14838939
2020-04-13,USD,1.0
2020-04-14,EUR,1.0963
2020-04-14,GBP,1.2564611
2020-04-14,JPY,0.00931753
2020-04-14,TRY,0.14720969
2020-04-14,USD,1.0
2020-04-15,EUR,1.0903
2020-04-15,GBP,1.24769697
2020-04-15,JPY,0.00930926
2020-04-15,TRY,0.14519329
2020-04-15,USD,1.0
2020-04-16,EUR,1.0888
2020-04-16,GBP,1.24915388
2020-04-16,JPY,0.00929645
2020-04-16,TRY,0.14420046
2020-04-16,USD,1.0
2020-04-17,EUR,1.086
2020-04-17,GBP,1.2485916
2020-04-17,JPY,0.00929317
2020-04-17,TRY,0.14483669
2020-04-17,USD,1.0
2020-04-18,EUR,1.086
2020-04-18,GBP,1.2485916
2020-04-18,JPY,0.00929317
2020-04-18,TRY,0.14483669
2020-04-18,USD,1.0
2020-04-19,EUR,1.086
2020-04-19,GBP,1.2485916
2020-04-19,JPY,0.00929317
2020-04-19,TRY,0.14483669
2020-04-19,USD,1.0
2020-04-20,EUR,1.086
2020-04-20,GBP,1.24337383
2020-04-20,JPY,0.00927333
2020-04-20,TRY,0.1443765
2020-04-20,USD,1.0
2020-04-21,EUR,1.0837
2020-04-21,GBP,1.22980027
2020-04-21,JPY,0.00931094
2020-04-21,TRY,0.14323667
2020-04-21,USD,1.0
2020-04-22,EUR,1.0867
2020-04-22,GBP,1.23601001
2020-04-22,JPY,0.00928724
2020-04-22,TRY,0.14297179
2020-04-22,USD,1.0
2020-04-23,EUR,1.0772
2020-04-23,GBP,1.2353211
2020-04-23,JPY,0.00930626
2020-04-23,TRY,0.1440338
2020-04-23,USD,1.0
2020-04-24,EUR,1.08
2020-04-24,GBP,1.23431393
2020-04-24,JPY,0.00929272
2020-04-24,TRY,0.14330259
2020-04-24,USD,1.0
2020-04-25,EUR,1.08
2020-04-25,GBP,1.23431393
2020-04-25,JPY,0.00929272
2020-04-25,TRY,0.14330259
2020-04-25,USD,1.0
2020-04-26,EUR,1.08
2020-04-26,GBP,1.23431393
2020-04-26,JPY,0.00929272
2020-04-26,TRY,0.14330259
2020-04-26,USD,1.0
2020-04-27,EUR,1.0852
2020-04-27,GBP,1.24359694
2020-04-27,JPY,0.00933746
2020-04-27,TRY,0.14321346
2020-04-27,USD,1.0
2020-04-28,EUR,1.0877
2020-04-28,GBP,1.24910999
2020-04-28,JPY,0.00937188
2020-04-28,TRY,0.14290219
2020-04-28,USD,1.0
2020-04-29,EUR,1.0842
2020-04-29,GBP,1.24081577
2020-04-29,JPY,0.00938539
2020-04-29,TRY,0.1430966
2020-04-29,USD,1.0
2020-04-30,EUR,1.0876
2020-04-30,GBP,1.2514815
2020-04-30,JPY,0.00938638
2020-04-30,TRY,0.14314482
2020-04-30,USD,1.0
2020-05-01,EUR,1.0876
2020-05-01,GBP,1.2514815
2020-05-01,JPY,0.00938638
2020-05-01,TRY,0.14314482
2020-05-01,USD,1.0
2020-05-02,EUR,1.0876
2020-05-02,GBP,1.2514815
2020-05-02,JPY,0.00938638
2020-05-02,TRY,0.14314482
2020-05-02,USD,1.0
2020-05-03,EUR,1.0876
2020-05-03,GBP,1.2514815
2020-05-03,JPY,0.00938638
2020-05-03,TRY,0.14314482
2020-05-03,USD,1.0
2020-05-04,EUR,1.0942
2020-05-04,GBP,1.24485199
2020-05-04,JPY,0.00936494
2020-05-04,TRY,0.1422295
2020-05-04,USD,1.0
2020-05-05,EUR,1.0843
2020-05-05,GBP,1.2454629
2020-05-05,JPY,0.00937084
2020-05-05,TRY,0.14106367
2020-05-05,USD,1.0
2020-05-06,EUR,1.0807
2020-05-06,GBP,1.23858205
2020-05-06,JPY,0.00942608
2020-05-06,TRY,0.14002695
2020-05-06,USD,1.0
2020-05-07,EUR,1.0783
2020-05-07,GBP,1.23265278
2020-05-07,JPY,0.00938387
2020-05-07,TRY,0.13861323
2020-05-07,USD,1.0
2020-05-08,EUR,1.0843
2020-05-08,GBP,1.23870452
2020-05-08,JPY,0.0094009
2020-05-08,TRY,0.14035883
2020-05-08,USD,1.0
2020-05-09,EUR,1.0843
2020-05-09,GBP,1.23870452
2020-05-09,JPY,0.0094009
2020-05-09,TRY,0.14035883
2020-05-09,USD,1.0
2020-05-10,EUR,1.0843
2020-05-10,GBP,1.23870452
2020-05-10,JPY,0.0094009
2020-05-10,TRY,0.14035883
2020-05-10,USD,1.0
2020-05-11,EUR,1.0824
2020-05-11,GBP,1.23174964
2020-05-11,JPY,0.00931818
2020-05-11,TRY,0.14131286
2020-05-11,USD,1.0
2020-05-12,EUR,1.0858
2020-05-12,GBP,1.23705468
2020-05-12,JPY,0.00931537
2020-05-12,TRY,0.14290791
2020-05-12,USD,1.0
2020-05-13,EUR,1.0875
2020-05-13,GBP,1.23236444
2020-05-13,JPY,0.00935243
2020-05-13,TRY,0.14335429
2020-05-13,USD,1.0
2020-05-14,EUR,1.0792
2020-05-14,GBP,1.21950393
2020-05-14,JPY,0.00934534
2020-05-14,TRY,0.14358892
2020-05-14,USD,1.0
2020-05-15,EUR,1.0798
2020-05-15,GBP,1.21684059
2020-05-15,JPY,0.00934649
2020-05-15,TRY,0.14457283
2020-05-15,USD,1.0
2020-05-16,EUR,1.0798
2020-05-16,GBP,1.21684059
2020-05-16,JPY,0.00934649
2020-05-16,TRY,0.14457283
2020-05-16,USD,1.0
2020-05-17,EUR,1.0798
2020-05-17,GBP,1.21684059
2020-05-17,JPY,0.00934649
2020-05-17,TRY,0.14457283
2020-05-17,USD,1.0
2020-05-18,EUR,1.0832
2020-05-18,GBP,1.21498996
2020-05-18,JPY,0.00931304
2020-05-18,TRY,0.14583446
2020-05-18,USD,1.0
2020-05-19,EUR,1.095
2020-05-19,GBP,1.22298542
2020-05-19,JPY,0.00927966
2020-05-19,TRY,0.14708253
2020-05-19,USD,1.0
2020-05-20,EUR,1.0958
2020-05-20,GBP,1.22630318
2020-05-20,JPY,0.00929038
2020-05-20,TRY,0.14724734
2020-05-20,USD,1.0
2020-05-21,EUR,1.1
2020-05-21,GBP,1.22299679
2020-05-21,JPY,0.00928897
2020-05-21,TRY,0.14709619
2020-05-21,USD,1.0
2020-05-22,EUR,1.0904
2020-05-22,GBP,1.21746703
2020-05-22,JPY,0.00929899
2020-05-22,TRY,0.14690072
2020-05-22,USD,1.0
2020-05-23,EUR,1.0904
2020-05-23,GBP,1.21746703
2020-05-23,JPY,0.00929899
2020-05-23,TRY,0.14690072
2020-05-23,USD,1.0
2020-05-24,EUR,1.0904
2020-05-24,GBP,1.21746703
2020-05-24,JPY,0.00929899
2020-05-24,TRY,0.14690072
2020-05-24,USD,1.0
2020-05-25,EUR,1.091
2020-05-25,GBP,1.21879015
2020-05-25,JPY,0.00928748
2020-05-25,TRY,0.14673445
2020-05-25,USD,1.0
2020-05-26,EUR,1.0975
2020-05-26,GBP,1.23483877
2020-05-26,JPY,0.00930716
2020-05-26,TRY,0.14828276
2020-05-26,USD,1.0
2020-05-27,EUR,1.0991
2020-05-27,GBP,1.22674256
2020-05-27,JPY,0.00926885
2020-05-27,TRY,0.14744708
2020-05-27,USD,1.0
2020-05-28,EUR,1.1016
2020-05-28,GBP,1.22771041
2020-05-28,JPY,0.0092821
2020-05-28,TRY,0.14673913
2020-05-28,USD,1.0
2020-05-29,EUR,1.1136
2020-05-29,GBP,1.23612468
2020-05-29,JPY,0.00933523
2020-05-29,TRY,0.14633185
2020-05-29,USD,1.0
2020-05-30,EUR,1.1136
2020-05-30,GBP,1.23612468
2020-05-30,JPY,0.00933523
2020-05-30,TRY,0.14633185
2020-05-30,USD,1.0
2020-05-31,EUR,1.1136
2020-05-31,GBP,1.23612468
2020-05-31,JPY,0.00933523
2020-05-31,TRY,0.14633185
2020-05-31,USD,1.0
2020-06-01,EUR,1.1116
2020-06-01,GBP,1.23961505
2020-06-01,JPY,0.00928267
2020-06-01,TRY,0.14675944
2020-06-01,USD,1.0
2020-06-02,EUR,1.1174
2020-06-02,GBP,1.25433584
2020-06-02,JPY,0.0092477
2020-06-02,TRY,0.14761288
2020-06-02,USD,1.0
2020-06-03,EUR,1.1194
2020-06-03,GBP,1.2568349
2020-06-03,JPY,0.00921014
2020-06-03,TRY,0.14786732
2020-06-03,USD,1.0
2020-06-04,EUR,1.125
2020-06-04,GBP,1.25439037
2020-06-04,JPY,0.00918517
2020-06-04,TRY,0.14828386
2020-06-04,USD,1.0
2020-06-05,EUR,1.133
2020-06-05,GBP,1.26665772
2020-06-05,JPY,0.00915408
2020-06-05,TRY,0.14762792
2020-06-05,USD,1.0
2020-06-06,EUR,1.133
2020-06-06,GBP,1.26665772
2020-06-06,JPY,0.00915408
2020-06-06,TRY,0.14762792
2020-06-06,USD,1.0
2020-06-07,EUR,1.133
2020-06-07,GBP,1.26665772
2020-06-07,JPY,0.00915408
2020-06-07,TRY,0.14762792
2020-06-07,USD,1.0
2020-06-08,EUR,1.1285
2020-06-08,GBP,1.26551759
2020-06-08,JPY,0.00914432
2020-06-08,TRY,0.14737378
2020-06-08,USD,1.0
2020-06-09,EUR,1.1294
2020-06-09,GBP,1.26728007
2020-06-09,JPY,0.00924677
2020-06-09,TRY,0.1469444
2020-06-09,USD,1.0
2020-06-10,EUR,1.1375
2020-06-10,GBP,1.27862145
2020-06-10,JPY,0.00931156
2020-06-10,TRY,0.14744961
2020-06-10,USD,1.0
2020-06-11,EUR,1.1348
2020-06-11,GBP,1.26559973
2020-06-11,JPY,0.00933838
2020-06-11,TRY,0.14663204
2020-06-11,USD,1.0
2020-06-12,EUR,1.1304
2020-06-12,GBP,1.26086132
2020-06-12,JPY,0.00932212
2020-06-12,TRY,0.14637936
2020-06-12,USD,1.0
2020-06-13,EUR,1.1304
2020-06-13,GBP,1.26086132
2020-06-13,JPY,0.00932212
2020-06-13,TRY,0.14637936
2020-06-13,USD,1.0
2020-06-14,EUR,1.1304
2020-06-14,GBP,1.26086132
2020-06-14,JPY,0.00932212
2020-06-14,TRY,0.14637936
2020-06-14,USD,1.0
2020-06-15,EUR,1.1253
2020-06-15,GBP,1.25524273
2020-06-15,JPY,0.00931308
2020-06-15,TRY,0.14620552
2020-06-15,USD,1.0
2020-06-16,EUR,1.1308
2020-06-16,GBP,1.26530156
2020-06-16,JPY,0.00931543
2020-06-16,TRY,0.14601896
2020-06-16,USD,1.0
2020-06-17,EUR,1.1232
2020-06-17,GBP,1.25570164
2020-06-17,JPY,0.00930957
2020-06-17,TRY,0.1458474
2020-06-17,USD,1.0
2020-06-18,EUR,1.1222
2020-06-18,GBP,1.24650109
2020-06-18,JPY,0.00935167
2020-06-18,TRY,0.14580085
2020-06-18,USD,1.0
2020-06-19,EUR,1.121
2020-06-19,GBP,1.2386056
2020-06-19,JPY,0.00935961
2020-06-19,TRY,0.14579838
2020-06-19,USD,1.0
2020-06-20,EUR,1.121
2020-06-20,GBP,1.2386056
2020-06-20,JPY,0.00935961
2020-06-20,TRY,0.14579838
2020-06-20,USD,1.0
2020-06-21,EUR,1.121
2020-06-21,GBP,1.2386056
2020-06-21,JPY,0.00935961
2020-06-21,TRY,0.14579838
2020-06-21,USD,1.0
2020-06-22,EUR,1.1213
2020-06-22,GBP,1.2413648
2020-06-22,JPY,0.00935274
2020-06-22,TRY,0.14594749
2020-06-22,USD,1.0
2020-06-23,EUR,1.1318
2020-06-23,GBP,1.24881386
2020-06-23,JPY,0.00934986
2020-06-23,TRY,0.14580918
2020-06-23,USD,1.0
2020-06-24,EUR,1.128
2020-06-24,GBP,1.24857488
2020-06-24,JPY,0.00937656
2020-06-24,TRY,0.14588345
2020-06-24,USD,1.0
2020-06-25,EUR,1.12
2020-06-25,GBP,1.24260815
2020-06-25,JPY,0.00931393
2020-06-25,TRY,0.14587892
2020-06-25,USD,1.0
2020-06-26,EUR,1.1213
2020-06-26,GBP,1.23797957
2020-06-26,JPY,0.00934962
2020-06-26,TRY,0.14587914
2020-06-26,USD,1.0
2020-06-27,EUR,1.1213
2020-06-27,GBP,1.23797957
2020-06-27,JPY,0.00934962
2020-06-27,TRY,0.14587914
2020-06-27,USD,1.0
2020-06-28,EUR,1.1213
2020-06-28,GBP,1.23797957
2020-06-28,JPY,0.00934962
2020-06-28,TRY,0.14587914
2020-06-28,USD,1.0
2020-06-29,EUR,1.1284
2020-06-29,GBP,1.23268516
2020-06-29,JPY,0.00932023
2020-06-29,TRY,0.14588047
2020-06-29,USD,1.0
2020-06-30,EUR,1.1198
2020-06-30,GBP,1.22727223
2020-06-30,JPY,0.00928062
2020-06-30,TRY,0.14588137
2020-06-30,USD,1.0
2020-07-01,EUR,1.12
2020-07-01,GBP,1.23852704
2020-07-01,JPY,0.00930928
2020-07-01,TRY,0.14587702
2020-07-01,USD,1.0
2020-07-02,EUR,1.1286
2020-07-02,GBP,1.25087282
2020-07-02,JPY,0.00930881
2020-07-02,TRY,0.14587426
2020-07-02,USD,1.0
2020-07-03,EUR,1.1224
2020-07-03,GBP,1.24545051
2020-07-03,JPY,0.00930063
2020-07-03,TRY,0.14584768
2020-07-03,USD,1.0
2020-07-04,EUR,1.1224
2020-07-04,GBP,1.24545051
2020-07-04,JPY,0.00930063
2020-07-04,TRY,0.14584768
2020-07-04,USD,1.0
2020-07-05,EUR,1.1224
2020-07-05,GBP,1.24545051
2020-07-05,JPY,0.00930063
2020-07-05,TRY,0.14584768
2020-07-05,USD,1.0
2020-07-06,EUR,1.1325
2020-07-06,GBP,1.25131208
2020-07-06,JPY,0.00929956
2020-07-06,TRY,0.14567228
2020-07-06,USD,1.0
2020-07-07,EUR,1.129
2020-07-07,GBP,1.25235718
2020-07-07,JPY,0.00928378
2020-07-07,TRY,0.14566238
2020-07-07,USD,1.0
2020-07-08,EUR,1.1286
2020-07-08,GBP,1.25507379
2020-07-08,JPY,0.00929731
2020-07-08,TRY,0.14566716
2020-07-08,USD,1.0
2020-07-09,EUR,1.1342
2020-07-09,GBP,1.26507166
2020-07-09,JPY,0.00932194
2020-07-09,TRY,0.14569979
2020-07-09,USD,1.0
2020-07-10,EUR,1.1276
2020-07-10,GBP,1.25890365
2020-07-10,JPY,0.00935923
2020-07-10,TRY,0.14565276
2020-07-10,USD,1.0
2020-07-11,EUR,1.1276
2020-07-11,GBP,1.25890365
2020-07-11,JPY,0.00935923
2020-07-11,TRY,0.14565276
2020-07-11,USD,1.0
2020-07-12,EUR,1.1276
2020-07-12,GBP,1.25890365
2020-07-12,JPY,0.00935923
2020-07-12,TRY,0.14565276
2020-07-12,USD,1.0
2020-07-13,EUR,1.1329
2020-07-13,GBP,1.25964553
2020-07-13,JPY,0.00933196
2020-07-13,TRY,0.14557206
2020-07-13,USD,1.0
2020-07-14,EUR,1.1375
2020-07-14,GBP,1.25305691
2020-07-14,JPY,0.0093108
2020-07-14,TRY,0.1456261
2020-07-14,USD,1.0
2020-07-15,EUR,1.1444
2020-07-15,GBP,1.26397173
2020-07-15,JPY,0.00936115
2020-07-15,TRY,0.14565727
2020-07-15,USD,1.0
2020-07-16,EUR,1.1414
2020-07-16,GBP,1.256011
2020-07-16,JPY,0.00933737
2020-07-16,TRY,0.14573544
2020-07-16,USD,1.0
2020-07-17,EUR,1.1428
2020-07-17,GBP,1.25474868
2020-07-17,JPY,0.0093267
2020-07-17,TRY,0.14574114
2020-07-17,USD,1.0
2020-07-18,EUR,1.1428
2020-07-18,GBP,1.25474868
2020-07-18,JPY,0.0093267
2020-07-18,TRY,0.14574114
2020-07-18,USD,1.0
2020-07-19,EUR,1.1428
2020-07-19,GBP,1.25474868
2020-07-19,JPY,0.0093267
2020-07-19,TRY,0.14574114
2020-07-19,USD,1.0
2020-07-20,EUR,1.1448
2020-07-20,GBP,1.26392492
2020-07-20,JPY,0.0093354
2020-07-20,TRY,0.14581953
2020-07-20,USD,1.0
2020-07-21,EUR,1.1443
2020-07-21,GBP,1.27066793
2020-07-21,JPY,0.009326
2020-07-21,TRY,0.14601437
2020-07-21,USD,1.0
2020-07-22,EUR,1.1578
2020-07-22,GBP,1.2705903
2020-07-22,JPY,0.00934162
2020-07-22,TRY,0.14600436
2020-07-22,USD,1.0
2020-07-23,EUR,1.1569
2020-07-23,GBP,1.26860025
2020-07-23,JPY,0.00933134
2020-07-23,TRY,0.14601977
2020-07-23,USD,1.0
2020-07-24,EUR,1.1608
2020-07-24,GBP,1.27581469
2020-07-24,JPY,0.00940986
2020-07-24,TRY,0.14601993
2020-07-24,USD,1.0
2020-07-25,EUR,1.1608
2020-07-25,GBP,1.27581469
2020-07-25,JPY,0.00940986
2020-07-25,TRY,0.14601993
2020-07-25,USD,1.0
2020-07-26,EUR,1.1608
2020-07-26,GBP,1.27581469
2020-07-26,JPY,0.00940986
2020-07-26,TRY,0.14601993
2020-07-26,USD,1.0
2020-07-27,EUR,1.176
2020-07-27,GBP,1.28749726
2020-07-27,JPY,0.00949306
2020-07-27,TRY,0.14599265
2020-07-27,USD,1.0
2020-07-28,EUR,1.1717
2020-07-28,GBP,1.28803535
2020-07-28,JPY,0.00949976
2020-07-28,TRY,0.14415068
2020-07-28,USD,1.0
2020-07-29,EUR,1.1725
2020-07-29,GBP,1.29722852
2020-07-29,JPY,0.00951087
2020-07-29,TRY,0.14342859
2020-07-29,USD,1.0
2020-07-30,EUR,1.1743
2020-07-30,GBP,1.30090397
2020-07-30,JPY,0.00950235
2020-07-30,TRY,0.14324575
2020-07-30,USD,1.0
2020-07-31,EUR,1.1848
2020-07-31,GBP,1.31566966
2020-07-31,JPY,0.00953101
2020-07-31,TRY,0.14344694
2020-07-31,USD,1.0
2020-08-01,EUR,1.1848
2020-08-01,GBP,1.31566966
2020-08-01,JPY,0.00953101
2020-08-01,TRY,0.14344694
2020-08-01,USD,1.0
2020-08-02,EUR,1.1848
2020-08-02,GBP,1.31566966
2020-08-02,JPY,0.00953101
2020-08-02,TRY,0.14344694
2020-08-02,USD,1.0
2020-08-03,EUR,1.1726
2020-08-03,GBP,1.30270072
2020-08-03,JPY,0.00941772
2020-08-03,TRY,0.14323756
2020-08-03,USD,1.0
2020-08-04,EUR,1.1765
2020-08-04,GBP,1.30237449
2020-08-04,JPY,0.00942859
2020-08-04,TRY,0.14349311
2020-08-04,USD,1.0
2020-08-05,EUR,1.1854
2020-08-05,GBP,1.31324434
2020-08-05,JPY,0.00945521
2020-08-05,TRY,0.14228613
2020-08-05,USD,1.0
2020-08-06,EUR,1.1843
2020-08-06,GBP,1.31540657
2020-08-06,JPY,0.00947743
2020-08-06,TRY,0.13794509
2020-08-06,USD,1.0
2020-08-07,EUR,1.1817
2020-08-07,GBP,1.3075808
2020-08-07,JPY,0.00946041
2020-08-07,TRY,0.13899246
2020-08-07,USD,1.0
2020-08-08,EUR,1.1817
2020-08-08,GBP,1.3075808
2020-08-08,JPY,0.00946041
2020-08-08,TRY,0.13899246
2020-08-08,USD,1.0
2020-08-09,EUR,1.1817
2020-08-09,GBP,1.3075808
2020-08-09,JPY,0.00946041
2020-08-09,TRY,0.13899246
2020-08-09,USD,1.0
2020-08-10,EUR,1.1763
2020-08-10,GBP,1.30475293
2020-08-10,JPY,0.00943001
2020-08-10,TRY,0.13669165
2020-08-10,USD,1.0
2020-08-11,EUR,1.1783
2020-08-11,GBP,1.31151008
2020-08-11,JPY,0.00942866
2020-08-11,TRY,0.13795808
2020-08-11,USD,1.0
2020-08-12,EUR,1.1771
2020-08-12,GBP,1.30102238
2020-08-12,JPY,0.009348
2020-08-12,TRY,0.13675442
2020-08-12,USD,1.0
2020-08-13,EUR,1.1833
2020-08-13,GBP,1.30935124
2020-08-13,JPY,0.00934824
2020-08-13,TRY,0.13633431
2020-08-13,USD,1.0
2020-08-14,EUR,1.1813
2020-08-14,GBP,1.31003737
2020-08-14,JPY,0.00937465
2020-08-14,TRY,0.13554946
2020-08-14,USD,1.0
2020-08-15,EUR,1.1813
2020-08-15,GBP,1.31003737
2020-08-15,JPY,0.00937465
2020-08-15,TRY,0.13554946
2020-08-15,USD,1.0
2020-08-16,EUR,1.1813
2020-08-16,GBP,1.31003737
2020-08-16,JPY,0.00937465
2020-08-16,TRY,0.13554946
2020-08-16,USD,1.0
2020-08-17,EUR,1.1853
2020-08-17,GBP,1.30791724
2020-08-17,JPY,0.00940789
2020-08-17,TRY,0.13522178
2020-08-17,USD,1.0
2020-08-18,EUR,1.1906
2020-08-18,GBP,1.31739972
2020-08-18,JPY,0.00948383
2020-08-18,TRY,0.13525857
2020-08-18,USD,1.0
2020-08-19,EUR,1.1933
2020-08-19,GBP,1.32082572
2020-08-19,JPY,0.00949022
2020-08-19,TRY,0.13593439
2020-08-19,USD,1.0
2020-08-20,EUR,1.185
2020-08-20,GBP,1.3141406
2020-08-20,JPY,0.00944524
2020-08-20,TRY,0.13600523
2020-08-20,USD,1.0
2020-08-21,EUR,1.1769
2020-08-21,GBP,1.31123614
2020-08-21,JPY,0.00945073
2020-08-21,TRY,0.13696829
2020-08-21,USD,1.0
2020-08-22,EUR,1.1769
2020-08-22,GBP,1.31123614
2020-08-22,JPY,0.00945073
2020-08-22,TRY,0.13696829
2020-08-22,USD,1.0
2020-08-23,EUR,1.1769
2020-08-23,GBP,1.31123614
2020-08-23,JPY,0.00945073
2020-08-23,TRY,0.13696829
2020-08-23,USD,1.0
2020-08-24,EUR,1.1847
2020-08-24,GBP,1.31377876
2020-08-24,JPY,0.00945793
2020-08-24,TRY,0.13568271
2020-08-24,USD,1.0
2020-08-25,EUR,1.1814
2020-08-25,GBP,1.31346934
2020-08-25,JPY,0.00940081
2020-08-25,TRY,0.1352459
2020-08-25,USD,1.0
2020-08-26,EUR,1.1789
2020-08-26,GBP,1.31441632
2020-08-26,JPY,0.00940562
2020-08-26,TRY,0.13596522
2020-08-26,USD,1.0
2020-08-27,EUR,1.1806
2020-08-27,GBP,1.31903246
2020-08-27,JPY,0.00941918
2020-08-27,TRY,0.1362257
2020-08-27,USD,1.0
2020-08-28,EUR,1.1915
2020-08-28,GBP,1.33176108
2020-08-28,JPY,0.00950235
2020-08-28,TRY,0.13667753
2020-08-28,USD,1.0
2020-08-29,EUR,1.1915
2020-08-29,GBP,1.33176108
2020-08-29,JPY,0.00950235
2020-08-29,TRY,0.13667753
2020-08-29,USD,1.0
2020-08-30,EUR,1.1915
2020-08-30,GBP,1.33176108
2020-08-30,JPY,0.00950235
2020-08-30,TRY,0.13667753
2020-08-30,USD,1.0
2020-08-31,EUR,1.194
2020-08-31,GBP,1.33251493
2020-08-31,JPY,0.00944097
2020-08-31,TRY,0.13603737
2020-08-31,USD,1.0
2020-09-01,EUR,1.1987
2020-09-01,GBP,1.34723237
2020-09-01,JPY,0.00944453
2020-09-01,TRY,0.13591319
2020-09-01,USD,1.0
2020-09-02,EUR,1.1861
2020-09-02,GBP,1.3350968
2020-09-02,JPY,0.00941349
2020-09-02,TRY,0.13541809
2020-09-02,USD,1.0
2020-09-03,EUR,1.1813
2020-09-03,GBP,1.32529309
2020-09-03,JPY,0.00938657
2020-09-03,TRY,0.13438065
2020-09-03,USD,1.0
2020-09-04,EUR,1.1842
2020-09-04,GBP,1.32572068
2020-09-04,JPY,0.0094141
2020-09-04,TRY,0.13424021
2020-09-04,USD,1.0
2020-09-05,EUR,1.1842
2020-09-05,GBP,1.32572068
2020-09-05,JPY,0.0094141
2020-09-05,TRY,0.13424021
2020-09-05,USD,1.0
2020-09-06,EUR,1.1842
2020-09-06,GBP,1.32572068
2020-09-06,JPY,0.0094141
2020-09-06,TRY,0.13424021
2020-09-06,USD,1.0
2020-09-07,EUR,1.1824
2020-09-07,GBP,1.31619079
2020-09-07,JPY,0.00941476
2020-09-07,TRY,0.13410761
2020-09-07,USD,1.0
2020-09-08,EUR,1.1785
2020-09-08,GBP,1.30288658
2020-09-08,JPY,0.00941294
2020-09-08,TRY,0.13361375
2020-09-08,USD,1.0
2020-09-09,EUR,1.1773
2020-09-09,GBP,1.29071514
2020-09-09,JPY,0.00941463
2020-09-09,TRY,0.13342022
2020-09-09,USD,1.0
2020-09-10,EUR,1.1849
2020-09-10,GBP,1.29370019
2020-09-10,JPY,0.00942191
2020-09-10,TRY,0.13408245
2020-09-10,USD,1.0
2020-09-11,EUR,1.1854
2020-09-11,GBP,1.28278937
2020-09-11,JPY,0.0094214
2020-09-11,TRY,0.1338452
2020-09-11,USD,1.0
2020-09-12,EUR,1.1854
2020-09-12,GBP,1.28278937
2020-09-12,JPY,0.0094214
2020-09-12,TRY,0.1338452
2020-09-12,USD,1.0
2020-09-13,EUR,1.1854
2020-09-13,GBP,1.28278937
2020-09-13,JPY,0.0094214
2020-09-13,TRY,0.1338452
2020-09-13,USD,1.0
2020-09-14,EUR,1.1876
2020-09-14,GBP,1.28820913
2020-09-14,JPY,0.00943888
2020-09-14,TRY,0.1334427
2020-09-14,USD,1.0
2020-09-15,EUR,1.1892
2020-09-15,GBP,1.29127531
2020-09-15,JPY,0.00948401
2020-09-15,TRY,0.13358346
2020-09-15,USD,1.0
2020-09-16,EUR,1.1869
2020-09-16,GBP,1.29825099
2020-09-16,JPY,0.00951652
2020-09-16,TRY,0.13338953
2020-09-16,USD,1.0
2020-09-17,EUR,1.1797
2020-09-17,GBP,1.28886704
2020-09-17,JPY,0.00956152
2020-09-17,TRY,0.13249548
2020-09-17,USD,1.0
2020-09-18,EUR,1.1833
2020-09-18,GBP,1.29580148
2020-09-18,JPY,0.00958215
2020-09-18,TRY,0.13206473
2020-09-18,USD,1.0
2020-09-19,EUR,1.1833
2020-09-19,GBP,1.29580148
2020-09-19,JPY,0.00958215
2020-09-19,TRY,0.13206473
2020-09-19,USD,1.0
2020-09-20,EUR,1.1833
2020-09-20,GBP,1.29580148
2020-09-20,JPY,0.00958215
2020-09-20,TRY,0.13206473
2020-09-20,USD,1.0
2020-09-21,EUR,1.1787
2020-09-21,GBP,1.28667802
2020-09-21,JPY,0.00960636
2020-09-21,TRY,0.13139003
2020-09-21,USD,1.0
2020-09-22,EUR,1.174
2020-09-22,GBP,1.27966166
2020-09-22,JPY,0.00956182
2020-09-22,TRY,0.13066221
2020-09-22,USD,1.0
2020-09-23,EUR,1.1692
2020-09-23,GBP,1.27246014
2020-09-23,JPY,0.00951265
2020-09-23,TRY,0.13002669
2020-09-23,USD,1.0
2020-09-24,EUR,1.1645
2020-09-24,GBP,1.27647214
2020-09-24,JPY,0.00948831
2020-09-24,TRY,0.13106212
2020-09-24,USD,1.0
2020-09-25,EUR,1.1634
2020-09-25,GBP,1.27366082
2020-09-25,JPY,0.00947857
2020-09-25,TRY,0.13114791
2020-09-25,USD,1.0
2020-09-26,EUR,1.1634
2020-09-26,GBP,1.27366082
2020-09-26,JPY,0.00947857
2020-09-26,TRY,0.13114791
2020-09-26,USD,1.0
2020-09-27,EUR,1.1634
2020-09-27,GBP,1.27366082
2020-09-27,JPY,0.00947857
2020-09-27,TRY,0.13114791
2020-09-27,USD,1.0
2020-09-28,EUR,1.167
2020-09-28,GBP,1.28938878
2020-09-28,JPY,0.00948626
2020-09-28,TRY,0.12813897
2020-09-28,USD,1.0
2020-09-29,EUR,1.1702
2020-09-29,GBP,1.28645713
2020-09-29,JPY,0.00946687
2020-09-29,TRY,0.12768279
2020-09-29,USD,1.0
2020-09-30,EUR,1.1708
2020-09-30,GBP,1.28327944
2020-09-30,JPY,0.00946025
2020-09-30,TRY,0.12867348
2020-09-30,USD,1.0
2020-10-01,EUR,1.1752
2020-10-01,GBP,1.29537163
2020-10-01,JPY,0.00947895
2020-10-01,TRY,0.12970443
2020-10-01,USD,1.0
2020-10-02,EUR,1.173
2020-10-02,GBP,1.29365963
2020-10-02,JPY,0.00950567
2020-10-02,TRY,0.12920352
2020-10-02,USD,1.0
2020-10-03,EUR,1.173
2020-10-03,GBP,1.29365963
2020-10-03,JPY,0.00950567
2020-10-03,TRY,0.12920352
2020-10-03,USD,1.0
2020-10-04,EUR,1.173
2020-10-04,GBP,1.29365963
2020-10-04,JPY,0.00950567
2020-10-04,TRY,0.12920352
2020-10-04,USD,1.0
2020-10-05,EUR,1.1768
2020-10-05,GBP,1.29589252
2020-10-05,JPY,0.00947123
2020-10-05,TRY,0.12845198
2020-10-05,USD,1.0
2020-10-06,EUR,1.1795
2020-10-06,GBP,1.29532825
2020-10-06,JPY,0.00946781
2020-10-06,TRY,0.12873124
2020-10-06,USD,1.0
2020-10-07,EUR,1.177
2020-10-07,GBP,1.28756304
2020-10-07,JPY,0.00943638
2020-10-07,TRY,0.12693859
2020-10-07,USD,1.0
2020-10-08,EUR,1.1765
2020-10-08,GBP,1.29236008
2020-10-08,JPY,0.0094354
2020-10-08,TRY,0.1260932
2020-10-08,USD,1.0
2020-10-09,EUR,1.1795
2020-10-09,GBP,1.29377955
2020-10-09,JPY,0.00943978
2020-10-09,TRY,0.12644861
2020-10-09,USD,1.0
2020-10-10,EUR,1.1795
2020-10-10,GBP,1.29377955
2020-10-10,JPY,0.00943978
2020-10-10,TRY,0.12644861
2020-10-10,USD,1.0
2020-10-11,EUR,1.1795
2020-10-11,GBP,1.29377955
2020-10-11,JPY,0.00943978
2020-10-11,TRY,0.12644861
2020-10-11,USD,1.0
2020-10-12,EUR,1.1799
2020-10-12,GBP,1.30234663
2020-10-12,JPY,0.00948396
2020-10-12,TRY,0.127117
2020-10-12,USD,1.0
2020-10-13,EUR,1.1787
2020-10-13,GBP,1.30112263
2020-10-13,JPY,0.0094766
2020-10-13,TRY,0.12653105
2020-10-13,USD,1.0
2020-10-14,EUR,1.175
2020-10-14,GBP,1.29985066
2020-10-14,JPY,0.00949879
2020-10-14,TRY,0.12589196
2020-10-14,USD,1.0
2020-10-15,EUR,1.1698
2020-10-15,GBP,1.29209698
2020-10-15,JPY,0.00949898
2020-10-15,TRY,0.12596373
2020-10-15,USD,1.0
2020-10-16,EUR,1.1741
2020-10-16,GBP,1.29142606
2020-10-16,JPY,0.00949996
2020-10-16,TRY,0.12584137
2020-10-16,USD,1.0
2020-10-17,EUR,1.1741
2020-10-17,GBP,1.29142606
2020-10-17,JPY,0.00949996
2020-10-17,TRY,0.12584137
2020-10-17,USD,1.0
2020-10-18,EUR,1.1741
2020-10-18,GBP,1.29142606
2020-10-18,JPY,0.00949996
2020-10-18,TRY,0.12584137
2020-10-18,USD,1.0
2020-10-19,EUR,1.1785
2020-10-19,GBP,1.30094494
2020-10-19,JPY,0.00949561
2020-10-19,TRY,0.12664281
2020-10-19,USD,1.0
2020-10-20,EUR,1.181
2020-10-20,GBP,1.29312705
2020-10-20,JPY,0.0094639
2020-10-20,TRY,0.12657957
2020-10-20,USD,1.0
2020-10-21,EUR,1.1852
2020-10-21,GBP,1.30594795
2020-10-21,JPY,0.0095373
2020-10-21,TRY,0.12732586
2020-10-21,USD,1.0
2020-10-22,EUR,1.1821
2020-10-22,GBP,1.30947238
2020-10-22,JPY,0.00955464
2020-10-22,TRY,0.1260033
2020-10-22,USD,1.0
2020-10-23,EUR,1.1856
2020-10-23,GBP,1.30752688
2020-10-23,JPY,0.0095482
2020-10-23,TRY,0.12556928
2020-10-23,USD,1.0
2020-10-24,EUR,1.1856
2020-10-24,GBP,1.30752688
2020-10-24,JPY,0.0095482
2020-10-24,TRY,0.12556928
2020-10-24,USD,1.0
2020-10-25,EUR,1.1856
2020-10-25,GBP,1.30752688
2020-10-25,JPY,0.0095482
2020-10-25,TRY,0.12556928
2020-10-25,USD,1.0
2020-10-26,EUR,1.1819
2020-10-26,GBP,1.30229739
2020-10-26,JPY,0.0095207
2020-10-26,TRY,0.12363876
2020-10-26,USD,1.0
2020-10-27,EUR,1.1832
2020-10-27,GBP,1.30426156
2020-10-27,JPY,0.00956198
2020-10-27,TRY,0.12265461
2020-10-27,USD,1.0
2020-10-28,EUR,1.1727
2020-10-28,GBP,1.29348569
2020-10-28,JPY,0.00958401
2020-10-28,TRY,0.12101418
2020-10-28,USD,1.0
2020-10-29,EUR,1.1704
2020-10-29,GBP,1.29426075
2020-10-29,JPY,0.00958637
2020-10-29,TRY,0.12014207
2020-10-29,USD,1.0
2020-10-30,EUR,1.1698
2020-10-30,GBP,1.29678077
2020-10-30,JPY,0.00956031
2020-10-30,TRY,0.11944047
2020-10-30,USD,1.0
2020-10-31,EUR,1.1698
2020-10-31,GBP,1.29678077
2020-10-31,JPY,0.00956031
2020-10-31,TRY,0.11944047
2020-10-31,USD,1.0
2020-11-01,EUR,1.1698
2020-11-01,GBP,1.29678077
2020-11-01,JPY,0.00956031
2020-11-01,TRY,0.11944047
2020-11-01,USD,1.0
2020-11-02,EUR,1.1652
2020-11-02,GBP,1.2939047
2020-11-02,JPY,0.0095563
2020-11-02,TRY,0.11849652
2020-11-02,USD,1.0
2020-11-03,EUR,1.1702
2020-11-03,GBP,1.29961573
2020-11-03,JPY,0.00954798
2020-11-03,TRY,0.11720753
2020-11-03,USD,1.0
2020-11-04,EUR,1.1721
2020-11-04,GBP,1.30299931
2020-11-04,JPY,0.00958303
2020-11-04,TRY,0.11834971
2020-11-04,USD,1.0
2020-11-05,EUR,1.1855
2020-11-05,GBP,1.31066888
2020-11-05,JPY,0.00964919
2020-11-05,TRY,0.11857371
2020-11-05,USD,1.0
2020-11-06,EUR,1.187
2020-11-06,GBP,1.31261749
2020-11-06,JPY,0.00967716
2020-11-06,TRY,0.11695849
2020-11-06,USD,1.0
2020-11-07,EUR,1.187
2020-11-07,GBP,1.31261749
2020-11-07,JPY,0.00967716
2020-11-07,TRY,0.11695849
2020-11-07,USD,1.0
2020-11-08,EUR,1.187
2020-11-08,GBP,1.31261749
2020-11-08,JPY,0.00967716
2020-11-08,TRY,0.11695849
2020-11-08,USD,1.0
2020-11-09,EUR,1.1883
2020-11-09,GBP,1.31705533
2020-11-09,JPY,0.00953156
2020-11-09,TRY,0.1240578
2020-11-09,USD,1.0
2020-11-10,EUR,1.1808
2020-11-10,GBP,1.32401915
2020-11-10,JPY,0.00949501
2020-11-10,TRY,0.12089071
2020-11-10,USD,1.0
2020-11-11,EUR,1.1766
2020-11-11,GBP,1.3229887
2020-11-11,JPY,0.00948336
2020-11-11,TRY,0.12675738
2020-11-11,USD,1.0
2020-11-12,EUR,1.1791
2020-11-12,GBP,1.31354091
2020-11-12,JPY,0.00948974
2020-11-12,TRY,0.12927736
2020-11-12,USD,1.0
2020-11-13,EUR,1.1815
2020-11-13,GBP,1.31741802
2020-11-13,JPY,0.00953746
2020-11-13,TRY,0.12940429
2020-11-13,USD,1.0
2020-11-14,EUR,1.1815
2020-11-14,GBP,1.31741802
2020-11-14,JPY,0.00953746
2020-11-14,TRY,0.12940429
2020-11-14,USD,1.0
2020-11-15,EUR,1.1815
2020-11-15,GBP,1.31741802
2020-11-15,JPY,0.00953746
2020-11-15,TRY,0.12940429
2020-11-15,USD,1.0
2020-11-16,EUR,1.183
2020-11-16,GBP,1.31709327
2020-11-16,JPY,0.0095288
2020-11-16,TRY,0.12893874
2020-11-16,USD,1.0
2020-11-17,EUR,1.1882
2020-11-17,GBP,1.32633811
2020-11-17,JPY,0.00959929
2020-11-17,TRY,0.12905258
2020-11-17,USD,1.0
2020-11-18,EUR,1.1868
2020-11-18,GBP,1.32791783
2020-11-18,JPY,0.00962687
2020-11-18,TRY,0.12961992
2020-11-18,USD,1.0
2020-11-19,EUR,1.1832
2020-11-19,GBP,1.3238157
2020-11-19,JPY,0.00961326
2020-11-19,TRY,0.13238898
2020-11-19,USD,1.0
2020-11-20,EUR,1.1863
2020-11-20,GBP,1.3270614
2020-11-20,JPY,0.00963062
2020-11-20,TRY,0.13112634
2020-11-20,USD,1.0
2020-11-21,EUR,1.1863
2020-11-21,GBP,1.3270614
2020-11-21,JPY,0.00963062
2020-11-21,TRY,0.13112634
2020-11-21,USD,1.0
2020-11-22,EUR,1.1863
2020-11-22,GBP,1.3270614
2020-11-22,JPY,0.00963062
2020-11-22,TRY,0.13112634
2020-11-22,USD,1.0
2020-11-23,EUR,1.1901
2020-11-23,GBP,1.33887589
2020-11-23,JPY,0.00963878
2020-11-23,TRY,0.12847057
2020-11-23,USD,1.0
2020-11-24,EUR,1.1865
2020-11-24,GBP,1.33296634
2020-11-24,JPY,0.00956392
2020-11-24,TRY,0.12561936
2020-11-24,USD,1.0
2020-11-25,EUR,1.189
2020-11-25,GBP,1.33402147
2020-11-25,JPY,0.00957404
2020-11-25,TRY,0.12535582
2020-11-25,USD,1.0
2020-11-26,EUR,1.19
2020-11-26,GBP,1.33514344
2020-11-26,JPY,0.00959368
2020-11-26,TRY,0.12676026
2020-11-26,USD,1.0
2020-11-27,EUR,1.1922
2020-11-27,GBP,1.33293084
2020-11-27,JPY,0.00959672
2020-11-27,TRY,0.12780053
2020-11-27,USD,1.0
2020-11-28,EUR,1.1922
2020-11-28,GBP,1.33293084
2020-11-28,JPY,0.00959672
2020-11-28,TRY,0.12780053
2020-11-28,USD,1.0
2020-11-29,EUR,1.1922
2020-11-29,GBP,1.33293084
2020-11-29,JPY,0.00959672
2020-11-29,TRY,0.12780053
2020-11-29,USD,1.0
2020-11-30,EUR,1.198
2020-11-30,GBP,1.33340754
2020-11-30,JPY,0.00960013
2020-11-30,TRY,0.12860287
2020-11-30,USD,1.0
2020-12-01,EUR,1.1968
2020-12-01,GBP,1.3327691
2020-12-01,JPY,0.00958053
2020-12-01,TRY,0.12715412
2020-12-01,USD,1.0
2020-12-02,EUR,1.2066
2020-12-02,GBP,1.33340701
2020-12-02,JPY,0.00956632
2020-12-02,TRY,0.12758803
2020-12-02,USD,1.0
2020-12-03,EUR,1.2151
2020-12-03,GBP,1.34476195
2020-12-03,JPY,0.00960629
2020-12-03,TRY,0.127877
2020-12-03,USD,1.0
2020-12-04,EUR,1.2159
2020-12-04,GBP,1.34678009
2020-12-04,JPY,0.00961642
2020-12-04,TRY,0.12848176
2020-12-04,USD,1.0
2020-12-05,EUR,1.2159
2020-12-05,GBP,1.34678009
2020-12-05,JPY,0.00961642
2020-12-05,TRY,0.12848176
2020-12-05,USD,1.0
2020-12-06,EUR,1.2159
2020-12-06,GBP,1.34678009
2020-12-06,JPY,0.00961642
2020-12-06,TRY,0.12848176
2020-12-06,USD,1.0
2020-12-07,EUR,1.2128
2020-12-07,GBP,1.32960588
2020-12-07,JPY,0.00960253
2020-12-07,TRY,0.12759198
2020-12-07,USD,1.0
2020-12-08,EUR,1.2114
2020-12-08,GBP,1.32912017
2020-12-08,JPY,0.00960057
2020-12-08,TRY,0.12769052
2020-12-08,USD,1.0
2020-12-09,EUR,1.2109
2020-12-09,GBP,1.34544444
2020-12-09,JPY,0.00960651
2020-12-09,TRY,0.12778329
2020-12-09,USD,1.0
2020-12-10,EUR,1.2115
2020-12-10,GBP,1.3298573
2020-12-10,JPY,0.0095748
2020-12-10,TRY,0.12717825
2020-12-10,USD,1.0
2020-12-11,EUR,1.2127
2020-12-11,GBP,1.31395324
2020-12-11,JPY,0.00960326
2020-12-11,TRY,0.12674805
2020-12-11,USD,1.0
2020-12-12,EUR,1.2127
2020-12-12,GBP,1.31395324
2020-12-12,JPY,0.00960326
2020-12-12,TRY,0.12674805
2020-12-12,USD,1.0
2020-12-13,EUR,1.2127
2020-12-13,GBP,1.31395324
2020-12-13,JPY,0.00960326
2020-12-13,TRY,0.12674805
2020-12-13,USD,1.0
2020-12-14,EUR,1.2162
2020-12-14,GBP,1.34090408
2020-12-14,JPY,0.00964396
2020-12-14,TRY,0.12704747
2020-12-14,USD,1.0
2020-12-15,EUR,1.214
2020-12-15,GBP,1.33707803
2020-12-15,JPY,0.00962881
2020-12-15,TRY,0.12739388
2020-12-15,USD,1.0
2020-12-16,EUR,1.2189
2020-12-16,GBP,1.35508616
2020-12-16,JPY,0.00967611
2020-12-16,TRY,0.12801017
2020-12-16,USD,1.0
2020-12-17,EUR,1.2246
2020-12-17,GBP,1.35991116
2020-12-17,JPY,0.00970441
2020-12-17,TRY,0.12913907
2020-12-17,USD,1.0
2020-12-18,EUR,1.2259
2020-12-18,GBP,1.34969393
2020-12-18,JPY,0.00967638
2020-12-18,TRY,0.13043154
2020-12-18,USD,1.0
2020-12-19,EUR,1.2259
2020-12-19,GBP,1.34969393
2020-12-19,JPY,0.00967638
2020-12-19,TRY,0.13043154
2020-12-19,USD,1.0
2020-12-20,EUR,1.2259
2020-12-20,GBP,1.34969393
2020-12-20,JPY,0.00967638
2020-12-20,TRY,0.13043154
2020-12-20,USD,1.0
2020-12-21,EUR,1.2173
2020-12-21,GBP,1.32878507
2020-12-21,JPY,0.00965805
2020-12-21,TRY,0.13016606
2020-12-21,USD,1.0
2020-12-22,EUR,1.2239
2020-12-22,GBP,1.34276122
2020-12-22,JPY,0.00967357
2020-12-22,TRY,0.13114385
2020-12-22,USD,1.0
2020-12-23,EUR,1.2166
2020-12-23,GBP,1.34134509
2020-12-23,JPY,0.00965632
2020-12-23,TRY,0.13089321
2020-12-23,USD,1.0
2020-12-24,EUR,1.2193
2020-12-24,GBP,1.35787071
2020-12-24,JPY,0.00964789
2020-12-24,TRY,0.13213763
2020-12-24,USD,1.0
2020-12-25,EUR,1.2193
2020-12-25,GBP,1.35787071
2020-12-25,JPY,0.00964789
2020-12-25,TRY,0.13213763
2020-12-25,USD,1.0
2020-12-26,EUR,1.2193
2020-12-26,GBP,1.35787071
2020-12-26,JPY,0.00964789
2020-12-26,TRY,0.13213763
2020-12-26,USD,1.0
2020-12-27,EUR,1.2193
2020-12-27,GBP,1.35787071
2020-12-27,JPY,0.00964789
2020-12-27,TRY,0.13213763
2020-12-27,USD,1.0
2020-12-28,EUR,1.2219
2020-12-28,GBP,1.35153969
2020-12-28,JPY,0.00965624
2020-12-28,TRY,0.13390098
2020-12-28,USD,1.0
2020-12-29,EUR,1.2259
2020-12-29,GBP,1.34917403
2020-12-29,JPY,0.00963531
2020-12-29,TRY,0.13594376
2020-12-29,USD,1.0
2020-12-30,EUR,1.2281
2020-12-30,GBP,1.35991673
2020-12-30,JPY,0.00970293
2020-12-30,TRY,0.13597059
2020-12-30,USD,1.0
2020-12-31,EUR,1.2271
2020-12-31,GBP,1.36491552
2020-12-31,JPY,0.00970116
2020-12-31,TRY,0.13465231
2020-12-31,USD,1.0
2021-01-01,EUR,1.2271
2021-01-01,GBP,1.36491552
2021-01-01,JPY,0.00970116
2021-01-01,TRY,0.13465231
2021-01-01,USD,1.0
2021-01-02,EUR,1.2271
2021-01-02,GBP,1.36491552
2021-01-02,JPY,0.00970116
2021-01-02,TRY,0.13465231
2021-01-02,USD,1.0
2021-01-03,EUR,1.2271
2021-01-03,GBP,1.36491552
2021-01-03,JPY,0.00970116
2021-01-03,TRY,0.13465231
2021-01-03,USD,1.0
2021-01-04,EUR,1.2296
2021-01-04,GBP,1.36379769
2021-01-04,JPY,0.00971095
2021-01-04,TRY,0.1357489
2021-01-04,USD,1.0
2021-01-05,EUR,1.2271
2021-01-05,GBP,1.3584183
2021-01-05,JPY,0.0097196
2021-01-05,TRY,0.13530112
2021-01-05,USD,1.0
2021-01-06,EUR,1.2338
2021-01-06,GBP,1.36128427
2021-01-06,JPY,0.00971267
2021-01-06,TRY,0.13625019
2021-01-06,USD,1.0
2021-01-07,EUR,1.2276
2021-01-07,GBP,1.36112651
2021-01-07,JPY,0.00965626
2021-01-07,TRY,0.13641971
2021-01-07,USD,1.0
2021-01-08,EUR,1.225
2021-01-08,GBP,1.35917806
2021-01-08,JPY,0.00962596
2021-01-08,TRY,0.13589067
2021-01-08,USD,1.0
2021-01-09,EUR,1.225
2021-01-09,GBP,1.35917806
2021-01-09,JPY,0.00962596
2021-01-09,TRY,0.13589067
2021-01-09,USD,1.0
2021-01-10,EUR,1.225
2021-01-10,GBP,1.35917806
2021-01-10,JPY,0.00962596
2021-01-10,TRY,0.13589067
2021-01-10,USD,1.0
2021-01-11,EUR,1.2163
2021-01-11,GBP,1.34792486
2021-01-11,JPY,0.0095953
2021-01-11,TRY,0.13432358
2021-01-11,USD,1.0
2021-01-12,EUR,1.2161
2021-01-12,GBP,1.35968247
2021-01-12,JPY,0.00959523
2021-01-12,TRY,0.13356398
2021-01-12,USD,1.0
2021-01-13,EUR,1.2166
2021-01-13,GBP,1.36722745
2021-01-13,JPY,0.00962196
2021-01-13,TRY,0.13438491
2021-01-13,USD,1.0
2021-01-14,EUR,1.2124
2021-01-14,GBP,1.3631202
2021-01-14,JPY,0.00960621
2021-01-14,TRY,0.1354758
2021-01-14,USD,1.0
2021-01-15,EUR,1.2123
2021-01-15,GBP,1.36216544
2021-01-15,JPY,0.00964132
2021-01-15,TRY,0.13443263
2021-01-15,USD,1.0
2021-01-16,EUR,1.2123
2021-01-16,GBP,1.36216544
2021-01-16,JPY,0.00964132
2021-01-16,TRY,0.13443263
2021-01-16,USD,1.0
2021-01-17,EUR,1.2123
2021-01-17,GBP,1.36216544
2021-01-17,JPY,0.00964132
2021-01-17,TRY,0.13443263
2021-01-17,USD,1.0
2021-01-18,EUR,1.2064
2021-01-18,GBP,1.35439471
2021-01-18,JPY,0.00963732
2021-01-18,TRY,0.13323615
2021-01-18,USD,1.0
2021-01-19,EUR,1.2132
2021-01-19,GBP,1.36161616
2021-01-19,JPY,0.00961636
2021-01-19,TRY,0.13441617
2021-01-19,USD,1.0
2021-01-20,EUR,1.2101
2021-01-20,GBP,1.36637196
2021-01-20,JPY,0.00963302
2021-01-20,TRY,0.13428993
2021-01-20,USD,1.0
2021-01-21,EUR,1.2158
2021-01-21,GBP,1.37184767
2021-01-21,JPY,0.0096707
2021-01-21,TRY,0.13576015
2021-01-21,USD,1.0
2021-01-22,EUR,1.2158
2021-01-22,GBP,1.36537706
2021-01-22,JPY,0.00963468
2021-01-22,TRY,0.13479683
2021-01-22,USD,1.0
2021-01-23,EUR,1.2158
2021-01-23,GBP,1.36537706
2021-01-23,JPY,0.00963468
2021-01-23,TRY,0.13479683
2021-01-23,USD,1.0
2021-01-24,EUR,1.2158
2021-01-24,GBP,1.36537706
2021-01-24,JPY,0.00963468
2021-01-24,TRY,0.13479683
2021-01-24,USD,1.0
2021-01-25,EUR,1.2152
2021-01-25,GBP,1.36846847
2021-01-25,JPY,0.00963985
2021-01-25,TRY,0.13522506
2021-01-25,USD,1.0
2021-01-26,EUR,1.2143
2021-01-26,GBP,1.36902749
2021-01-26,JPY,0.00964266
2021-01-26,TRY,0.13602706
2021-01-26,USD,1.0
2021-01-27,EUR,1.2114
2021-01-27,GBP,1.3704395
2021-01-27,JPY,0.00962422
2021-01-27,TRY,0.13528847
2021-01-27,USD,1.0
2021-01-28,EUR,1.2091
2021-01-28,GBP,1.36462648
2021-01-28,JPY,0.00958082
2021-01-28,TRY,0.13537783
2021-01-28,USD,1.0
2021-01-29,EUR,1.2136
2021-01-29,GBP,1.37311474
2021-01-29,JPY,0.00955214
2021-01-29,TRY,0.13670977
2021-01-29,USD,1.0
2021-01-30,EUR,1.2136
2021-01-30,GBP,1.37311474
2021-01-30,JPY,0.00955214
2021-01-30,TRY,0.13670977
2021-01-30,USD,1.0
2021-01-31,EUR,1.2136
2021-01-31,GBP,1.37311474
2021-01-31,JPY,0.00955214
2021-01-31,TRY,0.13670977
2021-01-31,USD,1.0
2021-02-01,EUR,1.2084
2021-02-01,GBP,1.37006803
2021-02-01,JPY,0.00953222
2021-02-01,TRY,0.13905319
2021-02-01,USD,1.0
2021-02-02,EUR,1.2044
2021-02-02,GBP,1.36747091
2021-02-02,JPY,0.00952396
2021-02-02,TRY,0.13902966
2021-02-02,USD,1.0
2021-02-03,EUR,1.2017
2021-02-03,GBP,1.3633218
2021-02-03,JPY,0.00951842
2021-02-03,TRY,0.13951193
2021-02-03,USD,1.0
2021-02-04,EUR,1.1996
2021-02-04,GBP,1.36795411
2021-02-04,JPY,0.00950253
2021-02-04,TRY,0.14032051
2021-02-04,USD,1.0
2021-02-05,EUR,1.1983
2021-02-05,GBP,1.36889122
2021-02-05,JPY,0.00945628
2021-02-05,TRY,0.14138733
2021-02-05,USD,1.0
2021-02-06,EUR,1.1983
2021-02-06,GBP,1.36889122
2021-02-06,JPY,0.00945628
2021-02-06,TRY,0.14138733
2021-02-06,USD,1.0
2021-02-07,EUR,1.1983
2021-02-07,GBP,1.36889122
2021-02-07,JPY,0.00945628
2021-02-07,TRY,0.14138733
2021-02-07,USD,1.0
2021-02-08,EUR,1.2025
2021-02-08,GBP,1.3690754
2021-02-08,JPY,0.00947074
2021-02-08,TRY,0.14095982
2021-02-08,USD,1.0
2021-02-09,EUR,1.2104
2021-02-09,GBP,1.3781482
2021-02-09,JPY,0.00956233
2021-02-09,TRY,0.14093592
2021-02-09,USD,1.0
2021-02-10,EUR,1.2127
2021-02-10,GBP,1.38357102
2021-02-10,JPY,0.00954581
2021-02-10,TRY,0.14183128
2021-02-10,USD,1.0
2021-02-11,EUR,1.2147
2021-02-11,GBP,1.38419463
2021-02-11,JPY,0.00955554
2021-02-11,TRY,0.14248012
2021-02-11,USD,1.0
2021-02-12,EUR,1.2108
2021-02-12,GBP,1.37978189
2021-02-12,JPY,0.00952261
2021-02-12,TRY,0.1424303
2021-02-12,USD,1.0
2021-02-13,EUR,1.2108
2021-02-13,GBP,1.37978189
2021-02-13,JPY,0.00952261
2021-02-13,TRY,0.1424303
2021-02-13,USD,1.0
2021-02-14,EUR,1.2108
2021-02-14,GBP,1.37978189
2021-02-14,JPY,0.00952261
2021-02-14,TRY,0.1424303
2021-02-14,USD,1.0
2021-02-15,EUR,1.2129
2021-02-15,GBP,1.3905417
2021-02-15,JPY,0.00949655
2021-02-15,TRY,0.14367789
2021-02-15,USD,1.0
2021-02-16,EUR,1.2143
2021-02-16,GBP,1.39042515
2021-02-16,JPY,0.00947488
2021-02-16,TRY,0.14341053
2021-02-16,USD,1.0
2021-02-17,EUR,1.206
2021-02-17,GBP,1.38684453
2021-02-17,JPY,0.00942629
2021-02-17,TRY,0.14297909
2021-02-17,USD,1.0
2021-02-18,EUR,1.2084
2021-02-18,GBP,1.39634851
2021-02-18,JPY,0.00946354
2021-02-18,TRY,0.14389997
2021-02-18,USD,1.0
2021-02-19,EUR,1.2139
2021-02-19,GBP,1.40322282
2021-02-19,JPY,0.00949769
2021-02-19,TRY,0.14370783
2021-02-19,USD,1.0
2021-02-20,EUR,1.2139
2021-02-20,GBP,1.40322282
2021-02-20,JPY,0.00949769
2021-02-20,TRY,0.14370783
2021-02-20,USD,1.0
2021-02-21,EUR,1.2139
2021-02-21,GBP,1.40322282
2021-02-21,JPY,0.00949769
2021-02-21,TRY,0.14370783
2021-02-21,USD,1.0
2021-02-22,EUR,1.2133
2021-02-22,GBP,1.40217266
2021-02-22,JPY,0.00947891
2021-02-22,TRY,0.1416017
2021-02-22,USD,1.0
2021-02-23,EUR,1.2143
2021-02-23,GBP,1.40693794
2021-02-23,JPY,0.0094882
2021-02-23,TRY,0.14172337
2021-02-23,USD,1.0
2021-02-24,EUR,1.2146
2021-02-24,GBP,1.41183308
2021-02-24,JPY,0.00943818
2021-02-24,TRY,0.13949535
2021-02-24,USD,1.0
2021-02-25,EUR,1.2225
2021-02-25,GBP,1.41479956
2021-02-25,JPY,0.00942342
2021-02-25,TRY,0.13837952
2021-02-25,USD,1.0
2021-02-26,EUR,1.2121
2021-02-26,GBP,1.39237017
2021-02-26,JPY,0.00940852
2021-02-26,TRY,0.13442685
2021-02-26,USD,1.0
2021-02-27,EUR,1.2121
2021-02-27,GBP,1.39237017
2021-02-27,JPY,0.00940852
2021-02-27,TRY,0.13442685
2021-02-27,USD,1.0
2021-02-28,EUR,1.2121
2021-02-28,GBP,1.39237017
2021-02-28,JPY,0.00940852
2021-02-28,TRY,0.13442685
2021-02-28,USD,1.0
2021-03-01,EUR,1.2053
2021-03-01,GBP,1.39247672
2021-03-01,JPY,0.00937029
2021-03-01,TRY,0.13826212
2021-03-01,USD,1.0
2021-03-02,EUR,1.2028
2021-03-02,GBP,1.39159812
2021-03-02,JPY,0.00935449
2021-03-02,TRY,0.13644769
2021-03-02,USD,1.0
2021-03-03,EUR,1.2048
2021-03-03,GBP,1.39523572
2021-03-03,JPY,0.00935331
2021-03-03,TRY,0.1353571
2021-03-03,USD,1.0
2021-03-04,EUR,1.2034
2021-03-04,GBP,1.39492292
2021-03-04,JPY,0.00931208
2021-03-04,TRY,0.13420918
2021-03-04,USD,1.0
2021-03-05,EUR,1.1938
2021-03-05,GBP,1.38331402
2021-03-05,JPY,0.00923279
2021-03-05,TRY,0.13338249
2021-03-05,USD,1.0
2021-03-06,EUR,1.1938
2021-03-06,GBP,1.38331402
2021-03-06,JPY,0.00923279
2021-03-06,TRY,0.13338249
2021-03-06,USD,1.0
2021-03-07,EUR,1.1938
2021-03-07,GBP,1.38331402
2021-03-07,JPY,0.00923279
2021-03-07,TRY,0.13338249
2021-03-07,USD,1.0
2021-03-08,EUR,1.1866
2021-03-08,GBP,1.3841452
2021-03-08,JPY,0.00920559
2021-03-08,TRY,0.13030682
2021-03-08,USD,1.0
2021-03-09,EUR,1.1894
2021-03-09,GBP,1.38779987
2021-03-09,JPY,0.00918456
2021-03-09,TRY,0.13067027
2021-03-09,USD,1.0
2021-03-10,EUR,1.1892
2021-03-10,GBP,1.38836028
2021-03-10,JPY,0.00921004
2021-03-10,TRY,0.13173958
2021-03-10,USD,1.0
2021-03-11,EUR,1.1969
2021-03-11,GBP,1.39710517
2021-03-11,JPY,0.00921969
2021-03-11,TRY,0.13444085
2021-03-11,USD,1.0
2021-03-12,EUR,1.1933
2021-03-12,GBP,1.39022543
2021-03-12,JPY,0.00916936
2021-03-12,TRY,0.13192633
2021-03-12,USD,1.0
2021-03-13,EUR,1.1933
2021-03-13,GBP,1.39022543
2021-03-13,JPY,0.00916936
2021-03-13,TRY,0.13192633
2021-03-13,USD,1.0
2021-03-14,EUR,1.1933
2021-03-14,GBP,1.39022543
2021-03-14,JPY,0.00916936
2021-03-14,TRY,0.13192633
2021-03-14,USD,1.0
2021-03-15,EUR,1.192
2021-03-15,GBP,1.39138555
2021-03-15,JPY,0.00915726
2021-03-15,TRY,0.1326626
2021-03-15,USD,1.0
2021-03-16,EUR,1.1926
2021-03-16,GBP,1.38763162
2021-03-16,JPY,0.00918232
2021-03-16,TRY,0.1334751
2021-03-16,USD,1.0
2021-03-17,EUR,1.1907
2021-03-17,GBP,1.38990055
2021-03-17,JPY,0.00915782
2021-03-17,TRY,0.13304208
2021-03-17,USD,1.0
2021-03-18,EUR,1.1912
2021-03-18,GBP,1.39199533
2021-03-18,JPY,0.00915744
2021-03-18,TRY,0.13582513
2021-03-18,USD,1.0
2021-03-19,EUR,1.1891
2021-03-19,GBP,1.38649534
2021-03-19,JPY,0.0091794
2021-03-19,TRY,0.13770063
2021-03-19,USD,1.0
2021-03-20,EUR,1.1891
2021-03-20,GBP,1.38649534
2021-03-20,JPY,0.0091794
2021-03-20,TRY,0.13770063
2021-03-20,USD,1.0
2021-03-21,EUR,1.1891
2021-03-21,GBP,1.38649534
2021-03-21,JPY,0.0091794
2021-03-21,TRY,0.13770063
2021-03-21,USD,1.0
2021-03-22,EUR,1.1926
2021-03-22,GBP,1.38299723
2021-03-22,JPY,0.00919011
2021-03-22,TRY,0.12674155
2021-03-22,USD,1.0
2021-03-23,EUR,1.1883
2021-03-23,GBP,1.37857027
2021-03-23,JPY,0.00921234
2021-03-23,TRY,0.12690361
2021-03-23,USD,1.0
2021-03-24,EUR,1.1825
2021-03-24,GBP,1.37101449
2021-03-24,JPY,0.00919518
2021-03-24,TRY,0.12578583
2021-03-24,USD,1.0
2021-03-25,EUR,1.1802
2021-03-25,GBP,1.37124134
2021-03-25,JPY,0.0091666
2021-03-25,TRY,0.12513651
2021-03-25,USD,1.0
2021-03-26,EUR,1.1782
2021-03-26,GBP,1.37796335
2021-03-26,JPY,0.00910932
2021-03-26,TRY,0.12464691
2021-03-26,USD,1.0
2021-03-27,EUR,1.1782
2021-03-27,GBP,1.37796335
2021-03-27,JPY,0.00910932
2021-03-27,TRY,0.12464691
2021-03-27,USD,1.0
2021-03-28,EUR,1.1782
2021-03-28,GBP,1.37796335
2021-03-28,JPY,0.00910932
2021-03-28,TRY,0.12464691
2021-03-28,USD,1.0
2021-03-29,EUR,1.1784
2021-03-29,GBP,1.3843985
2021-03-29,JPY,0.00912145
2021-03-29,TRY,0.12248334
2021-03-29,USD,1.0
2021-03-30,EUR,1.1741
2021-03-30,GBP,1.37517862
2021-03-30,JPY,0.00906781
2021-03-30,TRY,0.12005112
2021-03-30,USD,1.0
2021-03-31,EUR,1.1725
2021-03-31,GBP,1.37602835
2021-03-31,JPY,0.00902548
2021-03-31,TRY,0.12056555
2021-03-31,USD,1.0
2021-04-01,EUR,1.1746
2021-04-01,GBP,1.37871941
2021-04-01,JPY,0.0090333
2021-04-01,TRY,0.12247792
2021-04-01,USD,1.0
2021-04-02,EUR,1.1746
2021-04-02,GBP,1.37871941
2021-04-02,JPY,0.0090333
2021-04-02,TRY,0.12247792
2021-04-02,USD,1.0
2021-04-03,EUR,1.1746
2021-04-03,GBP,1.37871941
2021-04-03,JPY,0.0090333
2021-04-03,TRY,0.12247792
2021-04-03,USD,1.0
2021-04-04,EUR,1.1746
2021-04-04,GBP,1.37871941
2021-04-04,JPY,0.0090333
2021-04-04,TRY,0.12247792
2021-04-04,USD,1.0
2021-04-05,EUR,1.1746
2021-04-05,GBP,1.37871941
2021-04-05,JPY,0.0090333
2021-04-05,TRY,0.12247792
2021-04-05,USD,1.0
2021-04-06,EUR,1.1812
2021-04-06,GBP,1.38381874
2021-04-06,JPY,0.00906732
2021-04-06,TRY,0.12268256
2021-04-06,USD,1.0
2021-04-07,EUR,1.1884
2021-04-07,GBP,1.38081682
2021-04-07,JPY,0.00910233
2021-04-07,TRY,0.12222942
2021-04-07,USD,1.0
2021-04-08,EUR,1.1873
2021-04-08,GBP,1.37594159
2021-04-08,JPY,0.0091535
2021-04-08,TRY,0.12265623
2021-04-08,USD,1.0
2021-04-09,EUR,1.1888
2021-04-09,GBP,1.37182949
2021-04-09,JPY,0.00911517
2021-04-09,TRY,0.12267938
2021-04-09,USD,1.0
2021-04-10,EUR,1.1888
2021-04-10,GBP,1.37182949
2021-04-10,JPY,0.00911517
2021-04-10,TRY,0.12267938
2021-04-10,USD,1.0
2021-04-11,EUR,1.1888
2021-04-11,GBP,1.37182949
2021-04-11,JPY,0.00911517
2021-04-11,TRY,0.12267938
2021-04-11,USD,1.0
2021-04-12,EUR,1.1904
2021-04-12,GBP,1.37589866
2021-04-12,JPY,0.00914286
2021-04-12,TRY,0.12267359
2021-04-12,USD,1.0
2021-04-13,EUR,1.1896
2021-04-13,GBP,1.37211931
2021-04-13,JPY,0.00913461
2021-04-13,TRY,0.12277461
2021-04-13,USD,1.0
2021-04-14,EUR,1.1964
2021-04-14,GBP,1.37646978
2021-04-14,JPY,0.00917977
2021-04-14,TRY,0.12360526
2021-04-14,USD,1.0
2021-04-15,EUR,1.197
2021-04-15,GBP,1.37977937
2021-04-15,JPY,0.00919779
2021-04-15,TRY,0.12326101
2021-04-15,USD,1.0
2021-04-16,EUR,1.1986
2021-04-16,GBP,1.38098695
2021-04-16,JPY,0.00919383
2021-04-16,TRY,0.12396062
2021-04-16,USD,1.0
2021-04-17,EUR,1.1986
2021-04-17,GBP,1.38098695
2021-04-17,JPY,0.00919383
2021-04-17,TRY,0.12396062
2021-04-17,USD,1.0
2021-04-18,EUR,1.1986
2021-04-18,GBP,1.38098695
2021-04-18,JPY,0.00919383
2021-04-18,TRY,0.12396062
2021-04-18,USD,1.0
2021-04-19,EUR,1.2035
2021-04-19,GBP,1.39366568
2021-04-19,JPY,0.00925129
2021-04-19,TRY,0.12381942
2021-04-19,USD,1.0
2021-04-20,EUR,1.2051
2021-04-20,GBP,1.39648879
2021-04-20,JPY,0.00922459
2021-04-20,TRY,0.12326623
2021-04-20,USD,1.0
2021-04-21,EUR,1.2007
2021-04-21,GBP,1.39211594
2021-04-21,JPY,0.00925039
2021-04-21,TRY,0.12232569
2021-04-21,USD,1.0
2021-04-22,EUR,1.2046
2021-04-22,GBP,1.38690922
2021-04-22,JPY,0.00924482
2021-04-22,TRY,0.12100087
2021-04-22,USD,1.0
2021-04-23,EUR,1.2066
2021-04-23,GBP,1.38841263
2021-04-23,JPY,0.00928297
2021-04-23,TRY,0.11989864
2021-04-23,USD,1.0
2021-04-24,EUR,1.2066
2021-04-24,GBP,1.38841263
2021-04-24,JPY,0.00928297
2021-04-24,TRY,0.11989864
2021-04-24,USD,1.0
2021-04-25,EUR,1.2066
2021-04-25,GBP,1.38841263
2021-04-25,JPY,0.00928297
2021-04-25,TRY,0.11989864
2021-04-25,USD,1.0
2021-04-26,EUR,1.2085
2021-04-26,GBP,1.38947974
2021-04-26,JPY,0.0092577
2021-04-26,TRY,0.12033497
2021-04-26,USD,1.0
2021-04-27,EUR,1.2088
2021-04-27,GBP,1.39110421
2021-04-27,JPY,0.00923594
2021-04-27,TRY,0.12186835
2021-04-27,USD,1.0
2021-04-28,EUR,1.207
2021-04-28,GBP,1.38754771
2021-04-28,JPY,0.0091808
2021-04-28,TRY,0.12231827
2021-04-28,USD,1.0
2021-04-29,EUR,1.2129
2021-04-29,GBP,1.39558164
2021-04-29,JPY,0.00917474
2021-04-29,TRY,0.12166229
2021-04-29,USD,1.0
2021-04-30,EUR,1.2082
2021-04-30,GBP,1.39092594
2021-04-30,JPY,0.00917946
2021-04-30,TRY,0.12109003
2021-04-30,USD,1.0
2021-05-01,EUR,1.2082
2021-05-01,GBP,1.39092594
2021-05-01,JPY,0.00917946
2021-05-01,TRY,0.12109003
2021-05-01,USD,1.0
2021-05-02,EUR,1.2082
2021-05-02,GBP,1.39092594
2021-05-02,JPY,0.00917946
2021-05-02,TRY,0.12109003
2021-05-02,USD,1.0
2021-05-03,EUR,1.2044
2021-05-03,GBP,1.38695041
2021-05-03,JPY,0.00913116
2021-05-03,TRY,0.12033531
2021-05-03,USD,1.0
2021-05-04,EUR,1.2021
2021-05-04,GBP,1.38538665
2021-05-04,JPY,0.00915816
2021-05-04,TRY,0.12007791
2021-05-04,USD,1.0
2021-05-05,EUR,1.2005
2021-05-05,GBP,1.39149686
2021-05-05,JPY,0.00915015
2021-05-05,TRY,0.11984148
2021-05-05,USD,1.0
2021-05-06,EUR,1.206
2021-05-06,GBP,1.39087512
2021-05-06,JPY,0.00915787
2021-05-06,TRY,0.12001194
2021-05-06,USD,1.0
2021-05-07,EUR,1.2059
2021-05-07,GBP,1.38912568
2021-05-07,JPY,0.00915225
2021-05-07,TRY,0.12056709
2021-05-07,USD,1.0
2021-05-08,EUR,1.2059
2021-05-08,GBP,1.38912568
2021-05-08,JPY,0.00915225
2021-05-08,TRY,0.12056709
2021-05-08,USD,1.0
2021-05-09,EUR,1.2059
2021-05-09,GBP,1.38912568
2021-05-09,JPY,0.00915225
2021-05-09,TRY,0.12056709
2021-05-09,USD,1.0
2021-05-10,EUR,1.2169
2021-05-10,GBP,1.41179883
2021-05-10,JPY,0.00919734
2021-05-10,TRY,0.1210906
2021-05-10,USD,1.0
2021-05-11,EUR,1.217
2021-05-11,GBP,1.4149024
2021-05-11,JPY,0.00921132
2021-05-11,TRY,0.12072095
2021-05-11,USD,1.0
2021-05-12,EUR,1.2118
2021-05-12,GBP,1.41238724
2021-05-12,JPY,0.00919284
2021-05-12,TRY,0.11983782
2021-05-12,USD,1.0
2021-05-13,EUR,1.2081
2021-05-13,GBP,1.40373912
2021-05-13,JPY,0.00912669
2021-05-13,TRY,0.11768774
2021-05-13,USD,1.0
2021-05-14,EUR,1.2123
2021-05-14,GBP,1.408292
2021-05-14,JPY,0.00915012
2021-05-14,TRY,0.11865054
2021-05-14,USD,1.0
2021-05-15,EUR,1.2123
2021-05-15,GBP,1.408292
2021-05-15,JPY,0.00915012
2021-05-15,TRY,0.11865054
2021-05-15,USD,1.0
2021-05-16,EUR,1.2123
2021-05-16,GBP,1.408292
2021-05-16,JPY,0.00915012
2021-05-16,TRY,0.11865054
2021-05-16,USD,1.0
2021-05-17,EUR,1.2143
2021-05-17,GBP,1.40845561
2021-05-17,JPY,0.00915762
2021-05-17,TRY,0.11944718
2021-05-17,USD,1.0
2021-05-18,EUR,1.2222
2021-05-18,GBP,1.42119584
2021-05-18,JPY,0.00918326
2021-05-18,TRY,0.11995878
2021-05-18,USD,1.0
2021-05-19,EUR,1.2212
2021-05-19,GBP,1.41616319
2021-05-19,JPY,0.00916129
2021-05-19,TRY,0.1186668
2021-05-19,USD,1.0
2021-05-20,EUR,1.2203
2021-05-20,GBP,1.41238426
2021-05-20,JPY,0.00917864
2021-05-20,TRY,0.11950369
2021-05-20,USD,1.0
2021-05-21,EUR,1.2188
2021-05-21,GBP,1.41935484
2021-05-21,JPY,0.00919086
2021-05-21,TRY,0.11931357
2021-05-21,USD,1.0
2021-05-22,EUR,1.2188
2021-05-22,GBP,1.41935484
2021-05-22,JPY,0.00919086
2021-05-22,TRY,0.11931357
2021-05-22,USD,1.0
2021-05-23,EUR,1.2188
2021-05-23,GBP,1.41935484
2021-05-23,JPY,0.00919086
2021-05-23,TRY,0.11931357
2021-05-23,USD,1.0
2021-05-24,EUR,1.2212
2021-05-24,GBP,1.41329507
2021-05-24,JPY,0.00918403
2021-05-24,TRY,0.11922638
2021-05-24,USD,1.0
2021-05-25,EUR,1.2264
2021-05-25,GBP,1.41660795
2021-05-25,JPY,0.00918721
2021-05-25,TRY,0.11886485
2021-05-25,USD,1.0
2021-05-26,EUR,1.2229
2021-05-26,GBP,1.41654118
2021-05-26,JPY,0.00918369
2021-05-26,TRY,0.11835471
2021-05-26,USD,1.0
2021-05-27,EUR,1.2198
2021-05-27,GBP,1.41725148
2021-05-27,JPY,0.00914256
2021-05-27,TRY,0.11844328
2021-05-27,USD,1.0
2021-05-28,EUR,1.2142
2021-05-28,GBP,1.41572903
2021-05-28,JPY,0.00908492
2021-05-28,TRY,0.11630491
2021-05-28,USD,1.0
2021-05-29,EUR,1.2142
2021-05-29,GBP,1.41572903
2021-05-29,JPY,0.00908492
2021-05-29,TRY,0.11630491
2021-05-29,USD,1.0
2021-05-30,EUR,1.2142
2021-05-30,GBP,1.41572903
2021-05-30,JPY,0.00908492
2021-05-30,TRY,0.11630491
2021-05-30,USD,1.0
2021-05-31,EUR,1.2201
2021-05-31,GBP,1.4185065
2021-05-31,JPY,0.00911952
2021-05-31,TRY,0.11762494
2021-05-31,USD,1.0
2021-06-01,EUR,1.2225
2021-06-01,GBP,1.41681636
2021-06-01,JPY,0.00911973
2021-06-01,TRY,0.11736526
2021-06-01,USD,1.0
2021-06-02,EUR,1.2186
2021-06-02,GBP,1.41492017
2021-06-02,JPY,0.00911307
2021-06-02,TRY,0.11645531
2021-06-02,USD,1.0
2021-06-03,EUR,1.2187
2021-06-03,GBP,1.41783491
2021-06-03,JPY,0.00910769
2021-06-03,TRY,0.11535258
2021-06-03,USD,1.0
2021-06-04,EUR,1.2117
2021-06-04,GBP,1.41405065
2021-06-04,JPY,0.00908389
2021-06-04,TRY,0.11519922
2021-06-04,USD,1.0
2021-06-05,EUR,1.2117
2021-06-05,GBP,1.41405065
2021-06-05,JPY,0.00908389
2021-06-05,TRY,0.11519922
2021-06-05,USD,1.0
2021-06-06,EUR,1.2117
2021-06-06,GBP,1.41405065
2021-06-06,JPY,0.00908389
2021-06-06,TRY,0.11519922
2021-06-06,USD,1.0
2021-06-07,EUR,1.2162
2021-06-07,GBP,1.41706962
2021-06-07,JPY,0.00914574
2021-06-07,TRY,0.11593678
2021-06-07,USD,1.0
2021-06-08,EUR,1.2182
2021-06-08,GBP,1.41486643
2021-06-08,JPY,0.00914016
2021-06-08,TRY,0.11638928
2021-06-08,USD,1.0
2021-06-09,EUR,1.2195
2021-06-09,GBP,1.4171499
2021-06-09,JPY,0.00914305
2021-06-09,TRY,0.11653018
2021-06-09,USD,1.0
2021-06-10,EUR,1.2174
2021-06-10,GBP,1.41077492
2021-06-10,JPY,0.00912936
2021-06-10,TRY,0.11786918
2021-06-10,USD,1.0
2021-06-11,EUR,1.2125
2021-06-11,GBP,1.41465407
2021-06-11,JPY,0.00912477
2021-06-11,TRY,0.11890869
2021-06-11,USD,1.0
2021-06-12,EUR,1.2125
2021-06-12,GBP,1.41465407
2021-06-12,JPY,0.00912477
2021-06-12,TRY,0.11890869
2021-06-12,USD,1.0
2021-06-13,EUR,1.2125
2021-06-13,GBP,1.41465407
2021-06-13,JPY,0.00912477
2021-06-13,TRY,0.11890869
2021-06-13,USD,1.0
2021-06-14,EUR,1.2112
2021-06-14,GBP,1.41004447
2021-06-14,JPY,0.00911019
2021-06-14,TRY,0.1194713
2021-06-14,USD,1.0
2021-06-15,EUR,1.2108
2021-06-15,GBP,1.4054556
2021-06-15,JPY,0.00908463
2021-06-15,TRY,0.11688838
2021-06-15,USD,1.0
2021-06-16,EUR,1.2124
2021-06-16,GBP,1.41255971
2021-06-16,JPY,0.00910279
2021-06-16,TRY,0.11701234
2021-06-16,USD,1.0
2021-06-17,EUR,1.1937
2021-06-17,GBP,1.39573224
2021-06-17,JPY,0.00903702
2021-06-17,TRY,0.11577743
2021-06-17,USD,1.0
2021-06-18,EUR,1.1898
2021-06-18,GBP,1.38695576
2021-06-18,JPY,0.00907413
2021-06-18,TRY,0.11500208
2021-06-18,USD,1.0
2021-06-19,EUR,1.1898
2021-06-19,GBP,1.38695576
2021-06-19,JPY,0.00907413
2021-06-19,TRY,0.11500208
2021-06-19,USD,1.0
2021-06-20,EUR,1.1898
2021-06-20,GBP,1.38695576
2021-06-20,JPY,0.00907413
2021-06-20,TRY,0.11500208
2021-06-20,USD,1.0
2021-06-21,EUR,1.1891
2021-06-21,GBP,1.38800047
2021-06-21,JPY,0.00908334
2021-06-21,TRY,0.11380799
2021-06-21,USD,1.0
2021-06-22,EUR,1.1894
2021-06-22,GBP,1.39013558
2021-06-22,JPY,0.00904487
2021-06-22,TRY,0.11503458
2021-06-22,USD,1.0
2021-06-23,EUR,1.1951
2021-06-23,GBP,1.39884122
2021-06-23,JPY,0.00902371
2021-06-23,TRY,0.11565409
2021-06-23,USD,1.0
2021-06-24,EUR,1.1936
2021-06-24,GBP,1.38979775
2021-06-24,JPY,0.00902874
2021-06-24,TRY,0.11498815
2021-06-24,USD,1.0
2021-06-25,EUR,1.195
2021-06-25,GBP,1.39034322
2021-06-25,JPY,0.00903455
2021-06-25,TRY,0.11502883
2021-06-25,USD,1.0
2021-06-26,EUR,1.195
2021-06-26,GBP,1.39034322
2021-06-26,JPY,0.00903455
2021-06-26,TRY,0.11502883
2021-06-26,USD,1.0
2021-06-27,EUR,1.195
2021-06-27,GBP,1.39034322
2021-06-27,JPY,0.00903455
2021-06-27,TRY,0.11502883
2021-06-27,USD,1.0
2021-06-28,EUR,1.191
2021-06-28,GBP,1.38956948
2021-06-28,JPY,0.00901385
2021-06-28,TRY,0.11437626
2021-06-28,USD,1.0
2021-06-29,EUR,1.1888
2021-06-29,GBP,1.38316191
2021-06-29,JPY,0.00903756
2021-06-29,TRY,0.11473796
2021-06-29,USD,1.0
2021-06-30,EUR,1.1884
2021-06-30,GBP,1.38500087
2021-06-30,JPY,0.00904208
2021-06-30,TRY,0.11514388
2021-06-30,USD,1.0
2021-07-01,EUR,1.1884
2021-07-01,GBP,1.38133042
2021-07-01,JPY,0.00897448
2021-07-01,TRY,0.11503577
2021-07-01,USD,1.0
2021-07-02,EUR,1.1823
2021-07-02,GBP,1.37471949
2021-07-02,JPY,0.0089745
2021-07-02,TRY,0.11503211
2021-07-02,USD,1.0
2021-07-03,EUR,1.1823
2021-07-03,GBP,1.37471949
2021-07-03,JPY,0.0089745
2021-07-03,TRY,0.11503211
2021-07-03,USD,1.0
2021-07-04,EUR,1.1823
2021-07-04,GBP,1.37471949
2021-07-04,JPY,0.0089745
2021-07-04,TRY,0.11503211
2021-07-04,USD,1.0
2021-07-05,EUR,1.1866
2021-07-05,GBP,1.38516314
2021-07-05,JPY,0.00901809
2021-07-05,TRY,0.11532817
2021-07-05,USD,1.0
2021-07-06,EUR,1.1838
2021-07-06,GBP,1.38537156
2021-07-06,JPY,0.00903733
2021-07-06,TRY,0.11547691
2021-07-06,USD,1.0
2021-07-07,EUR,1.1831
2021-07-07,GBP,1.38374269
2021-07-07,JPY,0.00904096
2021-07-07,TRY,0.11535012
2021-07-07,USD,1.0
2021-07-08,EUR,1.1838
2021-07-08,GBP,1.37438612
2021-07-08,JPY,0.00911246
2021-07-08,TRY,0.11503926
2021-07-08,USD,1.0
2021-07-09,EUR,1.1858
2021-07-09,GBP,1.38272814
2021-07-09,JPY,0.00908938
2021-07-09,TRY,0.11538387
2021-07-09,USD,1.0
2021-07-10,EUR,1.1858
2021-07-10,GBP,1.38272814
2021-07-10,JPY,0.00908938
2021-07-10,TRY,0.11538387
2021-07-10,USD,1.0
2021-07-11,EUR,1.1858
2021-07-11,GBP,1.38272814
2021-07-11,JPY,0.00908938
2021-07-11,TRY,0.11538387
2021-07-11,USD,1.0
2021-07-12,EUR,1.1852
2021-07-12,GBP,1.38506486
2021-07-12,JPY,0.00907851
2021-07-12,TRY,0.11577384
2021-07-12,USD,1.0
2021-07-13,EUR,1.1844
2021-07-13,GBP,1.38497158
2021-07-13,JPY,0.00907239
2021-07-13,TRY,0.11643041
2021-07-13,USD,1.0
2021-07-14,EUR,1.1812
2021-07-14,GBP,1.38706874
2021-07-14,JPY,0.00906523
2021-07-14,TRY,0.11639158
2021-07-14,USD,1.0
2021-07-15,EUR,1.1809
2021-07-15,GBP,1.38622811
2021-07-15,JPY,0.00908874
2021-07-15,TRY,0.11685022
2021-07-15,USD,1.0
2021-07-16,EUR,1.1802
2021-07-16,GBP,1.38361978
2021-07-16,JPY,0.00907637
2021-07-16,TRY,0.1174083
2021-07-16,USD,1.0
2021-07-17,EUR,1.1802
2021-07-17,GBP,1.38361978
2021-07-17,JPY,0.00907637
2021-07-17,TRY,0.1174083
2021-07-17,USD,1.0
2021-07-18,EUR,1.1802
2021-07-18,GBP,1.38361978
2021-07-18,JPY,0.00907637
2021-07-18,TRY,0.1174083
2021-07-18,USD,1.0
2021-07-19,EUR,1.1766
2021-07-19,GBP,1.36952498
2021-07-19,JPY,0.00912376
2021-07-19,TRY,0.11633149
2021-07-19,USD,1.0
2021-07-20,EUR,1.1775
2021-07-20,GBP,1.36056387
2021-07-20,JPY,0.00912578
2021-07-20,TRY,0.1169733
2021-07-20,USD,1.0
2021-07-21,EUR,1.1772
2021-07-21,GBP,1.36308373
2021-07-21,JPY,0.00908123
2021-07-21,TRY,0.1164818
2021-07-21,USD,1.0
2021-07-22,EUR,1.1775
2021-07-22,GBP,1.37617896
2021-07-22,JPY,0.00906955
2021-07-22,TRY,0.11691174
2021-07-22,USD,1.0
2021-07-23,EUR,1.1767
2021-07-23,GBP,1.37556551
2021-07-23,JPY,0.00904389
2021-07-23,TRY,0.11699959
2021-07-23,USD,1.0
2021-07-24,EUR,1.1767
2021-07-24,GBP,1.37556551
2021-07-24,JPY,0.00904389
2021-07-24,TRY,0.11699959
2021-07-24,USD,1.0
2021-07-25,EUR,1.1767
2021-07-25,GBP,1.37556551
2021-07-25,JPY,0.00904389
2021-07-25,TRY,0.11699959
2021-07-25,USD,1.0
2021-07-26,EUR,1.1787
2021-07-26,GBP,1.37911265
2021-07-26,JPY,0.00906344
2021-07-26,TRY,0.11673418
2021-07-26,USD,1.0
2021-07-27,EUR,1.181
2021-07-27,GBP,1.38123809
2021-07-27,JPY,0.00908601
2021-07-27,TRY,0.11684971
2021-07-27,USD,1.0
2021-07-28,EUR,1.1807
2021-07-28,GBP,1.38750808
2021-07-28,JPY,0.0090844
2021-07-28,TRY,0.11693225
2021-07-28,USD,1.0
2021-07-29,EUR,1.1873
2021-07-29,GBP,1.39551011
2021-07-29,JPY,0.00910436
2021-07-29,TRY,0.11772813
2021-07-29,USD,1.0
2021-07-30,EUR,1.1891
2021-07-30,GBP,1.39664083
2021-07-30,JPY,0.00911956
2021-07-30,TRY,0.11892784
2021-07-30,USD,1.0
2021-07-31,EUR,1.1891
2021-07-31,GBP,1.39664083
2021-07-31,JPY,0.00911956
2021-07-31,TRY,0.11892784
2021-07-31,USD,1.0
2021-08-01,EUR,1.1891
2021-08-01,GBP,1.39664083
2021-08-01,JPY,0.00911956
2021-08-01,TRY,0.11892784
2021-08-01,USD,1.0
2021-08-02,EUR,1.1886
2021-08-02,GBP,1.38907068
2021-08-02,JPY,0.00913114
2021-08-02,TRY,0.1198415
2021-08-02,USD,1.0
2021-08-03,EUR,1.1885
2021-08-03,GBP,1.39241989
2021-08-03,JPY,0.00916345
2021-08-03,TRY,0.11935607
2021-08-03,USD,1.0
2021-08-04,EUR,1.1861
2021-08-04,GBP,1.39290454
2021-08-04,JPY,0.00917253
2021-08-04,TRY,0.11847376
2021-08-04,USD,1.0
2021-08-05,EUR,1.185
2021-08-05,GBP,1.39313426
2021-08-05,JPY,0.00913013
2021-08-05,TRY,0.11714695
2021-08-05,USD,1.0
2021-08-06,EUR,1.1807
2021-08-06,GBP,1.39167845
2021-08-06,JPY,0.00910753
2021-08-06,TRY,0.11645707
2021-08-06,USD,1.0
2021-08-07,EUR,1.1807
2021-08-07,GBP,1.39167845
2021-08-07,JPY,0.00910753
2021-08-07,TRY,0.11645707
2021-08-07,USD,1.0
2021-08-08,EUR,1.1807
2021-08-08,GBP,1.39167845
2021-08-08,JPY,0.00910753
2021-08-08,TRY,0.11645707
2021-08-08,USD,1.0
2021-08-09,EUR,1.1761
2021-08-09,GBP,1.38781049
2021-08-09,JPY,0.00908185
2021-08-09,TRY,0.11566794
2021-08-09,USD,1.0
2021-08-10,EUR,1.1722
2021-08-10,GBP,1.38610349
2021-08-10,JPY,0.00905314
2021-08-10,TRY,0.11627469
2021-08-10,USD,1.0
2021-08-11,EUR,1.1718
2021-08-11,GBP,1.38350374
2021-08-11,JPY,0.00903609
2021-08-11,TRY,0.11548582
2021-08-11,USD,1.0
2021-08-12,EUR,1.1739
2021-08-12,GBP,1.38524716
2021-08-12,JPY,0.00905717
2021-08-12,TRY,0.1167444
2021-08-12,USD,1.0
2021-08-13,EUR,1.1765
2021-08-13,GBP,1.38260491
2021-08-13,JPY,0.00907513
2021-08-13,TRY,0.11689254
2021-08-13,USD,1.0
2021-08-14,EUR,1.1765
2021-08-14,GBP,1.38260491
2021-08-14,JPY,0.00907513
2021-08-14,TRY,0.11689254
2021-08-14,USD,1.0
2021-08-15,EUR,1.1765
2021-08-15,GBP,1.38260491
2021-08-15,JPY,0.00907513
2021-08-15,TRY,0.11689254
2021-08-15,USD,1.0
2021-08-16,EUR,1.1772
2021-08-16,GBP,1.38701354
2021-08-16,JPY,0.0091433
2021-08-16,TRY,0.11805409
2021-08-16,USD,1.0
2021-08-17,EUR,1.1767
2021-08-17,GBP,1.37911231
2021-08-17,JPY,0.00915221
2021-08-17,TRY,0.11872307
2021-08-17,USD,1.0
2021-08-18,EUR,1.1723
2021-08-18,GBP,1.37621356
2021-08-18,JPY,0.0091109
2021-08-18,TRY,0.11796136
2021-08-18,USD,1.0
2021-08-19,EUR,1.1696
2021-08-19,GBP,1.36758533
2021-08-19,JPY,0.00912253
2021-08-19,TRY,0.11727547
2021-08-19,USD,1.0
2021-08-20,EUR,1.1671
2021-08-20,GBP,1.36104956
2021-08-20,JPY,0.00912011
2021-08-20,TRY,0.11721284
2021-08-20,USD,1.0
2021-08-21,EUR,1.1671
2021-08-21,GBP,1.36104956
2021-08-21,JPY,0.00912011
2021-08-21,TRY,0.11721284
2021-08-21,USD,1.0
2021-08-22,EUR,1.1671
2021-08-22,GBP,1.36104956
2021-08-22,JPY,0.00912011
2021-08-22,TRY,0.11721284
2021-08-22,USD,1.0
2021-08-23,EUR,1.1718
2021-08-23,GBP,1.36836574
2021-08-23,JPY,0.00908231
2021-08-23,TRY,0.11818457
2021-08-23,USD,1.0
2021-08-24,EUR,1.174
2021-08-24,GBP,1.3718479
2021-08-24,JPY,0.00911915
2021-08-24,TRY,0.11878263
2021-08-24,USD,1.0
2021-08-25,EUR,1.1736
2021-08-25,GBP,1.37118822
2021-08-25,JPY,0.00909767
2021-08-25,TRY,0.11880106
2021-08-25,USD,1.0
2021-08-26,EUR,1.1767
2021-08-26,GBP,1.37275718
2021-08-26,JPY,0.00907948
2021-08-26,TRY,0.1195226
2021-08-26,USD,1.0
2021-08-27,EUR,1.1761
2021-08-27,GBP,1.37229735
2021-08-27,JPY,0.00907555
2021-08-27,TRY,0.11902762
2021-08-27,USD,1.0
2021-08-28,EUR,1.1761
2021-08-28,GBP,1.37229735
2021-08-28,JPY,0.00907555
2021-08-28,TRY,0.11902762
2021-08-28,USD,1.0
2021-08-29,EUR,1.1761
2021-08-29,GBP,1.37229735
2021-08-29,JPY,0.00907555
2021-08-29,TRY,0.11902762
2021-08-29,USD,1.0
2021-08-30,EUR,1.1801
2021-08-30,GBP,1.37624201
2021-08-30,JPY,0.0091015
2021-08-30,TRY,0.11931169
2021-08-30,USD,1.0
2021-08-31,EUR,1.1834
2021-08-31,GBP,1.37804949
2021-08-31,JPY,0.00910658
2021-08-31,TRY,0.12037433
2021-08-31,USD,1.0
2021-09-01,EUR,1.1817
2021-09-01,GBP,1.37626219
2021-09-01,JPY,0.00906559
2021-09-01,TRY,0.12060009
2021-09-01,USD,1.0
2021-09-02,EUR,1.1846
2021-09-02,GBP,1.37880463
2021-09-02,JPY,0.00909063
2021-09-02,TRY,0.12094913
2021-09-02,USD,1.0
2021-09-03,EUR,1.1872
2021-09-03,GBP,1.38303821
2021-09-03,JPY,0.00909453
2021-09-03,TRY,0.12043744
2021-09-03,USD,1.0
2021-09-04,EUR,1.1872
2021-09-04,GBP,1.38303821
2021-09-04,JPY,0.00909453
2021-09-04,TRY,0.12043744
2021-09-04,USD,1.0
2021-09-05,EUR,1.1872
2021-09-05,GBP,1.38303821
2021-09-05,JPY,0.00909453
2021-09-05,TRY,0.12043744
2021-09-05,USD,1.0
2021-09-06,EUR,1.1864
2021-09-06,GBP,1.38420254
2021-09-06,JPY,0.00910235
2021-09-06,TRY,0.12081589
2021-09-06,USD,1.0
2021-09-07,EUR,1.186
2021-09-07,GBP,1.37722813
2021-09-07,JPY,0.00908743
2021-09-07,TRY,0.12011951
2021-09-07,USD,1.0
2021-09-08,EUR,1.1827
2021-09-08,GBP,1.37726643
2021-09-08,JPY,0.00907605
2021-09-08,TRY,0.11839905
2021-09-08,USD,1.0
2021-09-09,EUR,1.1838
2021-09-09,GBP,1.38367132
2021-09-09,JPY,0.00909915
2021-09-09,TRY,0.11805888
2021-09-09,USD,1.0
2021-09-10,EUR,1.1841
2021-09-10,GBP,1.3888107
2021-09-10,JPY,0.00910636
2021-09-10,TRY,0.1189357
2021-09-10,USD,1.0
2021-09-11,EUR,1.1841
2021-09-11,GBP,1.3888107
2021-09-11,JPY,0.00910636
2021-09-11,TRY,0.1189357
2021-09-11,USD,1.0
2021-09-12,EUR,1.1841
2021-09-12,GBP,1.3888107
2021-09-12,JPY,0.00910636
2021-09-12,TRY,0.1189357
2021-09-12,USD,1.0
2021-09-13,EUR,1.178
2021-09-13,GBP,1.38392857
2021-09-13,JPY,0.0090881
2021-09-13,TRY,0.11843005
2021-09-13,USD,1.0
2021-09-14,EUR,1.1814
2021-09-14,GBP,1.38564391
2021-09-14,JPY,0.0090821
2021-09-14,TRY,0.11831985
2021-09-14,USD,1.0
2021-09-15,EUR,1.1824
2021-09-15,GBP,1.38276225
2021-09-15,JPY,0.00915808
2021-09-15,TRY,0.11851377
2021-09-15,USD,1.0
2021-09-16,EUR,1.1763
2021-09-16,GBP,1.38347545
2021-09-16,JPY,0.00914199
2021-09-16,TRY,0.11802775
2021-09-16,USD,1.0
2021-09-17,EUR,1.178
2021-09-17,GBP,1.37998899
2021-09-17,JPY,0.0090888
2021-09-17,TRY,0.11626186
2021-09-17,USD,1.0
2021-09-18,EUR,1.178
2021-09-18,GBP,1.37998899
2021-09-18,JPY,0.0090888
2021-09-18,TRY,0.11626186
2021-09-18,USD,1.0
2021-09-19,EUR,1.178
2021-09-19,GBP,1.37998899
2021-09-19,JPY,0.0090888
2021-09-19,TRY,0.11626186
2021-09-19,USD,1.0
2021-09-20,EUR,1.1711
2021-09-20,GBP,1.36643136
2021-09-20,JPY,0.00913637
2021-09-20,TRY,0.11536567
2021-09-20,USD,1.0
2021-09-21,EUR,1.1738
2021-09-21,GBP,1.36718886
2021-09-21,JPY,0.00914602
2021-09-21,TRY,0.11554742
2021-09-21,USD,1.0
2021-09-22,EUR,1.1729
2021-09-22,GBP,1.36383721
2021-09-22,JPY,0.00912763
2021-09-22,TRY,0.11553047
2021-09-22,USD,1.0
2021-09-23,EUR,1.1715
2021-09-23,GBP,1.37025557
2021-09-23,JPY,0.00908985
2021-09-23,TRY,0.1143373
2021-09-23,USD,1.0
2021-09-24,EUR,1.1719
2021-09-24,GBP,1.36739671
2021-09-24,JPY,0.00905012
2021-09-24,TRY,0.11312868
2021-09-24,USD,1.0
2021-09-25,EUR,1.1719
2021-09-25,GBP,1.36739671
2021-09-25,JPY,0.00905012
2021-09-25,TRY,0.11312868
2021-09-25,USD,1.0
2021-09-26,EUR,1.1719
2021-09-26,GBP,1.36739671
2021-09-26,JPY,0.00905012
2021-09-26,TRY,0.11312868
2021-09-26,USD,1.0
2021-09-27,EUR,1.1698
2021-09-27,GBP,1.36946851
2021-09-27,JPY,0.00901649
2021-09-27,TRY,0.11305583
2021-09-27,USD,1.0
2021-09-28,EUR,1.1678
2021-09-28,GBP,1.35869692
2021-09-28,JPY,0.00897135
2021-09-28,TRY,0.1126296
2021-09-28,USD,1.0
2021-09-29,EUR,1.1654
2021-09-29,GBP,1.34817163
2021-09-29,JPY,0.00897221
2021-09-29,TRY,0.11296138
2021-09-29,USD,1.0
2021-09-30,EUR,1.1579
2021-09-30,GBP,1.3455661
2021-09-30,JPY,0.00892959
2021-09-30,TRY,0.11243822
2021-09-30,USD,1.0
2021-10-01,EUR,1.16
2021-10-01,GBP,1.35430166
2021-10-01,JPY,0.00899434
2021-10-01,TRY,0.11307917
2021-10-01,USD,1.0
2021-10-02,EUR,1.16
2021-10-02,GBP,1.35430166
2021-10-02,JPY,0.00899434
2021-10-02,TRY,0.11307917
2021-10-02,USD,1.0
2021-10-03,EUR,1.16
2021-10-03,GBP,1.35430166
2021-10-03,JPY,0.00899434
2021-10-03,TRY,0.11307917
2021-10-03,USD,1.0
2021-10-04,EUR,1.1636
2021-10-04,GBP,1.36045832
2021-10-04,JPY,0.00900549
2021-10-04,TRY,0.11317305
2021-10-04,USD,1.0
2021-10-05,EUR,1.1602
2021-10-05,GBP,1.36216876
2021-10-05,JPY,0.0089945
2021-10-05,TRY,0.11296212
2021-10-05,USD,1.0
2021-10-06,EUR,1.1542
2021-10-06,GBP,1.35836177
2021-10-06,JPY,0.0089807
2021-10-06,TRY,0.11227408
2021-10-06,USD,1.0
2021-10-07,EUR,1.1562
2021-10-07,GBP,1.35986733
2021-10-07,JPY,0.0089781
2021-10-07,TRY,0.11269665
2021-10-07,USD,1.0
2021-10-08,EUR,1.1569
2021-10-08,GBP,1.36282248
2021-10-08,JPY,0.00894603
2021-10-08,TRY,0.11220056
2021-10-08,USD,1.0
2021-10-09,EUR,1.1569
2021-10-09,GBP,1.36282248
2021-10-09,JPY,0.00894603
2021-10-09,TRY,0.11220056
2021-10-09,USD,1.0
2021-10-10,EUR,1.1569
2021-10-10,GBP,1.36282248
2021-10-10,JPY,0.00894603
2021-10-10,TRY,0.11220056
2021-10-10,USD,1.0
2021-10-11,EUR,1.1574
2021-10-11,GBP,1.36360423
2021-10-11,JPY,0.00885539
2021-10-11,TRY,0.11158244
2021-10-11,USD,1.0
2021-10-12,EUR,1.1555
2021-10-12,GBP,1.3633414
2021-10-12,JPY,0.00881657
2021-10-12,TRY,0.11105878
2021-10-12,USD,1.0
2021-10-13,EUR,1.1562
2021-10-13,GBP,1.36186954
2021-10-13,JPY,0.00880579
2021-10-13,TRY,0.1102897
2021-10-13,USD,1.0
2021-10-14,EUR,1.1602
2021-10-14,GBP,1.37110307
2021-10-14,JPY,0.00881276
2021-10-14,TRY,0.10934555
2021-10-14,USD,1.0
2021-10-15,EUR,1.1602
2021-10-15,GBP,1.37516594
2021-10-15,JPY,0.00874632
2021-10-15,TRY,0.10829631
2021-10-15,USD,1.0
2021-10-16,EUR,1.1602
2021-10-16,GBP,1.37516594
2021-10-16,JPY,0.00874632
2021-10-16,TRY,0.10829631
2021-10-16,USD,1.0
2021-10-17,EUR,1.1602
2021-10-17,GBP,1.37516594
2021-10-17,JPY,0.00874632
2021-10-17,TRY,0.10829631
2021-10-17,USD,1.0
2021-10-18,EUR,1.1604
2021-10-18,GBP,1.37426277
2021-10-18,JPY,0.00876038
2021-10-18,TRY,0.10770373
2021-10-18,USD,1.0
2021-10-19,EUR,1.1655
2021-10-19,GBP,1.38297241
2021-10-19,JPY,0.00875526
2021-10-19,TRY,0.1074352
2021-10-19,USD,1.0
2021-10-20,EUR,1.1623
2021-10-20,GBP,1.37545413
2021-10-20,JPY,0.00875358
2021-10-20,TRY,0.10779904
2021-10-20,USD,1.0
2021-10-21,EUR,1.1637
2021-10-21,GBP,1.38059082
2021-10-21,JPY,0.0087595
2021-10-21,TRY,0.1060986
2021-10-21,USD,1.0
2021-10-22,EUR,1.163
2021-10-22,GBP,1.37845206
2021-10-22,JPY,0.008782
2021-10-22,TRY,0.10399714
2021-10-22,USD,1.0
2021-10-23,EUR,1.163
2021-10-23,GBP,1.37845206
2021-10-23,JPY,0.008782
2021-10-23,TRY,0.10399714
2021-10-23,USD,1.0
2021-10-24,EUR,1.163
2021-10-24,GBP,1.37845206
2021-10-24,JPY,0.008782
2021-10-24,TRY,0.10399714
2021-10-24,USD,1.0
2021-10-25,EUR,1.1603
2021-10-25,GBP,1.37508888
2021-10-25,JPY,0.00879815
2021-10-25,TRY,0.10338406
2021-10-25,USD,1.0
2021-10-26,EUR,1.1618
2021-10-26,GBP,1.38017059
2021-10-26,JPY,0.00877029
2021-10-26,TRY,0.10586456
2021-10-26,USD,1.0
2021-10-27,EUR,1.1617
2021-10-27,GBP,1.37430498
2021-10-27,JPY,0.00880076
2021-10-27,TRY,0.10544326
2021-10-27,USD,1.0
2021-10-28,EUR,1.1593
2021-10-28,GBP,1.37401775
2021-10-28,JPY,0.00880258
2021-10-28,TRY,0.10403374
2021-10-28,USD,1.0
2021-10-29,EUR,1.1645
2021-10-29,GBP,1.37826962
2021-10-29,JPY,0.00878073
2021-10-29,TRY,0.10453978
2021-10-29,USD,1.0
2021-10-30,EUR,1.1645
2021-10-30,GBP,1.37826962
2021-10-30,JPY,0.00878073
2021-10-30,TRY,0.10453978
2021-10-30,USD,1.0
2021-10-31,EUR,1.1645
2021-10-31,GBP,1.37826962
2021-10-31,JPY,0.00878073
2021-10-31,TRY,0.10453978
2021-10-31,USD,1.0
2021-11-01,EUR,1.1578
2021-11-01,GBP,1.36896246
2021-11-01,JPY,0.00875861
2021-11-01,TRY,0.10506161
2021-11-01,USD,1.0
2021-11-02,EUR,1.1603
2021-11-02,GBP,1.36578188
2021-11-02,JPY,0.00878815
2021-11-02,TRY,0.10485649
2021-11-02,USD,1.0
2021-11-03,EUR,1.1578
2021-11-03,GBP,1.36495998
2021-11-03,JPY,0.00877786
2021-11-03,TRY,0.10317326
2021-11-03,USD,1.0
2021-11-04,EUR,1.1569
2021-11-04,GBP,1.35547745
2021-11-04,JPY,0.00877969
2021-11-04,TRY,0.10283281
2021-11-04,USD,1.0
2021-11-05,EUR,1.1519
2021-11-05,GBP,1.34654276
2021-11-05,JPY,0.00879447
2021-11-05,TRY,0.10297878
2021-11-05,USD,1.0
2021-11-06,EUR,1.1519
2021-11-06,GBP,1.34654276
2021-11-06,JPY,0.00879447
2021-11-06,TRY,0.10297878
2021-11-06,USD,1.0
2021-11-07,EUR,1.1519
2021-11-07,GBP,1.34654276
2021-11-07,JPY,0.00879447
2021-11-07,TRY,0.10297878
2021-11-07,USD,1.0
2021-11-08,EUR,1.1579
2021-11-08,GBP,1.35461756
2021-11-08,JPY,0.00881941
2021-11-08,TRY,0.10266709
2021-11-08,USD,1.0
2021-11-09,EUR,1.1577
2021-11-09,GBP,1.35593816
2021-11-09,JPY,0.00884416
2021-11-09,TRY,0.10281071
2021-11-09,USD,1.0
2021-11-10,EUR,1.1558
2021-11-10,GBP,1.35105438
2021-11-10,JPY,0.00882964
2021-11-10,TRY,0.10177611
2021-11-10,USD,1.0
2021-11-11,EUR,1.146
2021-11-11,GBP,1.33975543
2021-11-11,JPY,0.00877556
2021-11-11,TRY,0.10087584
2021-11-11,USD,1.0
2021-11-12,EUR,1.1448
2021-11-12,GBP,1.33886907
2021-11-12,JPY,0.00877241
2021-11-12,TRY,0.10043251
2021-11-12,USD,1.0
2021-11-13,EUR,1.1448
2021-11-13,GBP,1.33886907
2021-11-13,JPY,0.00877241
2021-11-13,TRY,0.10043251
2021-11-13,USD,1.0
2021-11-14,EUR,1.1448
2021-11-14,GBP,1.33886907
2021-11-14,JPY,0.00877241
2021-11-14,TRY,0.10043251
2021-11-14,USD,1.0
2021-11-15,EUR,1.1444
2021-11-15,GBP,1.3437445
2021-11-15,JPY,0.00878146
2021-11-15,TRY,0.09982293
2021-11-15,USD,1.0
2021-11-16,EUR,1.1368
2021-11-16,GBP,1.34480026
2021-11-16,JPY,0.00875202
2021-11-16,TRY,0.09798311
2021-11-16,USD,1.0
2021-11-17,EUR,1.1316
2021-11-17,GBP,1.34570103
2021-11-17,JPY,0.00871937
2021-11-17,TRY,0.09541235
2021-11-17,USD,1.0
2021-11-18,EUR,1.1345
2021-11-18,GBP,1.34781937
2021-11-18,JPY,0.00875521
2021-11-18,TRY,0.09038256
2021-11-18,USD,1.0
2021-11-19,EUR,1.1271
2021-11-19,GBP,1.3429368
2021-11-19,JPY,0.00879036
2021-11-19,TRY,0.08999018
2021-11-19,USD,1.0
2021-11-20,EUR,1.1271
2021-11-20,GBP,1.3429368
2021-11-20,JPY,0.00879036
2021-11-20,TRY,0.08999018
2021-11-20,USD,1.0
2021-11-21,EUR,1.1271
2021-11-21,GBP,1.3429368
2021-11-21,JPY,0.00879036
2021-11-21,TRY,0.08999018
2021-11-21,USD,1.0
2021-11-22,EUR,1.1278
2021-11-22,GBP,1.34385091
2021-11-22,JPY,0.0087637
2021-11-22,TRY,0.08900358
2021-11-22,USD,1.0
2021-11-23,EUR,1.1259
2021-11-23,GBP,1.33741165
2021-11-23,JPY,0.00870362
2021-11-23,TRY,0.07967815
2021-11-23,USD,1.0
2021-11-24,EUR,1.1206
2021-11-24,GBP,1.33508072
2021-11-24,JPY,0.00868278
2021-11-24,TRY,0.08299388
2021-11-24,USD,1.0
2021-11-25,EUR,1.1223
2021-11-25,GBP,1.33139569
2021-11-25,JPY,0.00867244
2021-11-25,TRY,0.08329437
2021-11-25,USD,1.0
2021-11-26,EUR,1.1291
2021-11-26,GBP,1.33431813
2021-11-26,JPY,0.00876494
2021-11-26,TRY,0.08203165
2021-11-26,USD,1.0
2021-11-27,EUR,1.1291
2021-11-27,GBP,1.33431813
2021-11-27,JPY,0.00876494
2021-11-27,TRY,0.08203165
2021-11-27,USD,1.0
2021-11-28,EUR,1.1291
2021-11-28,GBP,1.33431813
2021-11-28,JPY,0.00876494
2021-11-28,TRY,0.08203165
2021-11-28,USD,1.0
2021-11-29,EUR,1.1276
2021-11-29,GBP,1.33312841
2021-11-29,JPY,0.00879495
2021-11-29,TRY,0.07876172
2021-11-29,USD,1.0
2021-11-30,EUR,1.1363
2021-11-30,GBP,1.33410823
2021-11-30,JPY,0.00886349
2021-11-30,TRY,0.0760871
2021-11-30,USD,1.0
2021-12-01,EUR,1.1314
2021-12-01,GBP,1.33105882
2021-12-01,JPY,0.00882046
2021-12-01,TRY,0.07459911
2021-12-01,USD,1.0
2021-12-02,EUR,1.1339
2021-12-02,GBP,1.33188465
2021-12-02,JPY,0.00886275
2021-12-02,TRY,0.07414164
2021-12-02,USD,1.0
2021-12-03,EUR,1.1291
2021-12-03,GBP,1.32760324
2021-12-03,JPY,0.00882316
2021-12-03,TRY,0.07231748
2021-12-03,USD,1.0
2021-12-04,EUR,1.1291
2021-12-04,GBP,1.32760324
2021-12-04,JPY,0.00882316
2021-12-04,TRY,0.07231748
2021-12-04,USD,1.0
2021-12-05,EUR,1.1291
2021-12-05,GBP,1.32760324
2021-12-05,JPY,0.00882316
2021-12-05,TRY,0.07231748
2021-12-05,USD,1.0
2021-12-06,EUR,1.1287
2021-12-06,GBP,1.32588573
2021-12-06,JPY,0.00883315
2021-12-06,TRY,0.07251899
2021-12-06,USD,1.0
2021-12-07,EUR,1.1256
2021-12-07,GBP,1.32527993
2021-12-07,JPY,0.00880544
2021-12-07,TRY,0.07323834
2021-12-07,USD,1.0
2021-12-08,EUR,1.1299
2021-12-08,GBP,1.31993038
2021-12-08,JPY,0.00878821
2021-12-08,TRY,0.07299284
2021-12-08,USD,1.0
2021-12-09,EUR,1.1311
2021-12-09,GBP,1.3192209
2021-12-09,JPY,0.00882224
2021-12-09,TRY,0.07242516
2021-12-09,USD,1.0
2021-12-10,EUR,1.1273
2021-12-10,GBP,1.32071935
2021-12-10,JPY,0.00879329
2021-12-10,TRY,0.07184465
2021-12-10,USD,1.0
2021-12-11,EUR,1.1273
2021-12-11,GBP,1.32071935
2021-12-11,JPY,0.00879329
2021-12-11,TRY,0.07184465
2021-12-11,USD,1.0
2021-12-12,EUR,1.1273
2021-12-12,GBP,1.32071935
2021-12-12,JPY,0.00879329
2021-12-12,TRY,0.07184465
2021-12-12,USD,1.0
2021-12-13,EUR,1.1278
2021-12-13,GBP,1.32436177
2021-12-13,JPY,0.00879788
2021-12-13,TRY,0.07025697
2021-12-13,USD,1.0
2021-12-14,EUR,1.1309
2021-12-14,GBP,1.32509227
2021-12-14,JPY,0.0088042
2021-12-14,TRY,0.06976902
2021-12-14,USD,1.0
2021-12-15,EUR,1.1262
2021-12-15,GBP,1.325253
2021-12-15,JPY,0.00878129
2021-12-15,TRY,0.06800232
2021-12-15,USD,1.0
2021-12-16,EUR,1.1336
2021-12-16,GBP,1.33624094
2021-12-16,JPY,0.00876246
2021-12-16,TRY,0.06447356
2021-12-16,USD,1.0
2021-12-17,EUR,1.133
2021-12-17,GBP,1.32968735
2021-12-17,JPY,0.00883224
2021-12-17,TRY,0.05927127
2021-12-17,USD,1.0
2021-12-18,EUR,1.133
2021-12-18,GBP,1.32968735
2021-12-18,JPY,0.00883224
2021-12-18,TRY,0.05927127
2021-12-18,USD,1.0
2021-12-19,EUR,1.133
2021-12-19,GBP,1.32968735
2021-12-19,JPY,0.00883224
2021-12-19,TRY,0.05927127
2021-12-19,USD,1.0
2021-12-20,EUR,1.1273
2021-12-20,GBP,1.32304442
2021-12-20,JPY,0.00880841
2021-12-20,TRY,0.05624295
2021-12-20,USD,1.0
2021-12-21,EUR,1.1295
2021-12-21,GBP,1.3244606
2021-12-21,JPY,0.00879399
2021-12-21,TRY,0.0767678
2021-12-21,USD,1.0
2021-12-22,EUR,1.1301
2021-12-22,GBP,1.33109541
2021-12-22,JPY,0.00875504
2021-12-22,TRY,0.08030898
2021-12-22,USD,1.0
2021-12-23,EUR,1.131
2021-12-23,GBP,1.34278387
2021-12-23,JPY,0.00874102
2021-12-23,TRY,0.08938945
2021-12-23,USD,1.0
2021-12-24,EUR,1.1317
2021-12-24,GBP,1.34105156
2021-12-24,JPY,0.00874237
2021-12-24,TRY,0.08547454
2021-12-24,USD,1.0
2021-12-25,EUR,1.1317
2021-12-25,GBP,1.34105156
2021-12-25,JPY,0.00874237
2021-12-25,TRY,0.08547454
2021-12-25,USD,1.0
2021-12-26,EUR,1.1317
2021-12-26,GBP,1.34105156
2021-12-26,JPY,0.00874237
2021-12-26,TRY,0.08547454
2021-12-26,USD,1.0
2021-12-27,EUR,1.1312
2021-12-27,GBP,1.34139689
2021-12-27,JPY,0.00871562
2021-12-27,TRY,0.0883067
2021-12-27,USD,1.0
2021-12-28,EUR,1.1331
2021-12-28,GBP,1.34495774
2021-12-28,JPY,0.00870544
2021-12-28,TRY,0.08486306
2021-12-28,USD,1.0
2021-12-29,EUR,1.1303
2021-12-29,GBP,1.34375557
2021-12-29,JPY,0.00869662
2021-12-29,TRY,0.07986575
2021-12-29,USD,1.0
2021-12-30,EUR,1.1334
2021-12-30,GBP,1.35041106
2021-12-30,JPY,0.00868905
2021-12-30,TRY,0.07700565
2021-12-30,USD,1.0
2021-12-31,EUR,1.1326
2021-12-31,GBP,1.34788404
2021-12-31,JPY,0.00868692
2021-12-31,TRY,0.0743493
2021-12-31,USD,1.0
2022-01-01,EUR,1.1326
2022-01-01,GBP,1.34788404
2022-01-01,JPY,0.00868692
2022-01-01,TRY,0.0743493
2022-01-01,USD,1.0
2022-01-02,EUR,1.1326
2022-01-02,GBP,1.34788404
2022-01-02,JPY,0.00868692
2022-01-02,TRY,0.0743493
2022-01-02,USD,1.0
2022-01-03,EUR,1.1355
2022-01-03,GBP,1.34961669
2022-01-03,JPY,0.00869715
2022-01-03,TRY,0.07530989
2022-01-03,USD,1.0
2022-01-04,EUR,1.1279
2022-01-04,GBP,1.34887225
2022-01-04,JPY,0.00859876
2022-01-04,TRY,0.07450589
2022-01-04,USD,1.0
2022-01-05,EUR,1.1319
2022-01-05,GBP,1.35482249
2022-01-05,JPY,0.00863848
2022-01-05,TRY,0.07424924
2022-01-05,USD,1.0
2022-01-06,EUR,1.1315
2022-01-06,GBP,1.35358224
2022-01-06,JPY,0.00863411
2022-01-06,TRY,0.0727634
2022-01-06,USD,1.0
2022-01-07,EUR,1.1298
2022-01-07,GBP,1.35418914
2022-01-07,JPY,0.00863102
2022-01-07,TRY,0.07186749
2022-01-07,USD,1.0
2022-01-08,EUR,1.1298
2022-01-08,GBP,1.35418914
2022-01-08,JPY,0.00863102
2022-01-08,TRY,0.07186749
2022-01-08,USD,1.0
2022-01-09,EUR,1.1298
2022-01-09,GBP,1.35418914
2022-01-09,JPY,0.00863102
2022-01-09,TRY,0.07186749
2022-01-09,USD,1.0
2022-01-10,EUR,1.1318
2022-01-10,GBP,1.35710689
2022-01-10,JPY,0.00867612
2022-01-10,TRY,0.07200524
2022-01-10,USD,1.0
2022-01-11,EUR,1.1336
2022-01-11,GBP,1.35801138
2022-01-11,JPY,0.00865674
2022-01-11,TRY,0.07222222
2022-01-11,USD,1.0
2022-01-12,EUR,1.137
2022-01-12,GBP,1.3643236
2022-01-12,JPY,0.00866682
2022-01-12,TRY,0.07292108
2022-01-12,USD,1.0
2022-01-13,EUR,1.1463
2022-01-13,GBP,1.37207493
2022-01-13,JPY,0.00875172
2022-01-13,TRY,0.07360155
2022-01-13,USD,1.0
2022-01-14,EUR,1.1447
2022-01-14,GBP,1.37076687
2022-01-14,JPY,0.00879388
2022-01-14,TRY,0.07372984
2022-01-14,USD,1.0
2022-01-15,EUR,1.1447
2022-01-15,GBP,1.37076687
2022-01-15,JPY,0.00879388
2022-01-15,TRY,0.07372984
2022-01-15,USD,1.0
2022-01-16,EUR,1.1447
2022-01-16,GBP,1.37076687
2022-01-16,JPY,0.00879388
2022-01-16,TRY,0.07372984
2022-01-16,USD,1.0
2022-01-17,EUR,1.1403
2022-01-17,GBP,1.36443588
2022-01-17,JPY,0.00872857
2022-01-17,TRY,0.07464797
2022-01-17,USD,1.0
2022-01-18,EUR,1.1367
2022-01-18,GBP,1.35850274
2022-01-18,JPY,0.00871769
2022-01-18,TRY,0.07359806
2022-01-18,USD,1.0
2022-01-19,EUR,1.1345
2022-01-19,GBP,1.36410639
2022-01-19,JPY,0.00873633
2022-01-19,TRY,0.07356994
2022-01-19,USD,1.0
2022-01-20,EUR,1.1338
2022-01-20,GBP,1.36167657
2022-01-20,JPY,0.00875318
2022-01-20,TRY,0.074546
2022-01-20,USD,1.0
2022-01-21,EUR,1.1348
2022-01-21,GBP,1.35688066
2022-01-21,JPY,0.00878736
2022-01-21,TRY,0.0745451
2022-01-21,USD,1.0
2022-01-22,EUR,1.1348
2022-01-22,GBP,1.35688066
2022-01-22,JPY,0.00878736
2022-01-22,TRY,0.0745451
2022-01-22,USD,1.0
2022-01-23,EUR,1.1348
2022-01-23,GBP,1.35688066
2022-01-23,JPY,0.00878736
2022-01-23,TRY,0.0745451
2022-01-23,USD,1.0
2022-01-24,EUR,1.1304
2022-01-24,GBP,1.34887773
2022-01-24,JPY,0.00878868
2022-01-24,TRY,0.07455432
2022-01-24,USD,1.0
2022-01-25,EUR,1.1268
2022-01-25,GBP,1.3460275
2022-01-25,JPY,0.00876955
2022-01-25,TRY,0.07378064
2022-01-25,USD,1.0
2022-01-26,EUR,1.1277
2022-01-26,GBP,1.35121858
2022-01-26,JPY,0.00875136
2022-01-26,TRY,0.07376518
2022-01-26,USD,1.0
2022-01-27,EUR,1.116
2022-01-27,GBP,1.33864312
2022-01-27,JPY,0.00866863
2022-01-27,TRY,0.07344715
2022-01-27,USD,1.0
2022-01-28,EUR,1.1138
2022-01-28,GBP,1.339056
2022-01-28,JPY,0.00865558
2022-01-28,TRY,0.07355505
2022-01-28,USD,1.0
2022-01-29,EUR,1.1138
2022-01-29,GBP,1.339056
2022-01-29,JPY,0.00865558
2022-01-29,TRY,0.07355505
2022-01-29,USD,1.0
2022-01-30,EUR,1.1138
2022-01-30,GBP,1.339056
2022-01-30,JPY,0.00865558
2022-01-30,TRY,0.07355505
2022-01-30,USD,1.0
2022-01-31,EUR,1.1156
2022-01-31,GBP,1.34162327
2022-01-31,JPY,0.00866216
2022-01-31,TRY,0.07471703
2022-01-31,USD,1.0
2022-02-01,EUR,1.126
2022-02-01,GBP,1.34853529
2022-02-01,JPY,0.00872057
2022-02-01,TRY,0.07474576
2022-02-01,USD,1.0
2022-02-02,EUR,1.1323
2022-02-02,GBP,1.35775526
2022-02-02,JPY,0.00875242
2022-02-02,TRY,0.07400122
2022-02-02,USD,1.0
2022-02-03,EUR,1.1286
2022-02-03,GBP,1.35635997
2022-02-03,JPY,0.00870632
2022-02-03,TRY,0.07374205
2022-02-03,USD,1.0
2022-02-04,EUR,1.1464
2022-02-04,GBP,1.35519487
2022-02-04,JPY,0.00870331
2022-02-04,TRY,0.07392695
2022-02-04,USD,1.0
2022-02-05,EUR,1.1464
2022-02-05,GBP,1.35519487
2022-02-05,JPY,0.00870331
2022-02-05,TRY,0.07392695
2022-02-05,USD,1.0
2022-02-06,EUR,1.1464
2022-02-06,GBP,1.35519487
2022-02-06,JPY,0.00870331
2022-02-06,TRY,0.07392695
2022-02-06,USD,1.0
2022-02-07,EUR,1.1447
2022-02-07,GBP,1.35171518
2022-02-07,JPY,0.00869899
2022-02-07,TRY,0.07373981
2022-02-07,USD,1.0
2022-02-08,EUR,1.1408
2022-02-08,GBP,1.35225158
2022-02-08,JPY,0.00866343
2022-02-08,TRY,0.07333599
2022-02-08,USD,1.0
2022-02-09,EUR,1.1435
2022-02-09,GBP,1.35718948
2022-02-09,JPY,0.00866025
2022-02-09,TRY,0.07353225
2022-02-09,USD,1.0
2022-02-10,EUR,1.1439
2022-02-10,GBP,1.35777704
2022-02-10,JPY,0.00863842
2022-02-10,TRY,0.07387721
2022-02-10,USD,1.0
2022-02-11,EUR,1.1417
2022-02-11,GBP,1.35984659
2022-02-11,JPY,0.00863355
2022-02-11,TRY,0.0741046
2022-02-11,USD,1.0
2022-02-12,EUR,1.1417
2022-02-12,GBP,1.35984659
2022-02-12,JPY,0.00863355
2022-02-12,TRY,0.0741046
2022-02-12,USD,1.0
2022-02-13,EUR,1.1417
2022-02-13,GBP,1.35984659
2022-02-13,JPY,0.00863355
2022-02-13,TRY,0.0741046
2022-02-13,USD,1.0
2022-02-14,EUR,1.1316
2022-02-14,GBP,1.35164835
2022-02-14,JPY,0.00866462
2022-02-14,TRY,0.07371507
2022-02-14,USD,1.0
2022-02-15,EUR,1.1345
2022-02-15,GBP,1.35438429
2022-02-15,JPY,0.00864842
2022-02-15,TRY,0.0733279
2022-02-15,USD,1.0
2022-02-16,EUR,1.1372
2022-02-16,GBP,1.35477722
2022-02-16,JPY,0.00864396
2022-02-16,TRY,0.07345779
2022-02-16,USD,1.0
2022-02-17,EUR,1.137
2022-02-17,GBP,1.36179081
2022-02-17,JPY,0.00869
2022-02-17,TRY,0.07338088
2022-02-17,USD,1.0
2022-02-18,EUR,1.1354
2022-02-18,GBP,1.36098292
2022-02-18,JPY,0.00869439
2022-02-18,TRY,0.0734041
2022-02-18,USD,1.0
2022-02-19,EUR,1.1354
2022-02-19,GBP,1.36098292
2022-02-19,JPY,0.00869439
2022-02-19,TRY,0.0734041
2022-02-19,USD,1.0
2022-02-20,EUR,1.1354
2022-02-20,GBP,1.36098292
2022-02-20,JPY,0.00869439
2022-02-20,TRY,0.0734041
2022-02-20,USD,1.0
2022-02-21,EUR,1.1338
2022-02-21,GBP,1.36113712
2022-02-21,JPY,0.00870814
2022-02-21,TRY,0.07329545
2022-02-21,USD,1.0
2022-02-22,EUR,1.1342
2022-02-22,GBP,1.35532055
2022-02-22,JPY,0.00868852
2022-02-22,TRY,0.07226091
2022-02-22,USD,1.0
2022-02-23,EUR,1.1344
2022-02-23,GBP,1.35916514
2022-02-23,JPY,0.00868739
2022-02-23,TRY,0.07231419
2022-02-23,USD,1.0
2022-02-24,EUR,1.1163
2022-02-24,GBP,1.33747888
2022-02-24,JPY,0.00870206
2022-02-24,TRY,0.06954057
2022-02-24,USD,1.0
2022-02-25,EUR,1.1216
2022-02-25,GBP,1.33938381
2022-02-25,JPY,0.00865165
2022-02-25,TRY,0.07245525
2022-02-25,USD,1.0
2022-02-26,EUR,1.1216
2022-02-26,GBP,1.33938381
2022-02-26,JPY,0.00865165
2022-02-26,TRY,0.07245525
2022-02-26,USD,1.0
2022-02-27,EUR,1.1216
2022-02-27,GBP,1.33938381
2022-02-27,JPY,0.00865165
2022-02-27,TRY,0.07245525
2022-02-27,USD,1.0
2022-02-28,EUR,1.1199
2022-02-28,GBP,1.34039497
2022-02-28,JPY,0.00866058
2022-02-28,TRY,0.07247043
2022-02-28,USD,1.0
2022-03-01,EUR,1.1162
2022-03-01,GBP,1.34013687
2022-03-01,JPY,0.00871011
2022-03-01,TRY,0.0717772
2022-03-01,USD,1.0
2022-03-02,EUR,1.1106
2022-03-02,GBP,1.33299726
2022-03-02,JPY,0.00867114
2022-03-02,TRY,0.07106476
2022-03-02,USD,1.0
2022-03-03,EUR,1.1076
2022-03-03,GBP,1.3381175
2022-03-03,JPY,0.00864097
2022-03-03,TRY,0.07059408
2022-03-03,USD,1.0
2022-03-04,EUR,1.0929
2022-03-04,GBP,1.32652814
2022-03-04,JPY,0.00866212
2022-03-04,TRY,0.07020124
2022-03-04,USD,1.0
2022-03-05,EUR,1.0929
2022-03-05,GBP,1.32652814
2022-03-05,JPY,0.00866212
2022-03-05,TRY,0.07020124
2022-03-05,USD,1.0
2022-03-06,EUR,1.0929
2022-03-06,GBP,1.32652814
2022-03-06,JPY,0.00866212
2022-03-06,TRY,0.07020124
2022-03-06,USD,1.0
2022-03-07,EUR,1.0895
2022-03-07,GBP,1.31860817
2022-03-07,JPY,0.00867782
2022-03-07,TRY,0.06958238
2022-03-07,USD,1.0
2022-03-08,EUR,1.0892
2022-03-08,GBP,1.30937068
2022-03-08,JPY,0.00864239
2022-03-08,TRY,0.06885696
2022-03-08,USD,1.0
2022-03-09,EUR,1.0993
2022-03-09,GBP,1.3154242
2022-03-09,JPY,0.00863483
2022-03-09,TRY,0.06814279
2022-03-09,USD,1.0
2022-03-10,EUR,1.1084
2022-03-10,GBP,1.31678052
2022-03-10,JPY,0.008623
2022-03-10,TRY,0.06687583
2022-03-10,USD,1.0
2022-03-11,EUR,1.099
2022-03-11,GBP,1.30880076
2022-03-11,JPY,0.00855519
2022-03-11,TRY,0.0676083
2022-03-11,USD,1.0
2022-03-12,EUR,1.099
2022-03-12,GBP,1.30880076
2022-03-12,JPY,0.00855519
2022-03-12,TRY,0.0676083
2022-03-12,USD,1.0
2022-03-13,EUR,1.099
2022-03-13,GBP,1.30880076
2022-03-13,JPY,0.00855519
2022-03-13,TRY,0.0676083
2022-03-13,USD,1.0
2022-03-14,EUR,1.096
2022-03-14,GBP,1.30608354
2022-03-14,JPY,0.00847641
2022-03-14,TRY,0.06765432
2022-03-14,USD,1.0
2022-03-15,EUR,1.0991
2022-03-15,GBP,1.30762733
2022-03-15,JPY,0.00847613
2022-03-15,TRY,0.06828065
2022-03-15,USD,1.0
2022-03-16,EUR,1.0994
2022-03-16,GBP,1.30899652
2022-03-16,JPY,0.00845367
2022-03-16,TRY,0.06795522
2022-03-16,USD,1.0
2022-03-17,EUR,1.1051
2022-03-17,GBP,1.31068019
2022-03-17,JPY,0.00841853
2022-03-17,TRY,0.06774642
2022-03-17,USD,1.0
2022-03-18,EUR,1.1008
2022-03-18,GBP,1.3116473
2022-03-18,JPY,0.00837747
2022-03-18,TRY,0.06751138
2022-03-18,USD,1.0
2022-03-19,EUR,1.1008
2022-03-19,GBP,1.3116473
2022-03-19,JPY,0.00837747
2022-03-19,TRY,0.06751138
2022-03-19,USD,1.0
2022-03-20,EUR,1.1008
2022-03-20,GBP,1.3116473
2022-03-20,JPY,0.00837747
2022-03-20,TRY,0.06751138
2022-03-20,USD,1.0
2022-03-21,EUR,1.1038
2022-03-21,GBP,1.31757684
2022-03-21,JPY,0.00838945
2022-03-21,TRY,0.06739817
2022-03-21,USD,1.0
2022-03-22,EUR,1.1024
2022-03-22,GBP,1.32455424
2022-03-22,JPY,0.00829122
2022-03-22,TRY,0.06745313
2022-03-22,USD,1.0
2022-03-23,EUR,1.0985
2022-03-23,GBP,1.31904419
2022-03-23,JPY,0.00828119
2022-03-23,TRY,0.06734801
2022-03-23,USD,1.0
2022-03-24,EUR,1.0978
2022-03-24,GBP,1.31807703
2022-03-24,JPY,0.00821031
2022-03-24,TRY,0.06738401
2022-03-24,USD,1.0
2022-03-25,EUR,1.1002
2022-03-25,GBP,1.31950108
2022-03-25,JPY,0.00820616
2022-03-25,TRY,0.06737128
2022-03-25,USD,1.0
2022-03-26,EUR,1.1002
2022-03-26,GBP,1.31950108
2022-03-26,JPY,0.00820616
2022-03-26,TRY,0.06737128
2022-03-26,USD,1.0
2022-03-27,EUR,1.1002
2022-03-27,GBP,1.31950108
2022-03-27,JPY,0.00820616
2022-03-27,TRY,0.06737128
2022-03-27,USD,1.0
2022-03-28,EUR,1.0966
2022-03-28,GBP,1.31104815
2022-03-28,JPY,0.00806739
2022-03-28,TRY,0.06737942
2022-03-28,USD,1.0
2022-03-29,EUR,1.1085
2022-03-29,GBP,1.31276646
2022-03-29,JPY,0.00811137
2022-03-29,TRY,0.06789159
2022-03-29,USD,1.0
2022-03-30,EUR,1.1126
2022-03-30,GBP,1.31570545
2022-03-30,JPY,0.00821289
2022-03-30,TRY,0.06813394
2022-03-30,USD,1.0
2022-03-31,EUR,1.1101
2022-03-31,GBP,1.3122525
2022-03-31,JPY,0.00821262
2022-03-31,TRY,0.06817833
2022-03-31,USD,1.0
2022-04-01,EUR,1.1052
2022-04-01,GBP,1.31344703
2022-04-01,JPY,0.0081655
2022-04-01,TRY,0.06804958
2022-04-01,USD,1.0
2022-04-02,EUR,1.1052
2022-04-02,GBP,1.31344703
2022-04-02,JPY,0.0081655
2022-04-02,TRY,0.06804958
2022-04-02,USD,1.0
2022-04-03,EUR,1.1052
2022-04-03,GBP,1.31344703
2022-04-03,JPY,0.0081655
2022-04-03,TRY,0.06804958
2022-04-03,USD,1.0
2022-04-04,EUR,1.1005
2022-04-04,GBP,1.31183693
2022-04-04,JPY,0.00814702
2022-04-04,TRY,0.06800346
2022-04-04,USD,1.0
2022-04-05,EUR,1.0969
2022-04-05,GBP,1.31381004
2022-04-05,JPY,0.00813966
2022-04-05,TRY,0.0679195
2022-04-05,USD,1.0
2022-04-06,EUR,1.0923
2022-04-06,GBP,1.30856684
2022-04-06,JPY,0.00807317
2022-04-06,TRY,0.06784556
2022-04-06,USD,1.0
2022-04-07,EUR,1.0916
2022-04-07,GBP,1.30808868
2022-04-07,JPY,0.0080668
2022-04-07,TRY,0.06783116
2022-04-07,USD,1.0
2022-04-08,EUR,1.0861
2022-04-08,GBP,1.30298122
2022-04-08,JPY,0.00805294
2022-04-08,TRY,0.06778085
2022-04-08,USD,1.0
2022-04-09,EUR,1.0861
2022-04-09,GBP,1.30298122
2022-04-09,JPY,0.00805294
2022-04-09,TRY,0.06778085
2022-04-09,USD,1.0
2022-04-10,EUR,1.0861
2022-04-10,GBP,1.30298122
2022-04-10,JPY,0.00805294
2022-04-10,TRY,0.06778085
2022-04-10,USD,1.0
2022-04-11,EUR,1.09
2022-04-11,GBP,1.30237893
2022-04-11,JPY,0.00795562
2022-04-11,TRY,0.06791912
2022-04-11,USD,1.0
2022-04-12,EUR,1.0861
2022-04-12,GBP,1.30141993
2022-04-12,JPY,0.00796904
2022-04-12,TRY,0.06807356
2022-04-12,USD,1.0
2022-04-13,EUR,1.0826
2022-04-13,GBP,1.29995197
2022-04-13,JPY,0.0079451
2022-04-13,TRY,0.06852246
2022-04-13,USD,1.0
2022-04-14,EUR,1.0878
2022-04-14,GBP,1.31205674
2022-04-14,JPY,0.00797975
2022-04-14,TRY,0.06839531
2022-04-14,USD,1.0
2022-04-15,EUR,1.0878
2022-04-15,GBP,1.31205674
2022-04-15,JPY,0.00797975
2022-04-15,TRY,0.06839531
2022-04-15,USD,1.0
2022-04-16,EUR,1.0878
2022-04-16,GBP,1.31205674
2022-04-16,JPY,0.00797975
2022-04-16,TRY,0.06839531
2022-04-16,USD,1.0
2022-04-17,EUR,1.0878
2022-04-17,GBP,1.31205674
2022-04-17,JPY,0.00797975
2022-04-17,TRY,0.06839531
2022-04-17,USD,1.0
2022-04-18,EUR,1.0878
2022-04-18,GBP,1.31205674
2022-04-18,JPY,0.00797975
2022-04-18,TRY,0.06839531
2022-04-18,USD,1.0
2022-04-19,EUR,1.0803
2022-04-19,GBP,1.30227232
2022-04-19,JPY,0.00780564
2022-04-19,TRY,0.06819387
2022-04-19,USD,1.0
2022-04-20,EUR,1.083
2022-04-20,GBP,1.30536973
2022-04-20,JPY,0.0078178
2022-04-20,TRY,0.0681595
2022-04-20,USD,1.0
2022-04-21,EUR,1.0887
2022-04-21,GBP,1.30347329
2022-04-21,JPY,0.00779815
2022-04-21,TRY,0.06805098
2022-04-21,USD,1.0
2022-04-22,EUR,1.0817
2022-04-22,GBP,1.28888889
2022-04-22,JPY,0.00779154
2022-04-22,TRY,0.06784115
2022-04-22,USD,1.0
2022-04-23,EUR,1.0817
2022-04-23,GBP,1.28888889
2022-04-23,JPY,0.00779154
2022-04-23,TRY,0.06784115
2022-04-23,USD,1.0
2022-04-24,EUR,1.0817
2022-04-24,GBP,1.28888889
2022-04-24,JPY,0.00779154
2022-04-24,TRY,0.06784115
2022-04-24,USD,1.0
2022-04-25,EUR,1.0746
2022-04-25,GBP,1.27427962
2022-04-25,JPY,0.00780222
2022-04-25,TRY,0.06773828
2022-04-25,USD,1.0
2022-04-26,EUR,1.0674
2022-04-26,GBP,1.26867534
2022-04-26,JPY,0.00783988
2022-04-26,TRY,0.06758091
2022-04-26,USD,1.0
2022-04-27,EUR,1.0583
2022-04-27,GBP,1.25666449
2022-04-27,JPY,0.0078063
2022-04-27,TRY,0.0674691
2022-04-27,USD,1.0
2022-04-28,EUR,1.0485
2022-04-28,GBP,1.24303497
2022-04-28,JPY,0.00764603
2022-04-28,TRY,0.06748755
2022-04-28,USD,1.0
2022-04-29,EUR,1.054
2022-04-29,GBP,1.25613767
2022-04-29,JPY,0.00769287
2022-04-29,TRY,0.06739777
2022-04-29,USD,1.0
2022-04-30,EUR,1.054
2022-04-30,GBP,1.25613767
2022-04-30,JPY,0.00769287
2022-04-30,TRY,0.06739777
2022-04-30,USD,1.0
2022-05-01,EUR,1.054
2022-05-01,GBP,1.25613767
2022-05-01,JPY,0.00769287
2022-05-01,TRY,0.06739777
2022-05-01,USD,1.0
2022-05-02,EUR,1.0524
2022-05-02,GBP,1.25569741
2022-05-02,JPY,0.00770255
2022-05-02,TRY,0.06716146
2022-05-02,USD,1.0
2022-05-03,EUR,1.0556
2022-05-03,GBP,1.25472483
2022-05-03,JPY,0.00770174
2022-05-03,TRY,0.06726095
2022-05-03,USD,1.0
2022-05-04,EUR,1.0531
2022-05-04,GBP,1.25080172
2022-05-04,JPY,0.00769585
2022-05-04,TRY,0.06760652
2022-05-04,USD,1.0
2022-05-05,EUR,1.0568
2022-05-05,GBP,1.24052119
2022-05-05,JPY,0.00770375
2022-05-05,TRY,0.06729024
2022-05-05,USD,1.0
2022-05-06,EUR,1.057
2022-05-06,GBP,1.23445255
2022-05-06,JPY,0.00766497
2022-05-06,TRY,0.06686572
2022-05-06,USD,1.0
2022-05-07,EUR,1.057
2022-05-07,GBP,1.23445255
2022-05-07,JPY,0.00766497
2022-05-07,TRY,0.06686572
2022-05-07,USD,1.0
2022-05-08,EUR,1.057
2022-05-08,GBP,1.23445255
2022-05-08,JPY,0.00766497
2022-05-08,TRY,0.06686572
2022-05-08,USD,1.0
2022-05-09,EUR,1.0559
2022-05-09,GBP,1.23881035
2022-05-09,JPY,0.00764591
2022-05-09,TRY,0.06643346
2022-05-09,USD,1.0
2022-05-10,EUR,1.0554
2022-05-10,GBP,1.23301595
2022-05-10,JPY,0.00768234
2022-05-10,TRY,0.06560047
2022-05-10,USD,1.0
2022-05-11,EUR,1.0553
2022-05-11,GBP,1.23581558
2022-05-11,JPY,0.00769899
2022-05-11,TRY,0.06520194
2022-05-11,USD,1.0
2022-05-12,EUR,1.0408
2022-05-12,GBP,1.22026427
2022-05-12,JPY,0.00777587
2022-05-12,TRY,0.06499638
2022-05-12,USD,1.0
2022-05-13,EUR,1.0385
2022-05-13,GBP,1.22011396
2022-05-13,JPY,0.00775521
2022-05-13,TRY,0.06462875
2022-05-13,USD,1.0
2022-05-14,EUR,1.0385
2022-05-14,GBP,1.22011396
2022-05-14,JPY,0.00775521
2022-05-14,TRY,0.06462875
2022-05-14,USD,1.0
2022-05-15,EUR,1.0385
2022-05-15,GBP,1.22011396
2022-05-15,JPY,0.00775521
2022-05-15,TRY,0.06462875
2022-05-15,USD,1.0
2022-05-16,EUR,1.0422
2022-05-16,GBP,1.22546887
2022-05-16,JPY,0.00771943
2022-05-16,TRY,0.06389122
2022-05-16,USD,1.0
2022-05-17,EUR,1.0541
2022-05-17,GBP,1.24893365
2022-05-17,JPY,0.00773254
2022-05-17,TRY,0.06348967
2022-05-17,USD,1.0
2022-05-18,EUR,1.0523
2022-05-18,GBP,1.24282509
2022-05-18,JPY,0.00775118
2022-05-18,TRY,0.06270745
2022-05-18,USD,1.0
2022-05-19,EUR,1.0525
2022-05-19,GBP,1.24221037
2022-05-19,JPY,0.00782761
2022-05-19,TRY,0.06263501
2022-05-19,USD,1.0
2022-05-20,EUR,1.0577
2022-05-20,GBP,1.24699363
2022-05-20,JPY,0.00781513
2022-05-20,TRY,0.0628831
2022-05-20,USD,1.0
2022-05-21,EUR,1.0577
2022-05-21,GBP,1.24699363
2022-05-21,JPY,0.00781513
2022-05-21,TRY,0.0628831
2022-05-21,USD,1.0
2022-05-22,EUR,1.0577
2022-05-22,GBP,1.24699363
2022-05-22,JPY,0.00781513
2022-05-22,TRY,0.0628831
2022-05-22,USD,1.0
2022-05-23,EUR,1.0659
2022-05-23,GBP,1.25720958
2022-05-23,JPY,0.00783462
2022-05-23,TRY,0.06319365
2022-05-23,USD,1.0
2022-05-24,EUR,1.072
2022-05-24,GBP,1.25014577
2022-05-24,JPY,0.00785406
2022-05-24,TRY,0.062119
2022-05-24,USD,1.0
2022-05-25,EUR,1.0656
2022-05-25,GBP,1.24931121
2022-05-25,JPY,0.0078735
2022-05-25,TRY,0.06125757
2022-05-25,USD,1.0
2022-05-26,EUR,1.0697
2022-05-26,GBP,1.25739071
2022-05-26,JPY,0.00786833
2022-05-26,TRY,0.06092102
2022-05-26,USD,1.0
2022-05-27,EUR,1.0722
2022-05-27,GBP,1.26326951
2022-05-27,JPY,0.00788093
2022-05-27,TRY,0.06098282
2022-05-27,USD,1.0
2022-05-28,EUR,1.0722
2022-05-28,GBP,1.26326951
2022-05-28,JPY,0.00788093
2022-05-28,TRY,0.06098282
2022-05-28,USD,1.0
2022-05-29,EUR,1.0722
2022-05-29,GBP,1.26326951
2022-05-29,JPY,0.00788093
2022-05-29,TRY,0.06098282
2022-05-29,USD,1.0
2022-05-30,EUR,1.0764
2022-05-30,GBP,1.26412214
2022-05-30,JPY,0.00784262
2022-05-30,TRY,0.06101487
2022-05-30,USD,1.0
2022-05-31,EUR,1.0713
2022-05-31,GBP,1.25831004
2022-05-31,JPY,0.00779921
2022-05-31,TRY,0.06093267
2022-05-31,USD,1.0
2022-06-01,EUR,1.0712
2022-06-01,GBP,1.25789709
2022-06-01,JPY,0.00772426
2022-06-01,TRY,0.06078662
2022-06-01,USD,1.0
2022-06-02,EUR,1.0692
2022-06-02,GBP,1.25500323
2022-06-02,JPY,0.00770761
2022-06-02,TRY,0.06068966
2022-06-02,USD,1.0
2022-06-03,EUR,1.073
2022-06-03,GBP,1.2561461
2022-06-03,JPY,0.0076868
2022-06-03,TRY,0.0604916
2022-06-03,USD,1.0
2022-06-04,EUR,1.073
2022-06-04,GBP,1.2561461
2022-06-04,JPY,0.0076868
2022-06-04,TRY,0.0604916
2022-06-04,USD,1.0
2022-06-05,EUR,1.073
2022-06-05,GBP,1.2561461
2022-06-05,JPY,0.0076868
2022-06-05,TRY,0.0604916
2022-06-05,USD,1.0
2022-06-06,EUR,1.0726
2022-06-06,GBP,1.25575133
2022-06-06,JPY,0.00765268
2022-06-06,TRY,0.06027197
2022-06-06,USD,1.0
2022-06-07,EUR,1.0662
2022-06-07,GBP,1.24898963
2022-06-07,JPY,0.00752647
2022-06-07,TRY,0.05966357
2022-06-07,USD,1.0
2022-06-08,EUR,1.0739
2022-06-08,GBP,1.25492258
2022-06-08,JPY,0.00746178
2022-06-08,TRY,0.0581965
2022-06-08,USD,1.0
2022-06-09,EUR,1.0743
2022-06-09,GBP,1.25424679
2022-06-09,JPY,0.00746405
2022-06-09,TRY,0.05803764
2022-06-09,USD,1.0
2022-06-10,EUR,1.0578
2022-06-10,GBP,1.24376823
2022-06-10,JPY,0.00746559
2022-06-10,TRY,0.05872882
2022-06-10,USD,1.0
2022-06-11,EUR,1.0578
2022-06-11,GBP,1.24376823
2022-06-11,JPY,0.00746559
2022-06-11,TRY,0.05872882
2022-06-11,USD,1.0
2022-06-12,EUR,1.0578
2022-06-12,GBP,1.24376823
2022-06-12,JPY,0.00746559
2022-06-12,TRY,0.05872882
2022-06-12,USD,1.0
2022-06-13,EUR,1.0455
2022-06-13,GBP,1.21782178
2022-06-13,JPY,0.00744075
2022-06-13,TRY,0.05792404
2022-06-13,USD,1.0
2022-06-14,EUR,1.0452
2022-06-14,GBP,1.20723509
2022-06-14,JPY,0.0074328
2022-06-14,TRY,0.05787375
2022-06-14,USD,1.0
2022-06-15,EUR,1.0431
2022-06-15,GBP,1.20829858
2022-06-15,JPY,0.00742473
2022-06-15,TRY,0.05780068
2022-06-15,USD,1.0
2022-06-16,EUR,1.04
2022-06-16,GBP,1.21566335
2022-06-16,JPY,0.00752315
2022-06-16,TRY,0.05773736
2022-06-16,USD,1.0
2022-06-17,EUR,1.0486
2022-06-17,GBP,1.22643275
2022-06-17,JPY,0.00742582
2022-06-17,TRY,0.0577757
2022-06-17,USD,1.0
2022-06-18,EUR,1.0486
2022-06-18,GBP,1.22643275
2022-06-18,JPY,0.00742582
2022-06-18,TRY,0.0577757
2022-06-18,USD,1.0
2022-06-19,EUR,1.0486
2022-06-19,GBP,1.22643275
2022-06-19,JPY,0.00742582
2022-06-19,TRY,0.0577757
2022-06-19,USD,1.0
2022-06-20,EUR,1.0517
2022-06-20,GBP,1.22650091
2022-06-20,JPY,0.00740947
2022-06-20,TRY,0.05770993
2022-06-20,USD,1.0
2022-06-21,EUR,1.055
2022-06-21,GBP,1.22660156
2022-06-21,JPY,0.00733913
2022-06-21,TRY,0.05763484
2022-06-21,USD,1.0
2022-06-22,EUR,1.0521
2022-06-22,GBP,1.22501019
2022-06-22,JPY,0.00735169
2022-06-22,TRY,0.05763353
2022-06-22,USD,1.0
2022-06-23,EUR,1.0493
2022-06-23,GBP,1.22270386
2022-06-23,JPY,0.00738372
2022-06-23,TRY,0.05759088
2022-06-23,USD,1.0
2022-06-24,EUR,1.0524
2022-06-24,GBP,1.22695953
2022-06-24,JPY,0.00740136
2022-06-24,TRY,0.05755348
2022-06-24,USD,1.0
2022-06-25,EUR,1.0524
2022-06-25,GBP,1.22695953
2022-06-25,JPY,0.00740136
2022-06-25,TRY,0.05755348
2022-06-25,USD,1.0
2022-06-26,EUR,1.0524
2022-06-26,GBP,1.22695953
2022-06-26,JPY,0.00740136
2022-06-26,TRY,0.05755348
2022-06-26,USD,1.0
2022-06-27,EUR,1.0572
2022-06-27,GBP,1.22645012
2022-06-27,JPY,0.0073801
2022-06-27,TRY,0.06048263
2022-06-27,USD,1.0
2022-06-28,EUR,1.0561
2022-06-28,GBP,1.22304574
2022-06-28,JPY,0.00735087
2022-06-28,TRY,0.06004287
2022-06-28,USD,1.0
2022-06-29,EUR,1.0517
2022-06-29,GBP,1.21638658
2022-06-29,JPY,0.00732739
2022-06-29,TRY,0.06009783
2022-06-29,USD,1.0
2022-06-30,EUR,1.0387
2022-06-30,GBP,1.21032393
2022-06-30,JPY,0.00733856
2022-06-30,TRY,0.05996421
2022-06-30,USD,1.0
2022-07-01,EUR,1.0425
2022-07-01,GBP,1.20314375
2022-07-01,JPY,0.007391
2022-07-01,TRY,0.05970517
2022-07-01,USD,1.0
2022-07-02,EUR,1.0425
2022-07-02,GBP,1.20314375
2022-07-02,JPY,0.007391
2022-07-02,TRY,0.05970517
2022-07-02,USD,1.0
2022-07-03,EUR,1.0425
2022-07-03,GBP,1.20314375
2022-07-03,JPY,0.007391
2022-07-03,TRY,0.05970517
2022-07-03,USD,1.0
2022-07-04,EUR,1.0455
2022-07-04,GBP,1.21626338
2022-07-04,JPY,0.00738817
2022-07-04,TRY,0.05940543
2022-07-04,USD,1.0
2022-07-05,EUR,1.029
2022-07-05,GBP,1.19867203
2022-07-05,JPY,0.00736209
2022-07-05,TRY,0.05878354
2022-07-05,USD,1.0
2022-07-06,EUR,1.0177
2022-07-06,GBP,1.18784724
2022-07-06,JPY,0.00739017
2022-07-06,TRY,0.05798695
2022-07-06,USD,1.0
2022-07-07,EUR,1.018
2022-07-07,GBP,1.19616944
2022-07-07,JPY,0.00737094
2022-07-07,TRY,0.05798885
2022-07-07,USD,1.0
2022-07-08,EUR,1.0163
2022-07-08,GBP,1.20151327
2022-07-08,JPY,0.00736183
2022-07-08,TRY,0.05773579
2022-07-08,USD,1.0
2022-07-09,EUR,1.0163
2022-07-09,GBP,1.20151327
2022-07-09,JPY,0.00736183
2022-07-09,TRY,0.05773579
2022-07-09,USD,1.0
2022-07-10,EUR,1.0163
2022-07-10,GBP,1.20151327
2022-07-10,JPY,0.00736183
2022-07-10,TRY,0.05773579
2022-07-10,USD,1.0
2022-07-11,EUR,1.0098
2022-07-11,GBP,1.19446416
2022-07-11,JPY,0.00727679
2022-07-11,TRY,0.05755584
2022-07-11,USD,1.0
2022-07-12,EUR,1.0042
2022-07-12,GBP,1.18387701
2022-07-12,JPY,0.00731338
2022-07-12,TRY,0.05758292
2022-07-12,USD,1.0
2022-07-13,EUR,1.0067
2022-07-13,GBP,1.19318249
2022-07-13,JPY,0.00729387
2022-07-13,TRY,0.05731969
2022-07-13,USD,1.0
2022-07-14,EUR,1.0005
2022-07-14,GBP,1.18318354
2022-07-14,JPY,0.00719577
2022-07-14,TRY,0.05719104
2022-07-14,USD,1.0
2022-07-15,EUR,1.0059
2022-07-15,GBP,1.18357886
2022-07-15,JPY,0.00721127
2022-07-15,TRY,0.05733225
2022-07-15,USD,1.0
2022-07-16,EUR,1.0059
2022-07-16,GBP,1.18357886
2022-07-16,JPY,0.00721127
2022-07-16,TRY,0.05733225
2022-07-16,USD,1.0
2022-07-17,EUR,1.0059
2022-07-17,GBP,1.18357886
2022-07-17,JPY,0.00721127
2022-07-17,TRY,0.05733225
2022-07-17,USD,1.0
2022-07-18,EUR,1.0131
2022-07-18,GBP,1.19599093
2022-07-18,JPY,0.00722817
2022-07-18,TRY,0.05716462
2022-07-18,USD,1.0
2022-07-19,EUR,1.0245
2022-07-19,GBP,1.20101286
2022-07-19,JPY,0.00726544
2022-07-19,TRY,0.05685981
2022-07-19,USD,1.0
2022-07-20,EUR,1.0199
2022-07-20,GBP,1.19737491
2022-07-20,JPY,0.00723744
2022-07-20,TRY,0.05683667
2022-07-20,USD,1.0
2022-07-21,EUR,1.0199
2022-07-21,GBP,1.192238
2022-07-21,JPY,0.00720981
2022-07-21,TRY,0.05655836
2022-07-21,USD,1.0
2022-07-22,EUR,1.019
2022-07-22,GBP,1.19683819
2022-07-22,JPY,0.00730414
2022-07-22,TRY,0.05631701
2022-07-22,USD,1.0
2022-07-23,EUR,1.019
2022-07-23,GBP,1.19683819
2022-07-23,JPY,0.00730414
2022-07-23,TRY,0.05631701
2022-07-23,USD,1.0
2022-07-24,EUR,1.019
2022-07-24,GBP,1.19683819
2022-07-24,JPY,0.00730414
2022-07-24,TRY,0.05631701
2022-07-24,USD,1.0
2022-07-25,EUR,1.0236
2022-07-25,GBP,1.20689045
2022-07-25,JPY,0.00731979
2022-07-25,TRY,0.05604069
2022-07-25,USD,1.0
2022-07-26,EUR,1.0124
2022-07-26,GBP,1.1972847
2022-07-26,JPY,0.00731767
2022-07-26,TRY,0.05602501
2022-07-26,USD,1.0
2022-07-27,EUR,1.0152
2022-07-27,GBP,1.20658917
2022-07-27,JPY,0.00730938
2022-07-27,TRY,0.05582347
2022-07-27,USD,1.0
2022-07-28,EUR,1.0122
2022-07-28,GBP,1.21096834
2022-07-28,JPY,0.00737433
2022-07-28,TRY,0.05579411
2022-07-28,USD,1.0
2022-07-29,EUR,1.0198
2022-07-29,GBP,1.21419217
2022-07-29,JPY,0.00747544
2022-07-29,TRY,0.05588803
2022-07-29,USD,1.0
2022-07-30,EUR,1.0198
2022-07-30,GBP,1.21419217
2022-07-30,JPY,0.00747544
2022-07-30,TRY,0.05588803
2022-07-30,USD,1.0
2022-07-31,EUR,1.0198
2022-07-31,GBP,1.21419217
2022-07-31,JPY,0.00747544
2022-07-31,TRY,0.05588803
2022-07-31,USD,1.0
2022-08-01,EUR,1.0233
2022-08-01,GBP,1.22258065
2022-08-01,JPY,0.00755872
2022-08-01,TRY,0.05577327
2022-08-01,USD,1.0
2022-08-02,EUR,1.0224
2022-08-02,GBP,1.22201637
2022-08-02,JPY,0.00763555
2022-08-02,TRY,0.0556972
2022-08-02,USD,1.0
2022-08-03,EUR,1.0194
2022-08-03,GBP,1.21895515
2022-08-03,JPY,0.00748568
2022-08-03,TRY,0.05567085
2022-08-03,USD,1.0
2022-08-04,EUR,1.0181
2022-08-04,GBP,1.20869988
2022-08-04,JPY,0.0074965
2022-08-04,TRY,0.0556576
2022-08-04,USD,1.0
2022-08-05,EUR,1.0233
2022-08-05,GBP,1.21433996
2022-08-05,JPY,0.00751211
2022-08-05,TRY,0.0556586
2022-08-05,USD,1.0
2022-08-06,EUR,1.0233
2022-08-06,GBP,1.21433996
2022-08-06,JPY,0.00751211
2022-08-06,TRY,0.0556586
2022-08-06,USD,1.0
2022-08-07,EUR,1.0233
2022-08-07,GBP,1.21433996
2022-08-07,JPY,0.00751211
2022-08-07,TRY,0.0556586
2022-08-07,USD,1.0
2022-08-08,EUR,1.0199
2022-08-08,GBP,1.21178637
2022-08-08,JPY,0.00741099
2022-08-08,TRY,0.055679
2022-08-08,USD,1.0
2022-08-09,EUR,1.0234
2022-08-09,GBP,1.21083767
2022-08-09,JPY,0.007402
2022-08-09,TRY,0.05581918
2022-08-09,USD,1.0
2022-08-10,EUR,1.0252
2022-08-10,GBP,1.21170575
2022-08-10,JPY,0.00742038
2022-08-10,TRY,0.05568743
2022-08-10,USD,1.0
2022-08-11,EUR,1.0338
2022-08-11,GBP,1.22234703
2022-08-11,JPY,0.00756974
2022-08-11,TRY,0.05567823
2022-08-11,USD,1.0
2022-08-12,EUR,1.0285
2022-08-12,GBP,1.21407071
2022-08-12,JPY,0.00748163
2022-08-12,TRY,0.05567495
2022-08-12,USD,1.0
2022-08-13,EUR,1.0285
2022-08-13,GBP,1.21407071
2022-08-13,JPY,0.00748163
2022-08-13,TRY,0.05567495
2022-08-13,USD,1.0
2022-08-14,EUR,1.0285
2022-08-14,GBP,1.21407071
2022-08-14,JPY,0.00748163
2022-08-14,TRY,0.05567495
2022-08-14,USD,1.0
2022-08-15,EUR,1.0195
2022-08-15,GBP,1.2082963
2022-08-15,JPY,0.00751788
2022-08-15,TRY,0.05566688
2022-08-15,USD,1.0
2022-08-16,EUR,1.0131
2022-08-16,GBP,1.20294949
2022-08-16,JPY,0.00744324
2022-08-16,TRY,0.05566667
2022-08-16,USD,1.0
2022-08-17,EUR,1.0164
2022-08-17,GBP,1.20701121
2022-08-17,JPY,0.00739953
2022-08-17,TRY,0.05567241
2022-08-17,USD,1.0
2022-08-18,EUR,1.0178
2022-08-18,GBP,1.20605278
2022-08-18,JPY,0.00741999
2022-08-18,TRY,0.05528667
2022-08-18,USD,1.0
2022-08-19,EUR,1.0054
2022-08-19,GBP,1.18368692
2022-08-19,JPY,0.00730297
2022-08-19,TRY,0.05523326
2022-08-19,USD,1.0
2022-08-20,EUR,1.0054
2022-08-20,GBP,1.18368692
2022-08-20,JPY,0.00730297
2022-08-20,TRY,0.05523326
2022-08-20,USD,1.0
2022-08-21,EUR,1.0054
2022-08-21,GBP,1.18368692
2022-08-21,JPY,0.00730297
2022-08-21,TRY,0.05523326
2022-08-21,USD,1.0
2022-08-22,EUR,1.0001
2022-08-22,GBP,1.1813414
2022-08-22,JPY,0.00729574
2022-08-22,TRY,0.05517245
2022-08-22,USD,1.0
2022-08-23,EUR,0.9927
2022-08-23,GBP,1.17697971
2022-08-23,JPY,0.00728106
2022-08-23,TRY,0.05520214
2022-08-23,USD,1.0
2022-08-24,EUR,0.9934
2022-08-24,GBP,1.17864813
2022-08-24,JPY,0.0073184
2022-08-24,TRY,0.05507812
2022-08-24,USD,1.0
2022-08-25,EUR,0.997
2022-08-25,GBP,1.18277912
2022-08-25,JPY,0.00732711
2022-08-25,TRY,0.05504638
2022-08-25,USD,1.0
2022-08-26,EUR,1.0007
2022-08-26,GBP,1.18300035
2022-08-26,JPY,0.00730331
2022-08-26,TRY,0.05500679
2022-08-26,USD,1.0
2022-08-27,EUR,1.0007
2022-08-27,GBP,1.18300035
2022-08-27,JPY,0.00730331
2022-08-27,TRY,0.05500679
2022-08-27,USD,1.0
2022-08-28,EUR,1.0007
2022-08-28,GBP,1.18300035
2022-08-28,JPY,0.00730331
2022-08-28,TRY,0.05500679
2022-08-28,USD,1.0
2022-08-29,EUR,0.9986
2022-08-29,GBP,1.16904706
2022-08-29,JPY,0.00721063
2022-08-29,TRY,0.05498747
2022-08-29,USD,1.0
2022-08-30,EUR,1.0034
2022-08-30,GBP,1.17158036
2022-08-30,JPY,0.0072338
2022-08-30,TRY,0.05501398
2022-08-30,USD,1.0
2022-08-31,EUR,1.0
2022-08-31,GBP,1.16231766
2022-08-31,JPY,0.00720877
2022-08-31,TRY,0.05499068
2022-08-31,USD,1.0
2022-09-01,EUR,1.0004
2022-09-01,GBP,1.1568929
2022-09-01,JPY,0.00717956
2022-09-01,TRY,0.05492207
2022-09-01,USD,1.0
2022-09-02,EUR,0.9993
2022-09-02,GBP,1.15555401
2022-09-02,JPY,0.00711955
2022-09-02,TRY,0.05488488
2022-09-02,USD,1.0
2022-09-03,EUR,0.9993
2022-09-03,GBP,1.15555401
2022-09-03,JPY,0.00711955
2022-09-03,TRY,0.05488488
2022-09-03,USD,1.0
2022-09-04,EUR,0.9993
2022-09-04,GBP,1.15555401
2022-09-04,JPY,0.00711955
2022-09-04,TRY,0.05488488
2022-09-04,USD,1.0
2022-09-05,EUR,0.992
2022-09-05,GBP,1.14870655
2022-09-05,JPY,0.00711264
2022-09-05,TRY,0.05486968
2022-09-05,USD,1.0
2022-09-06,EUR,0.9928
2022-09-06,GBP,1.15787878
2022-09-06,JPY,0.00704563
2022-09-06,TRY,0.05486962
2022-09-06,USD,1.0
2022-09-07,EUR,0.9885
2022-09-07,GBP,1.14264247
2022-09-07,JPY,0.00690293
2022-09-07,TRY,0.05483685
2022-09-07,USD,1.0
2022-09-08,EUR,1.0009
2022-09-08,GBP,1.15502677
2022-09-08,JPY,0.00696763
2022-09-08,TRY,0.05483002
2022-09-08,USD,1.0
2022-09-09,EUR,1.0049
2022-09-09,GBP,1.15691918
2022-09-09,JPY,0.00701256
2022-09-09,TRY,0.05482808
2022-09-09,USD,1.0
2022-09-10,EUR,1.0049
2022-09-10,GBP,1.15691918
2022-09-10,JPY,0.00701256
2022-09-10,TRY,0.05482808
2022-09-10,USD,1.0
2022-09-11,EUR,1.0049
2022-09-11,GBP,1.15691918
2022-09-11,JPY,0.00701256
2022-09-11,TRY,0.05482808
2022-09-11,USD,1.0
2022-09-12,EUR,1.0155
2022-09-12,GBP,1.17022748
2022-09-12,JPY,0.00702817
2022-09-12,TRY,0.05482314
2022-09-12,USD,1.0
2022-09-13,EUR,1.0175
2022-09-13,GBP,1.17232957
2022-09-13,JPY,0.00704152
2022-09-13,TRY,0.05481039
2022-09-13,USD,1.0
2022-09-14,EUR,0.999
2022-09-14,GBP,1.15494
2022-09-14,JPY,0.00698211
2022-09-14,TRY,0.05477064
2022-09-14,USD,1.0
2022-09-15,EUR,0.9992
2022-09-15,GBP,1.14937769
2022-09-15,JPY,0.00696646
2022-09-15,TRY,0.05475759
2022-09-15,USD,1.0
2022-09-16,EUR,0.9954
2022-09-16,GBP,1.1389016
2022-09-16,JPY,0.00698379
2022-09-16,TRY,0.05471546
2022-09-16,USD,1.0
2022-09-17,EUR,0.9954
2022-09-17,GBP,1.1389016
2022-09-17,JPY,0.00698379
2022-09-17,TRY,0.05471546
2022-09-17,USD,1.0
2022-09-18,EUR,0.9954
2022-09-18,GBP,1.1389016
2022-09-18,JPY,0.00698379
2022-09-18,TRY,0.05471546
2022-09-18,USD,1.0
2022-09-19,EUR,0.999
2022-09-19,GBP,1.13800763
2022-09-19,JPY,0.00696556
2022-09-19,TRY,0.05466843
2022-09-19,USD,1.0
2022-09-20,EUR,0.9986
2022-09-20,GBP,1.1426283
2022-09-20,JPY,0.00696665
2022-09-20,TRY,0.05461815
2022-09-20,USD,1.0
2022-09-21,EUR,0.9906
2022-09-21,GBP,1.13425316
2022-09-21,JPY,0.00694378
2022-09-21,TRY,0.05458152
2022-09-21,USD,1.0
2022-09-22,EUR,0.9884
2022-09-22,GBP,1.13275878
2022-09-22,JPY,0.0071016
2022-09-22,TRY,0.0544396
2022-09-22,USD,1.0
2022-09-23,EUR,0.9754
2022-09-23,GBP,1.10588315
2022-09-23,JPY,0.00699563
2022-09-23,TRY,0.05433529
2022-09-23,USD,1.0
2022-09-24,EUR,0.9754
2022-09-24,GBP,1.10588315
2022-09-24,JPY,0.00699563
2022-09-24,TRY,0.05433529
2022-09-24,USD,1.0
2022-09-25,EUR,0.9754
2022-09-25,GBP,1.10588315
2022-09-25,JPY,0.00699563
2022-09-25,TRY,0.05433529
2022-09-25,USD,1.0
2022-09-26,EUR,0.9646
2022-09-26,GBP,1.07892264
2022-09-26,JPY,0.00693608
2022-09-26,TRY,0.05419071
2022-09-26,USD,1.0
2022-09-27,EUR,0.9644
2022-09-27,GBP,1.08025763
2022-09-27,JPY,0.00692418
2022-09-27,TRY,0.05410682
2022-09-27,USD,1.0
2022-09-28,EUR,0.9565
2022-09-28,GBP,1.05962246
2022-09-28,JPY,0.00691163
2022-09-28,TRY,0.05394476
2022-09-28,USD,1.0
2022-09-29,EUR,0.9706
2022-09-29,GBP,1.08465106
2022-09-29,JPY,0.00691015
2022-09-29,TRY,0.05392222
2022-09-29,USD,1.0
2022-09-30,EUR,0.9748
2022-09-30,GBP,1.10396376
2022-09-30,JPY,0.00691298
2022-09-30,TRY,0.05390371
2022-09-30,USD,1.0
2022-10-01,EUR,0.9748
2022-10-01,GBP,1.10396376
2022-10-01,JPY,0.00691298
2022-10-01,TRY,0.05390371
2022-10-01,USD,1.0
2022-10-02,EUR,0.9748
2022-10-02,GBP,1.10396376
2022-10-02,JPY,0.00691298
2022-10-02,TRY,0.05390371
2022-10-02,USD,1.0
2022-10-03,EUR,0.9764
2022-10-03,GBP,1.12139658
2022-10-03,JPY,0.00690084
2022-10-03,TRY,0.05387332
2022-10-03,USD,1.0
2022-10-04,EUR,0.9891
2022-10-04,GBP,1.13334021
2022-10-04,JPY,0.0069023
2022-10-04,TRY,0.05393894
2022-10-04,USD,1.0
2022-10-05,EUR,0.9915
2022-10-05,GBP,1.13521869
2022-10-05,JPY,0.00692485
2022-10-05,TRY,0.05382707
2022-10-05,USD,1.0
2022-10-06,EUR,0.986
2022-10-06,GBP,1.12578925
2022-10-06,JPY,0.00691057
2022-10-06,TRY,0.0538236
2022-10-06,USD,1.0
2022-10-07,EUR,0.9797
2022-10-07,GBP,1.12115629
2022-10-07,JPY,0.00690318
2022-10-07,TRY,0.05380306
2022-10-07,USD,1.0
2022-10-08,EUR,0.9797
2022-10-08,GBP,1.12115629
2022-10-08,JPY,0.00690318
2022-10-08,TRY,0.05380306
2022-10-08,USD,1.0
2022-10-09,EUR,0.9797
2022-10-09,GBP,1.12115629
2022-10-09,JPY,0.00690318
2022-10-09,TRY,0.05380306
2022-10-09,USD,1.0
2022-10-10,EUR,0.9697
2022-10-10,GBP,1.10532315
2022-10-10,JPY,0.00686951
2022-10-10,TRY,0.05383304
2022-10-10,USD,1.0
2022-10-11,EUR,0.9723
2022-10-11,GBP,1.10862798
2022-10-11,JPY,0.00686944
2022-10-11,TRY,0.05381158
2022-10-11,USD,1.0
2022-10-12,EUR,0.9706
2022-10-12,GBP,1.10496357
2022-10-12,JPY,0.00681888
2022-10-12,TRY,0.05379461
2022-10-12,USD,1.0
2022-10-13,EUR,0.9739
2022-10-13,GBP,1.12572677
2022-10-13,JPY,0.00681335
2022-10-13,TRY,0.05379444
2022-10-13,USD,1.0
2022-10-14,EUR,0.9717
2022-10-14,GBP,1.11917349
2022-10-14,JPY,0.0067653
2022-10-14,TRY,0.05379982
2022-10-14,USD,1.0
2022-10-15,EUR,0.9717
2022-10-15,GBP,1.11917349
2022-10-15,JPY,0.0067653
2022-10-15,TRY,0.05379982
2022-10-15,USD,1.0
2022-10-16,EUR,0.9717
2022-10-16,GBP,1.11917349
2022-10-16,JPY,0.0067653
2022-10-16,TRY,0.05379982
2022-10-16,USD,1.0
2022-10-17,EUR,0.9739
2022-10-17,GBP,1.12915942
2022-10-17,JPY,0.00671655
2022-10-17,TRY,0.05379385
2022-10-17,USD,1.0
2022-10-18,EUR,0.9835
2022-10-18,GBP,1.1313961
2022-10-18,JPY,0.00670644
2022-10-18,TRY,0.05379814
2022-10-18,USD,1.0
2022-10-19,EUR,0.9778
2022-10-19,GBP,1.12399848
2022-10-19,JPY,0.0066817
2022-10-19,TRY,0.05378645
2022-10-19,USD,1.0
2022-10-20,EUR,0.9811
2022-10-20,GBP,1.12436682
2022-10-20,JPY,0.0066746
2022-10-20,TRY,0.05383058
2022-10-20,USD,1.0
2022-10-21,EUR,0.973
2022-10-21,GBP,1.10910998
2022-10-21,JPY,0.00659259
2022-10-21,TRY,0.05376047
2022-10-21,USD,1.0
2022-10-22,EUR,0.973
2022-10-22,GBP,1.10910998
2022-10-22,JPY,0.00659259
2022-10-22,TRY,0.05376047
2022-10-22,USD,1.0
2022-10-23,EUR,0.973
2022-10-23,GBP,1.10910998
2022-10-23,JPY,0.00659259
2022-10-23,TRY,0.05376047
2022-10-23,USD,1.0
2022-10-24,EUR,0.9851
2022-10-24,GBP,1.13138854
2022-10-24,JPY,0.00671232
2022-10-24,TRY,0.05374309
2022-10-24,USD,1.0
2022-10-25,EUR,0.9861
2022-10-25,GBP,1.13158831
2022-10-25,JPY,0.00671547
2022-10-25,TRY,0.05373608
2022-10-25,USD,1.0
2022-10-26,EUR,1.0023
2022-10-26,GBP,1.15735021
2022-10-26,JPY,0.00680356
2022-10-26,TRY,0.05375387
2022-10-26,USD,1.0
2022-10-27,EUR,1.0037
2022-10-27,GBP,1.15706957
2022-10-27,JPY,0.00681075
2022-10-27,TRY,0.05372839
2022-10-27,USD,1.0
2022-10-28,EUR,0.9951
2022-10-28,GBP,1.15548072
2022-10-28,JPY,0.00677907
2022-10-28,TRY,0.05372559
2022-10-28,USD,1.0
2022-10-29,EUR,0.9951
2022-10-29,GBP,1.15548072
2022-10-29,JPY,0.00677907
2022-10-29,TRY,0.05372559
2022-10-29,USD,1.0
2022-10-30,EUR,0.9951
2022-10-30,GBP,1.15548072
2022-10-30,JPY,0.00677907
2022-10-30,TRY,0.05372559
2022-10-30,USD,1.0
2022-10-31,EUR,0.9914
2022-10-31,GBP,1.15125123
2022-10-31,JPY,0.00672592
2022-10-31,TRY,0.05371637
2022-10-31,USD,1.0
2022-11-01,EUR,0.9947
2022-11-01,GBP,1.15584838
2022-11-01,JPY,0.00679672
2022-11-01,TRY,0.05370486
2022-11-01,USD,1.0
2022-11-02,EUR,0.9908
2022-11-02,GBP,1.15075494
2022-11-02,JPY,0.00679794
2022-11-02,TRY,0.05370539
2022-11-02,USD,1.0
2022-11-03,EUR,0.9753
2022-11-03,GBP,1.11810428
2022-11-03,JPY,0.00674575
2022-11-03,TRY,0.05370536
2022-11-03,USD,1.0
2022-11-04,EUR,0.9872
2022-11-04,GBP,1.12851231
2022-11-04,JPY,0.00679937
2022-11-04,TRY,0.05369741
2022-11-04,USD,1.0
2022-11-05,EUR,0.9872
2022-11-05,GBP,1.12851231
2022-11-05,JPY,0.00679937
2022-11-05,TRY,0.05369741
2022-11-05,USD,1.0
2022-11-06,EUR,0.9872
2022-11-06,GBP,1.12851231
2022-11-06,JPY,0.00679937
2022-11-06,TRY,0.05369741
2022-11-06,USD,1.0
2022-11-07,EUR,0.9993
2022-11-07,GBP,1.14684111
2022-11-07,JPY,0.00683609
2022-11-07,TRY,0.05376194
2022-11-07,USD,1.0
2022-11-08,EUR,0.9996
2022-11-08,GBP,1.14399506
2022-11-08,JPY,0.00683487
2022-11-08,TRY,0.05374454
2022-11-08,USD,1.0
2022-11-09,EUR,1.0039
2022-11-09,GBP,1.14373277
2022-11-09,JPY,0.00683762
2022-11-09,TRY,0.05376269
2022-11-09,USD,1.0
2022-11-10,EUR,0.9954
2022-11-10,GBP,1.14023231
2022-11-10,JPY,0.00684265
2022-11-10,TRY,0.05377634
2022-11-10,USD,1.0
2022-11-11,EUR,1.0308
2022-11-11,GBP,1.17754575
2022-11-11,JPY,0.00716381
2022-11-11,TRY,0.05397226
2022-11-11,USD,1.0
2022-11-12,EUR,1.0308
2022-11-12,GBP,1.17754575
2022-11-12,JPY,0.00716381
2022-11-12,TRY,0.05397226
2022-11-12,USD,1.0
2022-11-13,EUR,1.0308
2022-11-13,GBP,1.17754575
2022-11-13,JPY,0.00716381
2022-11-13,TRY,0.05397226
2022-11-13,USD,1.0
2022-11-14,EUR,1.0319
2022-11-14,GBP,1.1791391
2022-11-14,JPY,0.00712343
2022-11-14,TRY,0.05376635
2022-11-14,USD,1.0
2022-11-15,EUR,1.0404
2022-11-15,GBP,1.18964039
2022-11-15,JPY,0.0071831
2022-11-15,TRY,0.05373745
2022-11-15,USD,1.0
2022-11-16,EUR,1.0412
2022-11-16,GBP,1.19017409
2022-11-16,JPY,0.00716636
2022-11-16,TRY,0.0537302
2022-11-16,USD,1.0
2022-11-17,EUR,1.0319
2022-11-17,GBP,1.17965133
2022-11-17,JPY,0.00712638
2022-11-17,TRY,0.0537101
2022-11-17,USD,1.0
2022-11-18,EUR,1.0366
2022-11-18,GBP,1.19063207
2022-11-18,JPY,0.00714305
2022-11-18,TRY,0.05370734
2022-11-18,USD,1.0
2022-11-19,EUR,1.0366
2022-11-19,GBP,1.19063207
2022-11-19,JPY,0.00714305
2022-11-19,TRY,0.05370734
2022-11-19,USD,1.0
2022-11-20,EUR,1.0366
2022-11-20,GBP,1.19063207
2022-11-20,JPY,0.00714305
2022-11-20,TRY,0.05370734
2022-11-20,USD,1.0
2022-11-21,EUR,1.0246
2022-11-21,GBP,1.18050995
2022-11-21,JPY,0.00705016
2022-11-21,TRY,0.05369402
2022-11-21,USD,1.0
2022-11-22,EUR,1.0274
2022-11-22,GBP,1.1896987
2022-11-22,JPY,0.00707576
2022-11-22,TRY,0.05372841
2022-11-22,USD,1.0
2022-11-23,EUR,1.0325
2022-11-23,GBP,1.19545207
2022-11-23,JPY,0.00708405
2022-11-23,TRY,0.05368768
2022-11-23,USD,1.0
2022-11-24,EUR,1.0413
2022-11-24,GBP,1.211758
2022-11-24,JPY,0.00723628
2022-11-24,TRY,0.05368384
2022-11-24,USD,1.0
2022-11-25,EUR,1.0375
2022-11-25,GBP,1.20801071
2022-11-25,JPY,0.00717397
2022-11-25,TRY,0.05366389
2022-11-25,USD,1.0
2022-11-26,EUR,1.0375
2022-11-26,GBP,1.20801071
2022-11-26,JPY,0.00717397
2022-11-26,TRY,0.05366389
2022-11-26,USD,1.0
2022-11-27,EUR,1.0375
2022-11-27,GBP,1.20801071
2022-11-27,JPY,0.00717397
2022-11-27,TRY,0.05366389
2022-11-27,USD,1.0
2022-11-28,EUR,1.0463
2022-11-28,GBP,1.20811491
2022-11-28,JPY,0.00722084
2022-11-28,TRY,0.05369937
2022-11-28,USD,1.0
2022-11-29,EUR,1.0366
2022-11-29,GBP,1.20230114
2022-11-29,JPY,0.00723075
2022-11-29,TRY,0.05365952
2022-11-29,USD,1.0
2022-11-30,EUR,1.0376
2022-11-30,GBP,1.19970401
2022-11-30,JPY,0.00719157
2022-11-30,TRY,0.05366906
2022-11-30,USD,1.0
2022-12-01,EUR,1.0454
2022-12-01,GBP,1.21962317
2022-12-01,JPY,0.00733717
2022-12-01,TRY,0.05367136
2022-12-01,USD,1.0
2022-12-02,EUR,1.0538
2022-12-02,GBP,1.22741832
2022-12-02,JPY,0.00745684
2022-12-02,TRY,0.05365799
2022-12-02,USD,1.0
2022-12-03,EUR,1.0538
2022-12-03,GBP,1.22741832
2022-12-03,JPY,0.00745684
2022-12-03,TRY,0.05365799
2022-12-03,USD,1.0
2022-12-04,EUR,1.0538
2022-12-04,GBP,1.22741832
2022-12-04,JPY,0.00745684
2022-12-04,TRY,0.05365799
2022-12-04,USD,1.0
2022-12-05,EUR,1.0587
2022-12-05,GBP,1.22983098
2022-12-05,JPY,0.00739987
2022-12-05,TRY,0.05365233
2022-12-05,USD,1.0
2022-12-06,EUR,1.0516
2022-12-06,GBP,1.22037832
2022-12-06,JPY,0.00733691
2022-12-06,TRY,0.05365032
2022-12-06,USD,1.0
2022-12-07,EUR,1.0529
2022-12-07,GBP,1.21852143
2022-12-07,JPY,0.00728953
2022-12-07,TRY,0.05364932
2022-12-07,USD,1.0
2022-12-08,EUR,1.0519
2022-12-08,GBP,1.21948109
2022-12-08,JPY,0.00731757
2022-12-08,TRY,0.05363717
2022-12-08,USD,1.0
2022-12-09,EUR,1.0559
2022-12-09,GBP,1.22850494
2022-12-09,JPY,0.00736846
2022-12-09,TRY,0.05363383
2022-12-09,USD,1.0
2022-12-10,EUR,1.0559
2022-12-10,GBP,1.22850494
2022-12-10,JPY,0.00736846
2022-12-10,TRY,0.05363383
2022-12-10,USD,1.0
2022-12-11,EUR,1.0559
2022-12-11,GBP,1.22850494
2022-12-11,JPY,0.00736846
2022-12-11,TRY,0.05363383
2022-12-11,USD,1.0
2022-12-12,EUR,1.0562
2022-12-12,GBP,1.22805386
2022-12-12,JPY,0.00729118
2022-12-12,TRY,0.0536379
2022-12-12,USD,1.0
2022-12-13,EUR,1.0545
2022-12-13,GBP,1.22969459
2022-12-13,JPY,0.00727994
2022-12-13,TRY,0.05362346
2022-12-13,USD,1.0
2022-12-14,EUR,1.0649
2022-12-14,GBP,1.23655914
2022-12-14,JPY,0.00741161
2022-12-14,TRY,0.05362601
2022-12-14,USD,1.0
2022-12-15,EUR,1.0621
2022-12-15,GBP,1.23222034
2022-12-15,JPY,0.00732129
2022-12-15,TRY,0.05362516
2022-12-15,USD,1.0
2022-12-16,EUR,1.0619
2022-12-16,GBP,1.21731455
2022-12-16,JPY,0.00729678
2022-12-16,TRY,0.05362075
2022-12-16,USD,1.0
2022-12-17,EUR,1.0619
2022-12-17,GBP,1.21731455
2022-12-17,JPY,0.00729678
2022-12-17,TRY,0.05362075
2022-12-17,USD,1.0
2022-12-18,EUR,1.0619
2022-12-18,GBP,1.21731455
2022-12-18,JPY,0.00729678
2022-12-18,TRY,0.05362075
2022-12-18,USD,1.0
2022-12-19,EUR,1.0598
2022-12-19,GBP,1.21651094
2022-12-19,JPY,0.00732665
2022-12-19,TRY,0.05361298
2022-12-19,USD,1.0
2022-12-20,EUR,1.0599
2022-12-20,GBP,1.21089912
2022-12-20,JPY,0.00753948
2022-12-20,TRY,0.0535996
2022-12-20,USD,1.0
2022-12-21,EUR,1.0636
2022-12-21,GBP,1.21344879
2022-12-21,JPY,0.00758144
2022-12-21,TRY,0.0535708
2022-12-21,USD,1.0
2022-12-22,EUR,1.0633
2022-12-22,GBP,1.2049681
2022-12-22,JPY,0.00757228
2022-12-22,TRY,0.05355245
2022-12-22,USD,1.0
2022-12-23,EUR,1.0622
2022-12-23,GBP,1.2066341
2022-12-23,JPY,0.00754082
2022-12-23,TRY,0.05353021
2022-12-23,USD,1.0
2022-12-24,EUR,1.0622
2022-12-24,GBP,1.2066341
2022-12-24,JPY,0.00754082
2022-12-24,TRY,0.05353021
2022-12-24,USD,1.0
2022-12-25,EUR,1.0622
2022-12-25,GBP,1.2066341
2022-12-25,JPY,0.00754082
2022-12-25,TRY,0.05353021
2022-12-25,USD,1.0
2022-12-26,EUR,1.0622
2022-12-26,GBP,1.2066341
2022-12-26,JPY,0.00754082
2022-12-26,TRY,0.05353021
2022-12-26,USD,1.0
2022-12-27,EUR,1.0624
2022-12-27,GBP,1.20272152
2022-12-27,JPY,0.00749859
2022-12-27,TRY,0.05344091
2022-12-27,USD,1.0
2022-12-28,EUR,1.064
2022-12-28,GBP,1.20829453
2022-12-28,JPY,0.00748189
2022-12-28,TRY,0.05342867
2022-12-28,USD,1.0
2022-12-29,EUR,1.0649
2022-12-29,GBP,1.20261098
2022-12-29,JPY,0.00748664
2022-12-29,TRY,0.05342129
2022-12-29,USD,1.0
2022-12-30,EUR,1.0666
2022-12-30,GBP,1.20257518
2022-12-30,JPY,0.00758282
2022-12-30,TRY,0.05342376
2022-12-30,USD,1.0
2022-12-31,EUR,1.0666
2022-12-31,GBP,1.20257518
2022-12-31,JPY,0.00758282
2022-12-31,TRY,0.05342376
2022-12-31,USD,1.0
2023-01-01,EUR,1.0666
2023-01-01,GBP,1.20257518
2023-01-01,JPY,0.00758282
2023-01-01,TRY,0.05342376
2023-01-01,USD,1.0
2023-01-02,EUR,1.0683
2023-01-02,GBP,1.20534808
2023-01-02,JPY,0.00765148
2023-01-02,TRY,0.05340459
2023-01-02,USD,1.0
2023-01-03,EUR,1.0545
2023-01-03,GBP,1.1976422
2023-01-03,JPY,0.00764518
2023-01-03,TRY,0.05337457
2023-01-03,USD,1.0
2023-01-04,EUR,1.0599
2023-01-04,GBP,1.20339252
2023-01-04,JPY,0.00763947
2023-01-04,TRY,0.05334978
2023-01-04,USD,1.0
2023-01-05,EUR,1.0601
2023-01-05,GBP,1.20052546
2023-01-05,JPY,0.00752111
2023-01-05,TRY,0.05327618
2023-01-05,USD,1.0
2023-01-06,EUR,1.05
2023-01-06,GBP,1.18677593
2023-01-06,JPY,0.007431
2023-01-06,TRY,0.05328191
2023-01-06,USD,1.0
2023-01-07,EUR,1.05
2023-01-07,GBP,1.18677593
2023-01-07,JPY,0.007431
2023-01-07,TRY,0.05328191
2023-01-07,USD,1.0
2023-01-08,EUR,1.05
2023-01-08,GBP,1.18677593
2023-01-08,JPY,0.007431
2023-01-08,TRY,0.05328191
2023-01-08,USD,1.0
2023-01-09,EUR,1.0696
2023-01-09,GBP,1.21479193
2023-01-09,JPY,0.00756703
2023-01-09,TRY,0.05326057
2023-01-09,USD,1.0
2023-01-10,EUR,1.0723
2023-01-10,GBP,1.21397034
2023-01-10,JPY,0.00755567
2023-01-10,TRY,0.05325394
2023-01-10,USD,1.0
2023-01-11,EUR,1.0747
2023-01-11,GBP,1.2119811
2023-01-11,JPY,0.00753594
2023-01-11,TRY,0.05325755
2023-01-11,USD,1.0
2023-01-12,EUR,1.0772
2023-01-12,GBP,1.21456759
2023-01-12,JPY,0.00766091
2023-01-12,TRY,0.05324449
2023-01-12,USD,1.0
2023-01-13,EUR,1.0814
2023-01-13,GBP,1.21779279
2023-01-13,JPY,0.00777874
2023-01-13,TRY,0.05321955
2023-01-13,USD,1.0
2023-01-14,EUR,1.0814
2023-01-14,GBP,1.21779279
2023-01-14,JPY,0.00777874
2023-01-14,TRY,0.05321955
2023-01-14,USD,1.0
2023-01-15,EUR,1.0814
2023-01-15,GBP,1.21779279
2023-01-15,JPY,0.00777874
2023-01-15,TRY,0.05321955
2023-01-15,USD,1.0
2023-01-16,EUR,1.0812
2023-01-16,GBP,1.21814372
2023-01-16,JPY,0.0077829
2023-01-16,TRY,0.05321521
2023-01-16,USD,1.0
2023-01-17,EUR,1.0843
2023-01-17,GBP,1.22388397
2023-01-17,JPY,0.00777276
2023-01-17,TRY,0.05321404
2023-01-17,USD,1.0
2023-01-18,EUR,1.0839
2023-01-18,GBP,1.23831829
2023-01-18,JPY,0.00775377
2023-01-18,TRY,0.05320904
2023-01-18,USD,1.0
2023-01-19,EUR,1.0815
2023-01-19,GBP,1.23391292
2023-01-19,JPY,0.00777946
2023-01-19,TRY,0.05319855
2023-01-19,USD,1.0
2023-01-20,EUR,1.0826
2023-01-20,GBP,1.23584475
2023-01-20,JPY,0.00768565
2023-01-20,TRY,0.05318177
2023-01-20,USD,1.0
2023-01-21,EUR,1.0826
2023-01-21,GBP,1.23584475
2023-01-21,JPY,0.00768565
2023-01-21,TRY,0.05318177
2023-01-21,USD,1.0
2023-01-22,EUR,1.0826
2023-01-22,GBP,1.23584475
2023-01-22,JPY,0.00768565
2023-01-22,TRY,0.05318177
2023-01-22,USD,1.0
2023-01-23,EUR,1.0871
2023-01-23,GBP,1.23576219
2023-01-23,JPY,0.00767455
2023-01-23,TRY,0.05316464
2023-01-23,USD,1.0
2023-01-24,EUR,1.0858
2023-01-24,GBP,1.22872533
2023-01-24,JPY,0.00767513
2023-01-24,TRY,0.05316451
2023-01-24,USD,1.0
2023-01-25,EUR,1.0878
2023-01-25,GBP,1.2326625
2023-01-25,JPY,0.0077056
2023-01-25,TRY,0.05315209
2023-01-25,USD,1.0
2023-01-26,EUR,1.0895
2023-01-26,GBP,1.23884246
2023-01-26,JPY,0.00770618
2023-01-26,TRY,0.05315645
2023-01-26,USD,1.0
2023-01-27,EUR,1.0865
2023-01-27,GBP,1.23627468
2023-01-27,JPY,0.00770021
2023-01-27,TRY,0.05316468
2023-01-27,USD,1.0
2023-01-28,EUR,1.0865
2023-01-28,GBP,1.23627468
2023-01-28,JPY,0.00770021
2023-01-28,TRY,0.05316468
2023-01-28,USD,1.0
2023-01-29,EUR,1.0865
2023-01-29,GBP,1.23627468
2023-01-29,JPY,0.00770021
2023-01-29,TRY,0.05316468
2023-01-29,USD,1.0
2023-01-30,EUR,1.0903
2023-01-30,GBP,1.23928709
2023-01-30,JPY,0.00768954
2023-01-30,TRY,0.05316903
2023-01-30,USD,1.0
2023-01-31,EUR,1.0833
2023-01-31,GBP,1.23000238
2023-01-31,JPY,0.00766829
2023-01-31,TRY,0.05315844
2023-01-31,USD,1.0
2023-02-01,EUR,1.0894
2023-02-01,GBP,1.23217174
2023-02-01,JPY,0.00770602
2023-02-01,TRY,0.05314717
2023-02-01,USD,1.0
2023-02-02,EUR,1.0988
2023-02-02,GBP,1.23061071
2023-02-02,JPY,0.00778628
2023-02-02,TRY,0.0531422
2023-02-02,USD,1.0
2023-02-03,EUR,1.0937
2023-02-03,GBP,1.22543417
2023-02-03,JPY,0.00778711
2023-02-03,TRY,0.05314228
2023-02-03,USD,1.0
2023-02-04,EUR,1.0937
2023-02-04,GBP,1.22543417
2023-02-04,JPY,0.00778711
2023-02-04,TRY,0.05314228
2023-02-04,USD,1.0
2023-02-05,EUR,1.0937
2023-02-05,GBP,1.22543417
2023-02-05,JPY,0.00778711
2023-02-05,TRY,0.05314228
2023-02-05,USD,1.0
2023-02-06,EUR,1.0776
2023-02-06,GBP,1.20701629
2023-02-06,JPY,0.00756688
2023-02-06,TRY,0.05310546
2023-02-06,USD,1.0
2023-02-07,EUR,1.07
2023-02-07,GBP,1.19769863
2023-02-07,JPY,0.00757254
2023-02-07,TRY,0.05310754
2023-02-07,USD,1.0
2023-02-08,EUR,1.0735
2023-02-08,GBP,1.2088964
2023-02-08,JPY,0.00762375
2023-02-08,TRY,0.05310045
2023-02-08,USD,1.0
2023-02-09,EUR,1.0771
2023-02-09,GBP,1.2168559
2023-02-09,JPY,0.00764986
2023-02-09,TRY,0.05309992
2023-02-09,USD,1.0
2023-02-10,EUR,1.069
2023-02-10,GBP,1.20998778
2023-02-10,JPY,0.00764226
2023-02-10,TRY,0.05308979
2023-02-10,USD,1.0
2023-02-11,EUR,1.069
2023-02-11,GBP,1.20998778
2023-02-11,JPY,0.00764226
2023-02-11,TRY,0.05308979
2023-02-11,USD,1.0
2023-02-12,EUR,1.069
2023-02-12,GBP,1.20998778
2023-02-12,JPY,0.00764226
2023-02-12,TRY,0.05308979
2023-02-12,USD,1.0
2023-02-13,EUR,1.0686
2023-02-13,GBP,1.21045299
2023-02-13,JPY,0.00754395
2023-02-13,TRY,0.05306465
2023-02-13,USD,1.0
2023-02-14,EUR,1.0759
2023-02-14,GBP,1.22087943
2023-02-14,JPY,0.0075693
2023-02-14,TRY,0.05305776
2023-02-14,USD,1.0
2023-02-15,EUR,1.07
2023-02-15,GBP,1.20461582
2023-02-15,JPY,0.0074799
2023-02-15,TRY,0.05305513
2023-02-15,USD,1.0
2023-02-16,EUR,1.07
2023-02-16,GBP,1.20382975
2023-02-16,JPY,0.00746633
2023-02-16,TRY,0.05305303
2023-02-16,USD,1.0
2023-02-17,EUR,1.0625
2023-02-17,GBP,1.19532445
2023-02-17,JPY,0.00742073
2023-02-17,TRY,0.05299833
2023-02-17,USD,1.0
2023-02-18,EUR,1.0625
2023-02-18,GBP,1.19532445
2023-02-18,JPY,0.00742073
2023-02-18,TRY,0.05299833
2023-02-18,USD,1.0
2023-02-19,EUR,1.0625
2023-02-19,GBP,1.19532445
2023-02-19,JPY,0.00742073
2023-02-19,TRY,0.05299833
2023-02-19,USD,1.0
2023-02-20,EUR,1.0674
2023-02-20,GBP,1.20286687
2023-02-20,JPY,0.00745964
2023-02-20,TRY,0.05300453
2023-02-20,USD,1.0
2023-02-21,EUR,1.0664
2023-02-21,GBP,1.21285186
2023-02-21,JPY,0.00741792
2023-02-21,TRY,0.05299593
2023-02-21,USD,1.0
2023-02-22,EUR,1.0644
2023-02-22,GBP,1.21030189
2023-02-22,JPY,0.00743089
2023-02-22,TRY,0.05297947
2023-02-22,USD,1.0
2023-02-23,EUR,1.0616
2023-02-23,GBP,1.20444747
2023-02-23,JPY,0.0074072
2023-02-23,TRY,0.05298595
2023-02-23,USD,1.0
2023-02-24,EUR,1.057
2023-02-24,GBP,1.19780158
2023-02-24,JPY,0.00736329
2023-02-24,TRY,0.0529652
2023-02-24,USD,1.0
2023-02-25,EUR,1.057
2023-02-25,GBP,1.19780158
2023-02-25,JPY,0.00736329
2023-02-25,TRY,0.0529652
2023-02-25,USD,1.0
2023-02-26,EUR,1.057
2023-02-26,GBP,1.19780158
2023-02-26,JPY,0.00736329
2023-02-26,TRY,0.0529652
2023-02-26,USD,1.0
2023-02-27,EUR,1.0554
2023-02-27,GBP,1.19832412
2023-02-27,JPY,0.00733528
2023-02-27,TRY,0.05294897
2023-02-27,USD,1.0
2023-02-28,EUR,1.0619
2023-02-28,GBP,1.21081858
2023-02-28,JPY,0.00731185
2023-02-28,TRY,0.05294781
2023-02-28,USD,1.0
2023-03-01,EUR,1.0684
2023-03-01,GBP,1.20622305
2023-03-01,JPY,0.00737743
2023-03-01,TRY,0.05294403
2023-03-01,USD,1.0
2023-03-02,EUR,1.0605
2023-03-02,GBP,1.19445852
2023-03-02,JPY,0.00731026
2023-03-02,TRY,0.05294082
2023-03-02,USD,1.0
2023-03-03,EUR,1.0615
2023-03-03,GBP,1.19902858
2023-03-03,JPY,0.00734348
2023-03-03,TRY,0.05290887
2023-03-03,USD,1.0
2023-03-04,EUR,1.0615
2023-03-04,GBP,1.19902858
2023-03-04,JPY,0.00734348
2023-03-04,TRY,0.05290887
2023-03-04,USD,1.0
2023-03-05,EUR,1.0615
2023-03-05,GBP,1.19902858
2023-03-05,JPY,0.00734348
2023-03-05,TRY,0.05290887
2023-03-05,USD,1.0
2023-03-06,EUR,1.0646
2023-03-06,GBP,1.20117342
2023-03-06,JPY,0.00736034
2023-03-06,TRY,0.05290306
2023-03-06,USD,1.0
2023-03-07,EUR,1.0665
2023-03-07,GBP,1.19874562
2023-03-07,JPY,0.00734454
2023-03-07,TRY,0.05286612
2023-03-07,USD,1.0
2023-03-08,EUR,1.0545
2023-03-08,GBP,1.18384714
2023-03-08,JPY,0.00728749
2023-03-08,TRY,0.05280262
2023-03-08,USD,1.0
2023-03-09,EUR,1.0554
2023-03-09,GBP,1.18832616
2023-03-09,JPY,0.00733834
2023-03-09,TRY,0.05276314
2023-03-09,USD,1.0
2023-03-10,EUR,1.0586
2023-03-10,GBP,1.19943801
2023-03-10,JPY,0.00731583
2023-03-10,TRY,0.05273567
2023-03-10,USD,1.0
2023-03-11,EUR,1.0586
2023-03-11,GBP,1.19943801
2023-03-11,JPY,0.00731583
2023-03-11,TRY,0.05273567
2023-03-11,USD,1.0
2023-03-12,EUR,1.0586
2023-03-12,GBP,1.19943801
2023-03-12,JPY,0.00731583
2023-03-12,TRY,0.05273567
2023-03-12,USD,1.0
2023-03-13,EUR,1.0706
2023-03-13,GBP,1.21149711
2023-03-13,JPY,0.00754156
2023-03-13,TRY,0.0527049
2023-03-13,USD,1.0
2023-03-14,EUR,1.0737
2023-03-14,GBP,1.21936539
2023-03-14,JPY,0.00745159
2023-03-14,TRY,0.05270159
2023-03-14,USD,1.0
2023-03-15,EUR,1.0549
2023-03-15,GBP,1.20915145
2023-03-15,JPY,0.00756147
2023-03-15,TRY,0.05267415
2023-03-15,USD,1.0
2023-03-16,EUR,1.0595
2023-03-16,GBP,1.206445
2023-03-16,JPY,0.00755814
2023-03-16,TRY,0.05266062
2023-03-16,USD,1.0
2023-03-17,EUR,1.0623
2023-03-17,GBP,1.21422366
2023-03-17,JPY,0.00755709
2023-03-17,TRY,0.05262584
2023-03-17,USD,1.0
2023-03-18,EUR,1.0623
2023-03-18,GBP,1.21422366
2023-03-18,JPY,0.00755709
2023-03-18,TRY,0.05262584
2023-03-18,USD,1.0
2023-03-19,EUR,1.0623
2023-03-19,GBP,1.21422366
2023-03-19,JPY,0.00755709
2023-03-19,TRY,0.05262584
2023-03-19,USD,1.0
2023-03-20,EUR,1.0717
2023-03-20,GBP,1.22396071
2023-03-20,JPY,0.00761313
2023-03-20,TRY,0.05257607
2023-03-20,USD,1.0
2023-03-21,EUR,1.0776
2023-03-21,GBP,1.22408642
2023-03-21,JPY,0.00755521
2023-03-21,TRY,0.05255688
2023-03-21,USD,1.0
2023-03-22,EUR,1.0785
2023-03-22,GBP,1.22661359
2023-03-22,JPY,0.00753511
2023-03-22,TRY,0.05251906
2023-03-22,USD,1.0
2023-03-23,EUR,1.0879
2023-03-23,GBP,1.22894615
2023-03-23,JPY,0.00761461
2023-03-23,TRY,0.05251015
2023-03-23,USD,1.0
2023-03-24,EUR,1.0745
2023-03-24,GBP,1.22185581
2023-03-24,JPY,0.00768323
2023-03-24,TRY,0.05244482
2023-03-24,USD,1.0
2023-03-25,EUR,1.0745
2023-03-25,GBP,1.22185581
2023-03-25,JPY,0.00768323
2023-03-25,TRY,0.05244482
2023-03-25,USD,1.0
2023-03-26,EUR,1.0745
2023-03-26,GBP,1.22185581
2023-03-26,JPY,0.00768323
2023-03-26,TRY,0.05244482
2023-03-26,USD,1.0
2023-03-27,EUR,1.0773
2023-03-27,GBP,1.22674167
2023-03-27,JPY,0.0076059
2023-03-27,TRY,0.05237213
2023-03-27,USD,1.0
2023-03-28,EUR,1.0841
2023-03-28,GBP,1.23280038
2023-03-28,JPY,0.00765121
2023-03-28,TRY,0.0523333
2023-03-28,USD,1.0
2023-03-29,EUR,1.0847
2023-03-29,GBP,1.23278174
2023-03-29,JPY,0.00755467
2023-03-29,TRY,0.0522747
2023-03-29,USD,1.0
2023-03-30,EUR,1.0886
2023-03-30,GBP,1.23474434
2023-03-30,JPY,0.00753774
2023-03-30,TRY,0.05217275
2023-03-30,USD,1.0
2023-03-31,EUR,1.0875
2023-03-31,GBP,1.23691993
2023-03-31,JPY,0.0075088
2023-03-31,TRY,0.05212527
2023-03-31,USD,1.0
2023-04-01,EUR,1.0875
2023-04-01,GBP,1.23691993
2023-04-01,JPY,0.0075088
2023-04-01,TRY,0.05212527
2023-04-01,USD,1.0
2023-04-02,EUR,1.0875
2023-04-02,GBP,1.23691993
2023-04-02,JPY,0.0075088
2023-04-02,TRY,0.05212527
2023-04-02,USD,1.0
2023-04-03,EUR,1.087
2023-04-03,GBP,1.23818203
2023-04-03,JPY,0.00752197
2023-04-03,TRY,0.05207784
2023-04-03,USD,1.0
2023-04-04,EUR,1.0901
2023-04-04,GBP,1.24821087
2023-04-04,JPY,0.00752104
2023-04-04,TRY,0.05200635
2023-04-04,USD,1.0
2023-04-05,EUR,1.094
2023-04-05,GBP,1.24764783
2023-04-05,JPY,0.00761096
2023-04-05,TRY,0.05194213
2023-04-05,USD,1.0
2023-04-06,EUR,1.0915
2023-04-06,GBP,1.24749986
2023-04-06,JPY,0.0076068
2023-04-06,TRY,0.05192797
2023-04-06,USD,1.0
2023-04-07,EUR,1.0915
2023-04-07,GBP,1.24749986
2023-04-07,JPY,0.0076068
2023-04-07,TRY,0.05192797
2023-04-07,USD,1.0
2023-04-08,EUR,1.0915
2023-04-08,GBP,1.24749986
2023-04-08,JPY,0.0076068
2023-04-08,TRY,0.05192797
2023-04-08,USD,1.0
2023-04-09,EUR,1.0915
2023-04-09,GBP,1.24749986
2023-04-09,JPY,0.0076068
2023-04-09,TRY,0.05192797
2023-04-09,USD,1.0
2023-04-10,EUR,1.0915
2023-04-10,GBP,1.24749986
2023-04-10,JPY,0.0076068
2023-04-10,TRY,0.05192797
2023-04-10,USD,1.0
2023-04-11,EUR,1.0905
2023-04-11,GBP,1.24290501
2023-04-11,JPY,0.00750619
2023-04-11,TRY,0.05184636
2023-04-11,USD,1.0
2023-04-12,EUR,1.0922
2023-04-12,GBP,1.24060065
2023-04-12,JPY,0.00747621
2023-04-12,TRY,0.05176892
2023-04-12,USD,1.0
2023-04-13,EUR,1.1015
2023-04-13,GBP,1.2508801
2023-04-13,JPY,0.00750289
2023-04-13,TRY,0.05173499
2023-04-13,USD,1.0
2023-04-14,EUR,1.1057
2023-04-14,GBP,1.25022614
2023-04-14,JPY,0.00754229
2023-04-14,TRY,0.05161564
2023-04-14,USD,1.0
2023-04-15,EUR,1.1057
2023-04-15,GBP,1.25022614
2023-04-15,JPY,0.00754229
2023-04-15,TRY,0.05161564
2023-04-15,USD,1.0
2023-04-16,EUR,1.1057
2023-04-16,GBP,1.25022614
2023-04-16,JPY,0.00754229
2023-04-16,TRY,0.05161564
2023-04-16,USD,1.0
2023-04-17,EUR,1.0981
2023-04-17,GBP,1.24257409
2023-04-17,JPY,0.00747159
2023-04-17,TRY,0.05159396
2023-04-17,USD,1.0
2023-04-18,EUR,1.0972
2023-04-18,GBP,1.24479539
2023-04-18,JPY,0.00746954
2023-04-18,TRY,0.05155724
2023-04-18,USD,1.0
2023-04-19,EUR,1.0933
2023-04-19,GBP,1.24086349
2023-04-19,JPY,0.00742529
2023-04-19,TRY,0.05155057
2023-04-19,USD,1.0
2023-04-20,EUR,1.0944
2023-04-20,GBP,1.24147789
2023-04-20,JPY,0.00742167
2023-04-20,TRY,0.05153804
2023-04-20,USD,1.0
2023-04-21,EUR,1.0978
2023-04-21,GBP,1.2394716
2023-04-21,JPY,0.00747209
2023-04-21,TRY,0.05154015
2023-04-21,USD,1.0
2023-04-22,EUR,1.0978
2023-04-22,GBP,1.2394716
2023-04-22,JPY,0.00747209
2023-04-22,TRY,0.05154015
2023-04-22,USD,1.0
2023-04-23,EUR,1.0978
2023-04-23,GBP,1.2394716
2023-04-23,JPY,0.00747209
2023-04-23,TRY,0.05154015
2023-04-23,USD,1.0
2023-04-24,EUR,1.1002
2023-04-24,GBP,1.2436838
2023-04-24,JPY,0.00742525
2023-04-24,TRY,0.05152993
2023-04-24,USD,1.0
2023-04-25,EUR,1.1022
2023-04-25,GBP,1.24338654
2023-04-25,JPY,0.00745183
2023-04-25,TRY,0.05148759
2023-04-25,USD,1.0
2023-04-26,EUR,1.1039
2023-04-26,GBP,1.24649955
2023-04-26,JPY,0.00747545
2023-04-26,TRY,0.05148211
2023-04-26,USD,1.0
2023-04-27,EUR,1.1042
2023-04-27,GBP,1.24869951
2023-04-27,JPY,0.0075034
2023-04-27,TRY,0.05147114
2023-04-27,USD,1.0
2023-04-28,EUR,1.0981
2023-04-28,GBP,1.24713231
2023-04-28,JPY,0.00735253
2023-04-28,TRY,0.05140725
2023-04-28,USD,1.0
2023-04-29,EUR,1.0981
2023-04-29,GBP,1.24713231
2023-04-29,JPY,0.00735253
2023-04-29,TRY,0.05140725
2023-04-29,USD,1.0
2023-04-30,EUR,1.0981
2023-04-30,GBP,1.24713231
2023-04-30,JPY,0.00735253
2023-04-30,TRY,0.05140725
2023-04-30,USD,1.0
2023-05-01,EUR,1.0981
2023-05-01,GBP,1.24713231
2023-05-01,JPY,0.00735253
2023-05-01,TRY,0.05140725
2023-05-01,USD,1.0
2023-05-02,EUR,1.0965
2023-05-02,GBP,1.24789457
2023-05-02,JPY,0.00727605
2023-05-02,TRY,0.05135639
2023-05-02,USD,1.0
2023-05-03,EUR,1.1043
2023-05-03,GBP,1.25111879
2023-05-03,JPY,0.00737873
2023-05-03,TRY,0.05134918
2023-05-03,USD,1.0
2023-05-04,EUR,1.1074
2023-05-04,GBP,1.25819463
2023-05-04,JPY,0.00743621
2023-05-04,TRY,0.05131009
2023-05-04,USD,1.0
2023-05-05,EUR,1.1014
2023-05-05,GBP,1.26050035
2023-05-05,JPY,0.00745196
2023-05-05,TRY,0.05128874
2023-05-05,USD,1.0
2023-05-06,EUR,1.1014
2023-05-06,GBP,1.26050035
2023-05-06,JPY,0.00745196
2023-05-06,TRY,0.05128874
2023-05-06,USD,1.0
2023-05-07,EUR,1.1014
2023-05-07,GBP,1.26050035
2023-05-07,JPY,0.00745196
2023-05-07,TRY,0.05128874
2023-05-07,USD,1.0
2023-05-08,EUR,1.1037
2023-05-08,GBP,1.26530472
2023-05-08,JPY,0.00739993
2023-05-08,TRY,0.0512624
2023-05-08,USD,1.0
2023-05-09,EUR,1.0959
2023-05-09,GBP,1.25979998
2023-05-09,JPY,0.00740623
2023-05-09,TRY,0.05124428
2023-05-09,USD,1.0
2023-05-10,EUR,1.095
2023-05-10,GBP,1.26133183
2023-05-10,JPY,0.00738966
2023-05-10,TRY,0.05117444
2023-05-10,USD,1.0
2023-05-11,EUR,1.093
2023-05-11,GBP,1.25928913
2023-05-11,JPY,0.00745871
2023-05-11,TRY,0.05112709
2023-05-11,USD,1.0
2023-05-12,EUR,1.0892
2023-05-12,GBP,1.25166628
2023-05-12,JPY,0.00740852
2023-05-12,TRY,0.05099537
2023-05-12,USD,1.0
2023-05-13,EUR,1.0892
2023-05-13,GBP,1.25166628
2023-05-13,JPY,0.00740852
2023-05-13,TRY,0.05099537
2023-05-13,USD,1.0
2023-05-14,EUR,1.0892
2023-05-14,GBP,1.25166628
2023-05-14,JPY,0.00740852
2023-05-14,TRY,0.05099537
2023-05-14,USD,1.0
2023-05-15,EUR,1.0876
2023-05-15,GBP,1.25093452
2023-05-15,JPY,0.00734121
2023-05-15,TRY,0.05084714
2023-05-15,USD,1.0
2023-05-16,EUR,1.0881
2023-05-16,GBP,1.25158159
2023-05-16,JPY,0.0073575
2023-05-16,TRY,0.05074502
2023-05-16,USD,1.0
2023-05-17,EUR,1.0829
2023-05-17,GBP,1.2462167
2023-05-17,JPY,0.0073016
2023-05-17,TRY,0.05061108
2023-05-17,USD,1.0
2023-05-18,EUR,1.0813
2023-05-18,GBP,1.244447
2023-05-18,JPY,0.00725315
2023-05-18,TRY,0.05053654
2023-05-18,USD,1.0
2023-05-19,EUR,1.0808
2023-05-19,GBP,1.24458775
2023-05-19,JPY,0.00722701
2023-05-19,TRY,0.05048368
2023-05-19,USD,1.0
2023-05-20,EUR,1.0808
2023-05-20,GBP,1.24458775
2023-05-20,JPY,0.00722701
2023-05-20,TRY,0.05048368
2023-05-20,USD,1.0
2023-05-21,EUR,1.0808
2023-05-21,GBP,1.24458775
2023-05-21,JPY,0.00722701
2023-05-21,TRY,0.05048368
2023-05-21,USD,1.0
2023-05-22,EUR,1.0822
2023-05-22,GBP,1.24611381
2023-05-22,JPY,0.00723202
2023-05-22,TRY,0.05042189
2023-05-22,USD,1.0
2023-05-23,EUR,1.0779
2023-05-23,GBP,1.23906521
2023-05-23,JPY,0.00722453
2023-05-23,TRY,0.05037081
2023-05-23,USD,1.0
2023-05-24,EUR,1.0785
2023-05-24,GBP,1.23975492
2023-05-24,JPY,0.00722371
2023-05-24,TRY,0.05028277
2023-05-24,USD,1.0
2023-05-25,EUR,1.0735
2023-05-25,GBP,1.2368509
2023-05-25,JPY,0.00717436
2023-05-25,TRY,0.05017668
2023-05-25,USD,1.0
2023-05-26,EUR,1.0751
2023-05-26,GBP,1.23840899
2023-05-26,JPY,0.00715588
2023-05-26,TRY,0.0499257
2023-05-26,USD,1.0
2023-05-27,EUR,1.0751
2023-05-27,GBP,1.23840899
2023-05-27,JPY,0.00715588
2023-05-27,TRY,0.0499257
2023-05-27,USD,1.0
2023-05-28,EUR,1.0751
2023-05-28,GBP,1.23840899
2023-05-28,JPY,0.00715588
2023-05-28,TRY,0.0499257
2023-05-28,USD,1.0
2023-05-29,EUR,1.0715
2023-05-29,GBP,1.2343759
2023-05-29,JPY,0.00712955
2023-05-29,TRY,0.04974605
2023-05-29,USD,1.0
2023-05-30,EUR,1.0744
2023-05-30,GBP,1.24402246
2023-05-30,JPY,0.00716219
2023-05-30,TRY,0.04903294
2023-05-30,USD,1.0
2023-05-31,EUR,1.0683
2023-05-31,GBP,1.23638678
2023-05-31,JPY,0.00716355
2023-05-31,TRY,0.04826947
2023-05-31,USD,1.0
2023-06-01,EUR,1.0697
2023-06-01,GBP,1.24640248
2023-06-01,JPY,0.00716717
2023-06-01,TRY,0.04807208
2023-06-01,USD,1.0
2023-06-02,EUR,1.0763
2023-06-02,GBP,1.25253113
2023-06-02,JPY,0.00720126
2023-06-02,TRY,0.04789047
2023-06-02,USD,1.0
2023-06-03,EUR,1.0763
2023-06-03,GBP,1.25253113
2023-06-03,JPY,0.00720126
2023-06-03,TRY,0.04789047
2023-06-03,USD,1.0
2023-06-04,EUR,1.0763
2023-06-04,GBP,1.25253113
2023-06-04,JPY,0.00720126
2023-06-04,TRY,0.04789047
2023-06-04,USD,1.0
2023-06-05,EUR,1.069
2023-06-05,GBP,1.23837216
2023-06-05,JPY,0.00712857
2023-06-05,TRY,0.04709998
2023-06-05,USD,1.0
2023-06-06,EUR,1.0683
2023-06-06,GBP,1.24072332
2023-06-06,JPY,0.00716547
2023-06-06,TRY,0.04649594
2023-06-06,USD,1.0
2023-06-07,EUR,1.0717
2023-06-07,GBP,1.24659765
2023-06-07,JPY,0.0071724
2023-06-07,TRY,0.04322678
2023-06-07,USD,1.0
2023-06-08,EUR,1.0737
2023-06-08,GBP,1.24685007
2023-06-08,JPY,0.00715895
2023-06-08,TRY,0.04279821
2023-06-08,USD,1.0
2023-06-09,EUR,1.078
2023-06-09,GBP,1.25648348
2023-06-09,JPY,0.00717519
2023-06-09,TRY,0.0429065
2023-06-09,USD,1.0
2023-06-10,EUR,1.078
2023-06-10,GBP,1.25648348
2023-06-10,JPY,0.00717519
2023-06-10,TRY,0.0429065
2023-06-10,USD,1.0
2023-06-11,EUR,1.078
2023-06-11,GBP,1.25648348
2023-06-11,JPY,0.00717519
2023-06-11,TRY,0.0429065
2023-06-11,USD,1.0
2023-06-12,EUR,1.0765
2023-06-12,GBP,1.25644856
2023-06-12,JPY,0.00717523
2023-06-12,TRY,0.04240292
2023-06-12,USD,1.0
2023-06-13,EUR,1.0793
2023-06-13,GBP,1.25719278
2023-06-13,JPY,0.00716572
2023-06-13,TRY,0.04224746
2023-06-13,USD,1.0
2023-06-14,EUR,1.0809
2023-06-14,GBP,1.26487625
2023-06-14,JPY,0.00714834
2023-06-14,TRY,0.0424057
2023-06-14,USD,1.0
2023-06-15,EUR,1.0819
2023-06-15,GBP,1.26456665
2023-06-15,JPY,0.00707772
2023-06-15,TRY,0.04224324
2023-06-15,USD,1.0
2023-06-16,EUR,1.0966
2023-06-16,GBP,1.28365407
2023-06-16,JPY,0.00709085
2023-06-16,TRY,0.04225965
2023-06-16,USD,1.0
2023-06-17,EUR,1.0966
2023-06-17,GBP,1.28365407
2023-06-17,JPY,0.00709085
2023-06-17,TRY,0.04225965
2023-06-17,USD,1.0
2023-06-18,EUR,1.0966
2023-06-18,GBP,1.28365407
2023-06-18,JPY,0.00709085
2023-06-18,TRY,0.04225965
2023-06-18,USD,1.0
2023-06-19,EUR,1.0922
2023-06-19,GBP,1.28090257
2023-06-19,JPY,0.00704918
2023-06-19,TRY,0.04229235
2023-06-19,USD,1.0
2023-06-20,EUR,1.0933
2023-06-20,GBP,1.27565486
2023-06-20,JPY,0.00707592
2023-06-20,TRY,0.04242744
2023-06-20,USD,1.0
2023-06-21,EUR,1.0923
2023-06-21,GBP,1.2726616
2023-06-21,JPY,0.0070521
2023-06-21,TRY,0.0424453
2023-06-21,USD,1.0
2023-06-22,EUR,1.0985
2023-06-22,GBP,1.27561981
2023-06-22,JPY,0.00703941
2023-06-22,TRY,0.04125837
2023-06-22,USD,1.0
2023-06-23,EUR,1.0884
2023-06-23,GBP,1.2732952
2023-06-23,JPY,0.00698409
2023-06-23,TRY,0.03960973
2023-06-23,USD,1.0
2023-06-24,EUR,1.0884
2023-06-24,GBP,1.2732952
2023-06-24,JPY,0.00698409
2023-06-24,TRY,0.03960973
2023-06-24,USD,1.0
2023-06-25,EUR,1.0884
2023-06-25,GBP,1.2732952
2023-06-25,JPY,0.00698409
2023-06-25,TRY,0.03960973
2023-06-25,USD,1.0
2023-06-26,EUR,1.0918
2023-06-26,GBP,1.27133841
2023-06-26,JPY,0.00698037
2023-06-26,TRY,0.03860501
2023-06-26,USD,1.0
2023-06-27,EUR,1.0951
2023-06-27,GBP,1.27352018
2023-06-27,JPY,0.00696894
2023-06-27,TRY,0.03839869
2023-06-27,USD,1.0
2023-06-28,EUR,1.0938
2023-06-28,GBP,1.26567924
2023-06-28,JPY,0.00693068
2023-06-28,TRY,0.03835661
2023-06-28,USD,1.0
2023-06-29,EUR,1.0938
2023-06-29,GBP,1.26597222
2023-06-29,JPY,0.0069342
2023-06-29,TRY,0.03840752
2023-06-29,USD,1.0
2023-06-30,EUR,1.0866
2023-06-30,GBP,1.26602041
2023-06-30,JPY,0.00691397
2023-06-30,TRY,0.03836959
2023-06-30,USD,1.0
2023-07-01,EUR,1.0866
2023-07-01,GBP,1.26602041
2023-07-01,JPY,0.00691397
2023-07-01,TRY,0.03836959
2023-07-01,USD,1.0
2023-07-02,EUR,1.0866
2023-07-02,GBP,1.26602041
2023-07-02,JPY,0.00691397
2023-07-02,TRY,0.03836959
2023-07-02,USD,1.0
2023-07-03,EUR,1.0899
2023-07-03,GBP,1.26762038
2023-07-03,JPY,0.00690641
2023-07-03,TRY,0.03834638
2023-07-03,USD,1.0
2023-07-04,EUR,1.0895
2023-07-04,GBP,1.27169587
2023-07-04,JPY,0.00692449
2023-07-04,TRY,0.03838187
2023-07-04,USD,1.0
2023-07-05,EUR,1.0879
2023-07-05,GBP,1.26965046
2023-07-05,JPY,0.00691784
2023-07-05,TRY,0.03832955
2023-07-05,USD,1.0
2023-07-06,EUR,1.0899
2023-07-06,GBP,1.2775759
2023-07-06,JPY,0.0069611
2023-07-06,TRY,0.03843861
2023-07-06,USD,1.0
2023-07-07,EUR,1.0888
2023-07-07,GBP,1.27646604
2023-07-07,JPY,0.00697904
2023-07-07,TRY,0.03836099
2023-07-07,USD,1.0
2023-07-08,EUR,1.0888
2023-07-08,GBP,1.27646604
2023-07-08,JPY,0.00697904
2023-07-08,TRY,0.03836099
2023-07-08,USD,1.0
2023-07-09,EUR,1.0888
2023-07-09,GBP,1.27646604
2023-07-09,JPY,0.00697904
2023-07-09,TRY,0.03836099
2023-07-09,USD,1.0
2023-07-10,EUR,1.0956
2023-07-10,GBP,1.27792099
2023-07-10,JPY,0.00703525
2023-07-10,TRY,0.03832109
2023-07-10,USD,1.0
2023-07-11,EUR,1.0989
2023-07-11,GBP,1.29115263
2023-07-11,JPY,0.00712323
2023-07-11,TRY,0.03830294
2023-07-11,USD,1.0
2023-07-12,EUR,1.1022
2023-07-12,GBP,1.29096489
2023-07-12,JPY,0.00716459
2023-07-12,TRY,0.03824972
2023-07-12,USD,1.0
2023-07-13,EUR,1.1182
2023-07-13,GBP,1.30702605
2023-07-13,JPY,0.00722165
2023-07-13,TRY,0.03823194
2023-07-13,USD,1.0
2023-07-14,EUR,1.1221
2023-07-14,GBP,1.31101764
2023-07-14,JPY,0.00721561
2023-07-14,TRY,0.03818329
2023-07-14,USD,1.0
2023-07-15,EUR,1.1221
2023-07-15,GBP,1.31101764
2023-07-15,JPY,0.00721561
2023-07-15,TRY,0.03818329
2023-07-15,USD,1.0
2023-07-16,EUR,1.1221
2023-07-16,GBP,1.31101764
2023-07-16,JPY,0.00721561
2023-07-16,TRY,0.03818329
2023-07-16,USD,1.0
2023-07-17,EUR,1.123
2023-07-17,GBP,1.30774516
2023-07-17,JPY,0.00722744
2023-07-17,TRY,0.0380012
2023-07-17,USD,1.0
2023-07-18,EUR,1.1255
2023-07-18,GBP,1.31119085
2023-07-18,JPY,0.0072426
2023-07-18,TRY,0.0370806
2023-07-18,USD,1.0
2023-07-19,EUR,1.1222
2023-07-19,GBP,1.29110196
2023-07-19,JPY,0.00715871
2023-07-19,TRY,0.03713054
2023-07-19,USD,1.0
2023-07-20,EUR,1.1197
2023-07-20,GBP,1.28819604
2023-07-20,JPY,0.0071615
2023-07-20,TRY,0.03715601
2023-07-20,USD,1.0
2023-07-21,EUR,1.1123
2023-07-21,GBP,1.28284086
2023-07-21,JPY,0.0070564
2023-07-21,TRY,0.03712369
2023-07-21,USD,1.0
2023-07-22,EUR,1.1123
2023-07-22,GBP,1.28284086
2023-07-22,JPY,0.0070564
2023-07-22,TRY,0.03712369
2023-07-22,USD,1.0
2023-07-23,EUR,1.1123
2023-07-23,GBP,1.28284086
2023-07-23,JPY,0.0070564
2023-07-23,TRY,0.03712369
2023-07-23,USD,1.0
2023-07-24,EUR,1.1096
2023-07-24,GBP,1.2850029
2023-07-24,JPY,0.00709146
2023-07-24,TRY,0.03710069
2023-07-24,USD,1.0
2023-07-25,EUR,1.1051
2023-07-25,GBP,1.2827924
2023-07-25,JPY,0.00707581
2023-07-25,TRY,0.03710282
2023-07-25,USD,1.0
2023-07-26,EUR,1.1059
2023-07-26,GBP,1.29050703
2023-07-26,JPY,0.00712106
2023-07-26,TRY,0.03710825
2023-07-26,USD,1.0
2023-07-27,EUR,1.1125
2023-07-27,GBP,1.29533679
2023-07-27,JPY,0.0071337
2023-07-27,TRY,0.03711141
2023-07-27,USD,1.0
2023-07-28,EUR,1.101
2023-07-28,GBP,1.28681627
2023-07-28,JPY,0.00717965
2023-07-28,TRY,0.03709931
2023-07-28,USD,1.0
2023-07-29,EUR,1.101
2023-07-29,GBP,1.28681627
2023-07-29,JPY,0.00717965
2023-07-29,TRY,0.03709931
2023-07-29,USD,1.0
2023-07-30,EUR,1.101
2023-07-30,GBP,1.28681627
2023-07-30,JPY,0.00717965
2023-07-30,TRY,0.03709931
2023-07-30,USD,1.0
2023-07-31,EUR,1.1023
2023-07-31,GBP,1.28525622
2023-07-31,JPY,0.00703311
2023-07-31,TRY,0.03709874
2023-07-31,USD,1.0
2023-08-01,EUR,1.097
2023-08-01,GBP,1.27758691
2023-08-01,JPY,0.00699394
2023-08-01,TRY,0.03708487
2023-08-01,USD,1.0
2023-08-02,EUR,1.0985
2023-08-02,GBP,1.27676143
2023-08-02,JPY,0.00700217
2023-08-02,TRY,0.03708468
2023-08-02,USD,1.0
2023-08-03,EUR,1.0932
2023-08-03,GBP,1.26428274
2023-08-03,JPY,0.00699693
2023-08-03,TRY,0.03708604
2023-08-03,USD,1.0
2023-08-04,EUR,1.0946
2023-08-04,GBP,1.26994071
2023-08-04,JPY,0.00701172
2023-08-04,TRY,0.03705033
2023-08-04,USD,1.0
2023-08-05,EUR,1.0946
2023-08-05,GBP,1.26994071
2023-08-05,JPY,0.00701172
2023-08-05,TRY,0.03705033
2023-08-05,USD,1.0
2023-08-06,EUR,1.0946
2023-08-06,GBP,1.26994071
2023-08-06,JPY,0.00701172
2023-08-06,TRY,0.03705033
2023-08-06,USD,1.0
2023-08-07,EUR,1.0984
2023-08-07,GBP,1.27479312
2023-08-07,JPY,0.00703156
2023-08-07,TRY,0.03703616
2023-08-07,USD,1.0
2023-08-08,EUR,1.0944
2023-08-08,GBP,1.27022447
2023-08-08,JPY,0.00699074
2023-08-08,TRY,0.03700848
2023-08-08,USD,1.0
2023-08-09,EUR,1.0968
2023-08-09,GBP,1.27268508
2023-08-09,JPY,0.00697045
2023-08-09,TRY,0.03699681
2023-08-09,USD,1.0
2023-08-10,EUR,1.1019
2023-08-10,GBP,1.27663272
2023-08-10,JPY,0.00695512
2023-08-10,TRY,0.03698371
2023-08-10,USD,1.0
2023-08-11,EUR,1.1004
2023-08-11,GBP,1.27339004
2023-08-11,JPY,0.00692206
2023-08-11,TRY,0.03697183
2023-08-11,USD,1.0
2023-08-12,EUR,1.1004
2023-08-12,GBP,1.27339004
2023-08-12,JPY,0.00692206
2023-08-12,TRY,0.03697183
2023-08-12,USD,1.0
2023-08-13,EUR,1.1004
2023-08-13,GBP,1.27339004
2023-08-13,JPY,0.00692206
2023-08-13,TRY,0.03697183
2023-08-13,USD,1.0
2023-08-14,EUR,1.093
2023-08-14,GBP,1.26776083
2023-08-14,JPY,0.00688808
2023-08-14,TRY,0.03696626
2023-08-14,USD,1.0
2023-08-15,EUR,1.0926
2023-08-15,GBP,1.27113024
2023-08-15,JPY,0.00686997
2023-08-15,TRY,0.03695611
2023-08-15,USD,1.0
2023-08-16,EUR,1.0916
2023-08-16,GBP,1.27456361
2023-08-16,JPY,0.00686239
2023-08-16,TRY,0.03695191
2023-08-16,USD,1.0
2023-08-17,EUR,1.09
2023-08-17,GBP,1.27642134
2023-08-17,JPY,0.00686052
2023-08-17,TRY,0.03690212
2023-08-17,USD,1.0
2023-08-18,EUR,1.0867
2023-08-18,GBP,1.27109822
2023-08-18,JPY,0.00687306
2023-08-18,TRY,0.03689545
2023-08-18,USD,1.0
2023-08-19,EUR,1.0867
2023-08-19,GBP,1.27109822
2023-08-19,JPY,0.00687306
2023-08-19,TRY,0.03689545
2023-08-19,USD,1.0
2023-08-20,EUR,1.0867
2023-08-20,GBP,1.27109822
2023-08-20,JPY,0.00687306
2023-08-20,TRY,0.03689545
2023-08-20,USD,1.0
2023-08-21,EUR,1.0908
2023-08-21,GBP,1.27616262
2023-08-21,JPY,0.00685391
2023-08-21,TRY,0.03681342
2023-08-21,USD,1.0
2023-08-22,EUR,1.0887
2023-08-22,GBP,1.27649845
2023-08-22,JPY,0.00686011
2023-08-22,TRY,0.03676351
2023-08-22,USD,1.0
2023-08-23,EUR,1.0805
2023-08-23,GBP,1.2614853
2023-08-23,JPY,0.00686991
2023-08-23,TRY,0.0367417
2023-08-23,USD,1.0
2023-08-24,EUR,1.084
2023-08-24,GBP,1.26561588
2023-08-24,JPY,0.0068625
2023-08-24,TRY,0.03796728
2023-08-24,USD,1.0
2023-08-25,EUR,1.0808
2023-08-25,GBP,1.26198288
2023-08-25,JPY,0.00685135
2023-08-25,TRY,0.03776855
2023-08-25,USD,1.0
2023-08-26,EUR,1.0808
2023-08-26,GBP,1.26198288
2023-08-26,JPY,0.00685135
2023-08-26,TRY,0.03776855
2023-08-26,USD,1.0
2023-08-27,EUR,1.0808
2023-08-27,GBP,1.26198288
2023-08-27,JPY,0.00685135
2023-08-27,TRY,0.03776855
2023-08-27,USD,1.0
2023-08-28,EUR,1.0808
2023-08-28,GBP,1.25945348
2023-08-28,JPY,0.00682539
2023-08-28,TRY,0.03765263
2023-08-28,USD,1.0
2023-08-29,EUR,1.0803
2023-08-29,GBP,1.25821104
2023-08-29,JPY,0.00679733
2023-08-29,TRY,0.03755593
2023-08-29,USD,1.0
2023-08-30,EUR,1.0886
2023-08-30,GBP,1.26699255
2023-08-30,JPY,0.00684009
2023-08-30,TRY,0.03738453
2023-08-30,USD,1.0
2023-08-31,EUR,1.0868
2023-08-31,GBP,1.26787839
2023-08-31,JPY,0.00685721
2023-08-31,TRY,0.03749551
2023-08-31,USD,1.0
2023-09-01,EUR,1.0844
2023-09-01,GBP,1.26774065
2023-09-01,JPY,0.00688639
2023-09-01,TRY,0.03742511
2023-09-01,USD,1.0
2023-09-02,EUR,1.0844
2023-09-02,GBP,1.26774065
2023-09-02,JPY,0.00688639
2023-09-02,TRY,0.03742511
2023-09-02,USD,1.0
2023-09-03,EUR,1.0844
2023-09-03,GBP,1.26774065
2023-09-03,JPY,0.00688639
2023-09-03,TRY,0.03742511
2023-09-03,USD,1.0
2023-09-04,EUR,1.0801
2023-09-04,GBP,1.26253653
2023-09-04,JPY,0.00683132
2023-09-04,TRY,0.03734243
2023-09-04,USD,1.0
2023-09-05,EUR,1.0731
2023-09-05,GBP,1.25457415
2023-09-05,JPY,0.00678319
2023-09-05,TRY,0.03732768
2023-09-05,USD,1.0
2023-09-06,EUR,1.0745
2023-09-06,GBP,1.25668105
2023-09-06,JPY,0.00679289
2023-09-06,TRY,0.03734534
2023-09-06,USD,1.0
2023-09-07,EUR,1.071
2023-09-07,GBP,1.2467986
2023-09-07,JPY,0.00679138
2023-09-07,TRY,0.03727201
2023-09-07,USD,1.0
2023-09-08,EUR,1.0704
2023-09-08,GBP,1.24849828
2023-09-08,JPY,0.00678155
2023-09-08,TRY,0.03724555
2023-09-08,USD,1.0
2023-09-09,EUR,1.0704
2023-09-09,GBP,1.24849828
2023-09-09,JPY,0.00678155
2023-09-09,TRY,0.03724555
2023-09-09,USD,1.0
2023-09-10,EUR,1.0704
2023-09-10,GBP,1.24849828
2023-09-10,JPY,0.00678155
2023-09-10,TRY,0.03724555
2023-09-10,USD,1.0
2023-09-11,EUR,1.0724
2023-09-11,GBP,1.25207239
2023-09-11,JPY,0.00682362
2023-09-11,TRY,0.03721079
2023-09-11,USD,1.0
2023-09-12,EUR,1.0713
2023-09-12,GBP,1.24678499
2023-09-12,JPY,0.00680536
2023-09-12,TRY,0.03717791
2023-09-12,USD,1.0
2023-09-13,EUR,1.0733
2023-09-13,GBP,1.24671855
2023-09-13,JPY,0.00678102
2023-09-13,TRY,0.03711786
2023-09-13,USD,1.0
2023-09-14,EUR,1.073
2023-09-14,GBP,1.24774696
2023-09-14,JPY,0.00678556
2023-09-14,TRY,0.03710351
2023-09-14,USD,1.0
2023-09-15,EUR,1.0658
2023-09-15,GBP,1.2410629
2023-09-15,JPY,0.00676698
2023-09-15,TRY,0.03706963
2023-09-15,USD,1.0
2023-09-16,EUR,1.0658
2023-09-16,GBP,1.2410629
2023-09-16,JPY,0.00676698
2023-09-16,TRY,0.03706963
2023-09-16,USD,1.0
2023-09-17,EUR,1.0658
2023-09-17,GBP,1.2410629
2023-09-17,JPY,0.00676698
2023-09-17,TRY,0.03706963
2023-09-17,USD,1.0
2023-09-18,EUR,1.0663
2023-09-18,GBP,1.23785422
2023-09-18,JPY,0.00677274
2023-09-18,TRY,0.03701043
2023-09-18,USD,1.0
2023-09-19,EUR,1.0713
2023-09-19,GBP,1.24189977
2023-09-19,JPY,0.00677181
2023-09-19,TRY,0.03699202
2023-09-19,USD,1.0
2023-09-20,EUR,1.0702
2023-09-20,GBP,1.23679649
2023-09-20,JPY,0.00676144
2023-09-20,TRY,0.03698775
2023-09-20,USD,1.0
2023-09-21,EUR,1.0635
2023-09-21,GBP,1.2264597
2023-09-21,JPY,0.00675925
2023-09-21,TRY,0.03686973
2023-09-21,USD,1.0
2023-09-22,EUR,1.0647
2023-09-22,GBP,1.22668356
2023-09-22,JPY,0.00674416
2023-09-22,TRY,0.03681115
2023-09-22,USD,1.0
2023-09-23,EUR,1.0647
2023-09-23,GBP,1.22668356
2023-09-23,JPY,0.00674416
2023-09-23,TRY,0.03681115
2023-09-23,USD,1.0
2023-09-24,EUR,1.0647
2023-09-24,GBP,1.22668356
2023-09-24,JPY,0.00674416
2023-09-24,TRY,0.03681115
2023-09-24,USD,1.0
2023-09-25,EUR,1.0633
2023-09-25,GBP,1.22267579
2023-09-25,JPY,0.00672634
2023-09-25,TRY,0.03675271
2023-09-25,USD,1.0
2023-09-26,EUR,1.0605
2023-09-26,GBP,1.21868536
2023-09-26,JPY,0.00671755
2023-09-26,TRY,0.03667139
2023-09-26,USD,1.0
2023-09-27,EUR,1.0536
2023-09-27,GBP,1.21368506
2023-09-27,JPY,0.00670229
2023-09-27,TRY,0.03662555
2023-09-27,USD,1.0
2023-09-28,EUR,1.0539
2023-09-28,GBP,1.2207383
2023-09-28,JPY,0.00669866
2023-09-28,TRY,0.03647331
2023-09-28,USD,1.0
2023-09-29,EUR,1.0594
2023-09-29,GBP,1.22533484
2023-09-29,JPY,0.00670082
2023-09-29,TRY,0.0364664
2023-09-29,USD,1.0
2023-09-30,EUR,1.0594
2023-09-30,GBP,1.22533484
2023-09-30,JPY,0.00670082
2023-09-30,TRY,0.0364664
2023-09-30,USD,1.0
2023-10-01,EUR,1.0594
2023-10-01,GBP,1.22533484
2023-10-01,JPY,0.00670082
2023-10-01,TRY,0.0364664
2023-10-01,USD,1.0
2023-10-02,EUR,1.053
2023-10-02,GBP,1.21554232
2023-10-02,JPY,0.00667851
2023-10-02,TRY,0.03641431
2023-10-02,USD,1.0
2023-10-03,EUR,1.0469
2023-10-03,GBP,1.20645347
2023-10-03,JPY,0.00666773
2023-10-03,TRY,0.03636433
2023-10-03,USD,1.0
2023-10-04,EUR,1.0497
2023-10-04,GBP,1.2122927
2023-10-04,JPY,0.00670821
2023-10-04,TRY,0.03627197
2023-10-04,USD,1.0
2023-10-05,EUR,1.0526
2023-10-05,GBP,1.21540327
2023-10-05,JPY,0.00671687
2023-10-05,TRY,0.03628854
2023-10-05,USD,1.0
2023-10-06,EUR,1.0563
2023-10-06,GBP,1.22101491
2023-10-06,JPY,0.00670794
2023-10-06,TRY,0.03620925
2023-10-06,USD,1.0
2023-10-07,EUR,1.0563
2023-10-07,GBP,1.22101491
2023-10-07,JPY,0.00670794
2023-10-07,TRY,0.03620925
2023-10-07,USD,1.0
2023-10-08,EUR,1.0563
2023-10-08,GBP,1.22101491
2023-10-08,JPY,0.00670794
2023-10-08,TRY,0.03620925
2023-10-08,USD,1.0
2023-10-09,EUR,1.0531
2023-10-09,GBP,1.21717522
2023-10-09,JPY,0.00670508
2023-10-09,TRY,0.03609845
2023-10-09,USD,1.0
2023-10-10,EUR,1.0582
2023-10-10,GBP,1.22491029
2023-10-10,JPY,0.00670978
2023-10-10,TRY,0.03606766
2023-10-10,USD,1.0
2023-10-11,EUR,1.0604
2023-10-11,GBP,1.2292355
2023-10-11,JPY,0.00671692
2023-10-11,TRY,0.03605699
2023-10-11,USD,1.0
2023-10-12,EUR,1.0619
2023-10-12,GBP,1.23104568
2023-10-12,JPY,0.00670603
2023-10-12,TRY,0.03603863
2023-10-12,USD,1.0
2023-10-13,EUR,1.0524
2023-10-13,GBP,1.21784412
2023-10-13,JPY,0.00668445
2023-10-13,TRY,0.03597014
2023-10-13,USD,1.0
2023-10-14,EUR,1.0524
2023-10-14,GBP,1.21784412
2023-10-14,JPY,0.00668445
2023-10-14,TRY,0.03597014
2023-10-14,USD,1.0
2023-10-15,EUR,1.0524
2023-10-15,GBP,1.21784412
2023-10-15,JPY,0.00668445
2023-10-15,TRY,0.03597014
2023-10-15,USD,1.0
2023-10-16,EUR,1.0538
2023-10-16,GBP,1.21763245
2023-10-16,JPY,0.00668909
2023-10-16,TRY,0.03586684
2023-10-16,USD,1.0
2023-10-17,EUR,1.0569
2023-10-17,GBP,1.21734623
2023-10-17,JPY,0.00668797
2023-10-17,TRY,0.03581692
2023-10-17,USD,1.0
2023-10-18,EUR,1.0565
2023-10-18,GBP,1.21983605
2023-10-18,JPY,0.00668248
2023-10-18,TRY,0.03570222
2023-10-18,USD,1.0
2023-10-19,EUR,1.0558
2023-10-19,GBP,1.21219775
2023-10-19,JPY,0.00667341
2023-10-19,TRY,0.03571658
2023-10-19,USD,1.0
2023-10-20,EUR,1.0591
2023-10-20,GBP,1.21438318
2023-10-20,JPY,0.0066694
2023-10-20,TRY,0.03568889
2023-10-20,USD,1.0
2023-10-21,EUR,1.0591
2023-10-21,GBP,1.21438318
2023-10-21,JPY,0.0066694
2023-10-21,TRY,0.03568889
2023-10-21,USD,1.0
2023-10-22,EUR,1.0591
2023-10-22,GBP,1.21438318
2023-10-22,JPY,0.0066694
2023-10-22,TRY,0.03568889
2023-10-22,USD,1.0
2023-10-23,EUR,1.0597
2023-10-23,GBP,1.21590766
2023-10-23,JPY,0.00666855
2023-10-23,TRY,0.03565061
2023-10-23,USD,1.0
2023-10-24,EUR,1.0632
2023-10-24,GBP,1.2217179
2023-10-24,JPY,0.00667588
2023-10-24,TRY,0.03558781
2023-10-24,USD,1.0
2023-10-25,EUR,1.0576
2023-10-25,GBP,1.21228794
2023-10-25,JPY,0.00667045
2023-10-25,TRY,0.03556943
2023-10-25,USD,1.0
2023-10-26,EUR,1.054
2023-10-26,GBP,1.20913158
2023-10-26,JPY,0.00665068
2023-10-26,TRY,0.03551261
2023-10-26,USD,1.0
2023-10-27,EUR,1.0541
2023-10-27,GBP,1.21128897
2023-10-27,JPY,0.00666814
2023-10-27,TRY,0.03546794
2023-10-27,USD,1.0
2023-10-28,EUR,1.0541
2023-10-28,GBP,1.21128897
2023-10-28,JPY,0.00666814
2023-10-28,TRY,0.03546794
2023-10-28,USD,1.0
2023-10-29,EUR,1.0541
2023-10-29,GBP,1.21128897
2023-10-29,JPY,0.00666814
2023-10-29,TRY,0.03546794
2023-10-29,USD,1.0
2023-10-30,EUR,1.0605
2023-10-30,GBP,1.21415078
2023-10-30,JPY,0.00667821
2023-10-30,TRY,0.03541138
2023-10-30,USD,1.0
2023-10-31,EUR,1.0619
2023-10-31,GBP,1.21546139
2023-10-31,JPY,0.00662445
2023-10-31,TRY,0.03534306
2023-10-31,USD,1.0
2023-11-01,EUR,1.0537
2023-11-01,GBP,1.21191558
2023-11-01,JPY,0.00661332
2023-11-01,TRY,0.03529711
2023-11-01,USD,1.0
2023-11-02,EUR,1.0661
2023-11-02,GBP,1.22112136
2023-11-02,JPY,0.00666771
2023-11-02,TRY,0.03527318
2023-11-02,USD,1.0
2023-11-03,EUR,1.0702
2023-11-03,GBP,1.23035536
2023-11-03,JPY,0.00669419
2023-11-03,TRY,0.03520209
2023-11-03,USD,1.0
2023-11-04,EUR,1.0702
2023-11-04,GBP,1.23035536
2023-11-04,JPY,0.00669419
2023-11-04,TRY,0.03520209
2023-11-04,USD,1.0
2023-11-05,EUR,1.0702
2023-11-05,GBP,1.23035536
2023-11-05,JPY,0.00669419
2023-11-05,TRY,0.03520209
2023-11-05,USD,1.0
2023-11-06,EUR,1.0741
2023-11-06,GBP,1.23972761
2023-11-06,JPY,0.00667682
2023-11-06,TRY,0.03516359
2023-11-06,USD,1.0
2023-11-07,EUR,1.0686
2023-11-07,GBP,1.23032641
2023-11-07,JPY,0.00664676
2023-11-07,TRY,0.0350883
2023-11-07,USD,1.0
2023-11-08,EUR,1.0671
2023-11-08,GBP,1.22634029
2023-11-08,JPY,0.00662919
2023-11-08,TRY,0.03507255
2023-11-08,USD,1.0
2023-11-09,EUR,1.0691
2023-11-09,GBP,1.22596181
2023-11-09,JPY,0.00661695
2023-11-09,TRY,0.03508709
2023-11-09,USD,1.0
2023-11-10,EUR,1.0683
2023-11-10,GBP,1.22182192
2023-11-10,JPY,0.00660382
2023-11-10,TRY,0.03500913
2023-11-10,USD,1.0
2023-11-11,EUR,1.0683
2023-11-11,GBP,1.22182192
2023-11-11,JPY,0.00660382
2023-11-11,TRY,0.03500913
2023-11-11,USD,1.0
2023-11-12,EUR,1.0683
2023-11-12,GBP,1.22182192
2023-11-12,JPY,0.00660382
2023-11-12,TRY,0.03500913
2023-11-12,USD,1.0
2023-11-13,EUR,1.067
2023-11-13,GBP,1.22425564
2023-11-13,JPY,0.00658805
2023-11-13,TRY,0.0349789
2023-11-13,USD,1.0
2023-11-14,EUR,1.0724
2023-11-14,GBP,1.22939356
2023-11-14,JPY,0.00659249
2023-11-14,TRY,0.03492045
2023-11-14,USD,1.0
2023-11-15,EUR,1.0868
2023-11-15,GBP,1.24650181
2023-11-15,JPY,0.00665157
2023-11-15,TRY,0.03488275
2023-11-15,USD,1.0
2023-11-16,EUR,1.0849
2023-11-16,GBP,1.23960238
2023-11-16,JPY,0.00661323
2023-11-16,TRY,0.03487785
2023-11-16,USD,1.0
2023-11-17,EUR,1.0872
2023-11-17,GBP,1.24400709
2023-11-17,JPY,0.00669912
2023-11-17,TRY,0.0348495
2023-11-17,USD,1.0
2023-11-18,EUR,1.0872
2023-11-18,GBP,1.24400709
2023-11-18,JPY,0.00669912
2023-11-18,TRY,0.0348495
2023-11-18,USD,1.0
2023-11-19,EUR,1.0872
2023-11-19,GBP,1.24400709
2023-11-19,JPY,0.00669912
2023-11-19,TRY,0.0348495
2023-11-19,USD,1.0
2023-11-20,EUR,1.0928
2023-11-20,GBP,1.24706151
2023-11-20,JPY,0.00674069
2023-11-20,TRY,0.03476579
2023-11-20,USD,1.0
2023-11-21,EUR,1.0955
2023-11-21,GBP,1.25449465
2023-11-21,JPY,0.00677866
2023-11-21,TRY,0.03471694
2023-11-21,USD,1.0
2023-11-22,EUR,1.0911
2023-11-22,GBP,1.25370562
2023-11-22,JPY,0.00672481
2023-11-22,TRY,0.03468809
2023-11-22,USD,1.0
2023-11-23,EUR,1.09
2023-11-23,GBP,1.25373821
2023-11-23,JPY,0.00668794
2023-11-23,TRY,0.03476475
2023-11-23,USD,1.0
2023-11-24,EUR,1.0916
2023-11-24,GBP,1.25734295
2023-11-24,JPY,0.00668463
2023-11-24,TRY,0.03462429
2023-11-24,USD,1.0
2023-11-25,EUR,1.0916
2023-11-25,GBP,1.25734295
2023-11-25,JPY,0.00668463
2023-11-25,TRY,0.03462429
2023-11-25,USD,1.0
2023-11-26,EUR,1.0916
2023-11-26,GBP,1.25734295
2023-11-26,JPY,0.00668463
2023-11-26,TRY,0.03462429
2023-11-26,USD,1.0
2023-11-27,EUR,1.0951
2023-11-27,GBP,1.26351375
2023-11-27,JPY,0.00672418
2023-11-27,TRY,0.03459256
2023-11-27,USD,1.0
2023-11-28,EUR,1.0949
2023-11-28,GBP,1.26111495
2023-11-28,JPY,0.00672791
2023-11-28,TRY,0.034562
2023-11-28,USD,1.0
2023-11-29,EUR,1.0985
2023-11-29,GBP,1.26957527
2023-11-29,JPY,0.00677585
2023-11-29,TRY,0.03458426
2023-11-29,USD,1.0
2023-11-30,EUR,1.0931
2023-11-30,GBP,1.26563079
2023-11-30,JPY,0.00678144
2023-11-30,TRY,0.03465307
2023-11-30,USD,1.0
2023-12-01,EUR,1.0875
2023-12-01,GBP,1.26387355
2023-12-01,JPY,0.00674879
2023-12-01,TRY,0.03458397
2023-12-01,USD,1.0
2023-12-02,EUR,1.0875
2023-12-02,GBP,1.26387355
2023-12-02,JPY,0.00674879
2023-12-02,TRY,0.03458397
2023-12-02,USD,1.0
2023-12-03,EUR,1.0875
2023-12-03,GBP,1.26387355
2023-12-03,JPY,0.00674879
2023-12-03,TRY,0.03458397
2023-12-03,USD,1.0
2023-12-04,EUR,1.0868
2023-12-04,GBP,1.26681431
2023-12-04,JPY,0.00681507
2023-12-04,TRY,0.03461334
2023-12-04,USD,1.0
2023-12-05,EUR,1.0817
2023-12-05,GBP,1.26185504
2023-12-05,JPY,0.00679759
2023-12-05,TRY,0.03456739
2023-12-05,USD,1.0
2023-12-06,EUR,1.0778
2023-12-06,GBP,1.25896507
2023-12-06,JPY,0.00679143
2023-12-06,TRY,0.03455362
2023-12-06,USD,1.0
2023-12-07,EUR,1.0771
2023-12-07,GBP,1.25609329
2023-12-07,JPY,0.00689653
2023-12-07,TRY,0.03456376
2023-12-07,USD,1.0
2023-12-08,EUR,1.0777
2023-12-08,GBP,1.25767301
2023-12-08,JPY,0.00692921
2023-12-08,TRY,0.03450407
2023-12-08,USD,1.0
2023-12-09,EUR,1.0777
2023-12-09,GBP,1.25767301
2023-12-09,JPY,0.00692921
2023-12-09,TRY,0.03450407
2023-12-09,USD,1.0
2023-12-10,EUR,1.0777
2023-12-10,GBP,1.25767301
2023-12-10,JPY,0.00692921
2023-12-10,TRY,0.03450407
2023-12-10,USD,1.0
2023-12-11,EUR,1.0757
2023-12-11,GBP,1.25695256
2023-12-11,JPY,0.00682811
2023-12-11,TRY,0.03449171
2023-12-11,USD,1.0
2023-12-12,EUR,1.0804
2023-12-12,GBP,1.25733172
2023-12-12,JPY,0.00688855
2023-12-12,TRY,0.03443341
2023-12-12,USD,1.0
2023-12-13,EUR,1.0787
2023-12-13,GBP,1.25255458
2023-12-13,JPY,0.00686502
2023-12-13,TRY,0.03441938
2023-12-13,USD,1.0
2023-12-14,EUR,1.0919
2023-12-14,GBP,1.27031586
2023-12-14,JPY,0.00705362
2023-12-14,TRY,0.03448036
2023-12-14,USD,1.0
2023-12-15,EUR,1.0946
2023-12-15,GBP,1.27526709
2023-12-15,JPY,0.00705511
2023-12-15,TRY,0.03442517
2023-12-15,USD,1.0
2023-12-16,EUR,1.0946
2023-12-16,GBP,1.27526709
2023-12-16,JPY,0.00705511
2023-12-16,TRY,0.03442517
2023-12-16,USD,1.0
2023-12-17,EUR,1.0946
2023-12-17,GBP,1.27526709
2023-12-17,JPY,0.00705511
2023-12-17,TRY,0.03442517
2023-12-17,USD,1.0
2023-12-18,EUR,1.0918
2023-12-18,GBP,1.26566431
2023-12-18,JPY,0.00700096
2023-12-18,TRY,0.03441049
2023-12-18,USD,1.0
2023-12-19,EUR,1.0962
2023-12-19,GBP,1.27324467
2023-12-19,JPY,0.0069292
2023-12-19,TRY,0.0343715
2023-12-19,USD,1.0
2023-12-20,EUR,1.0944
2023-12-20,GBP,1.26439836
2023-12-20,JPY,0.00696538
2023-12-20,TRY,0.0343255
2023-12-20,USD,1.0
2023-12-21,EUR,1.0983
2023-12-21,GBP,1.2652497
2023-12-21,JPY,0.00700491
2023-12-21,TRY,0.03429733
2023-12-21,USD,1.0
2023-12-22,EUR,1.1023
2023-12-22,GBP,1.27198246
2023-12-22,JPY,0.00703626
2023-12-22,TRY,0.03422824
2023-12-22,USD,1.0
2023-12-23,EUR,1.1023
2023-12-23,GBP,1.27198246
2023-12-23,JPY,0.00703626
2023-12-23,TRY,0.03422824
2023-12-23,USD,1.0
2023-12-24,EUR,1.1023
2023-12-24,GBP,1.27198246
2023-12-24,JPY,0.00703626
2023-12-24,TRY,0.03422824
2023-12-24,USD,1.0
2023-12-25,EUR,1.1023
2023-12-25,GBP,1.27198246
2023-12-25,JPY,0.00703626
2023-12-25,TRY,0.03422824
2023-12-25,USD,1.0
2023-12-26,EUR,1.1023
2023-12-26,GBP,1.27198246
2023-12-26,JPY,0.00703626
2023-12-26,TRY,0.03422824
2023-12-26,USD,1.0
2023-12-27,EUR,1.1065
2023-12-27,GBP,1.27432915
2023-12-27,JPY,0.0070116
2023-12-27,TRY,0.03401068
2023-12-27,USD,1.0
2023-12-28,EUR,1.1114
2023-12-28,GBP,1.27659086
2023-12-28,JPY,0.00709842
2023-12-28,TRY,0.03393577
2023-12-28,USD,1.0
2023-12-29,EUR,1.105
2023-12-29,GBP,1.27150337
2023-12-29,JPY,0.00706838
2023-12-29,TRY,0.03384058
2023-12-29,USD,1.0
2023-12-30,EUR,1.105
2023-12-30,GBP,1.27150337
2023-12-30,JPY,0.00706838
2023-12-30,TRY,0.03384058
2023-12-30,USD,1.0
2023-12-31,EUR,1.105
2023-12-31,GBP,1.27150337
2023-12-31,JPY,0.00706838
2023-12-31,TRY,0.03384058
2023-12-31,USD,1.0
2024-01-01,EUR,1.105
2024-01-01,GBP,1.27150337
2024-01-01,JPY,0.00706838
2024-01-01,TRY,0.03384058
2024-01-01,USD,1.0
2024-01-02,EUR,1.0956
2024-01-02,GBP,1.26446996
2024-01-02,JPY,0.00703751
2024-01-02,TRY,0.03363997
2024-01-02,USD,1.0
2024-01-03,EUR,1.0919
2024-01-03,GBP,1.26275009
2024-01-03,JPY,0.00699219
2024-01-03,TRY,0.03357853
2024-01-03,USD,1.0
2024-01-04,EUR,1.0953
2024-01-04,GBP,1.26950092
2024-01-04,JPY,0.00693623
2024-01-04,TRY,0.0335892
2024-01-04,USD,1.0
2024-01-05,EUR,1.0921
2024-01-05,GBP,1.2667904
2024-01-05,JPY,0.00688718
2024-01-05,TRY,0.03351151
2024-01-05,USD,1.0
2024-01-06,EUR,1.0921
2024-01-06,GBP,1.2667904
2024-01-06,JPY,0.00688718
2024-01-06,TRY,0.03351151
2024-01-06,USD,1.0
2024-01-07,EUR,1.0921
2024-01-07,GBP,1.2667904
2024-01-07,JPY,0.00688718
2024-01-07,TRY,0.03351151
2024-01-07,USD,1.0
2024-01-08,EUR,1.0946
2024-01-08,GBP,1.27057458
2024-01-08,JPY,0.00691953
2024-01-08,TRY,0.03345191
2024-01-08,USD,1.0
2024-01-09,EUR,1.094
2024-01-09,GBP,1.27301078
2024-01-09,JPY,0.0069403
2024-01-09,TRY,0.03340121
2024-01-09,USD,1.0
2024-01-10,EUR,1.0946
2024-01-10,GBP,1.27245039
2024-01-10,JPY,0.00688298
2024-01-10,TRY,0.0333631
2024-01-10,USD,1.0
2024-01-11,EUR,1.0987
2024-01-11,GBP,1.27540774
2024-01-11,JPY,0.00687934
2024-01-11,TRY,0.03333667
2024-01-11,USD,1.0
2024-01-12,EUR,1.0942
2024-01-12,GBP,1.27306574
2024-01-12,JPY,0.00687441
2024-01-12,TRY,0.03322756
2024-01-12,USD,1.0
2024-01-13,EUR,1.0942
2024-01-13,GBP,1.27306574
2024-01-13,JPY,0.00687441
2024-01-13,TRY,0.03322756
2024-01-13,USD,1.0
2024-01-14,EUR,1.0942
2024-01-14,GBP,1.27306574
2024-01-14,JPY,0.00687441
2024-01-14,TRY,0.03322756
2024-01-14,USD,1.0
2024-01-15,EUR,1.0945
2024-01-15,GBP,1.2715655
2024-01-15,JPY,0.00685476
2024-01-15,TRY,0.03322254
2024-01-15,USD,1.0
2024-01-16,EUR,1.0882
2024-01-16,GBP,1.26420224
2024-01-16,JPY,0.00681659
2024-01-16,TRY,0.0332149
2024-01-16,USD,1.0
2024-01-17,EUR,1.0877
2024-01-17,GBP,1.26744972
2024-01-17,JPY,0.00677062
2024-01-17,TRY,0.03318151
2024-01-17,USD,1.0
2024-01-18,EUR,1.0875
2024-01-18,GBP,1.2678815
2024-01-18,JPY,0.00675928
2024-01-18,TRY,0.03316965
2024-01-18,USD,1.0
2024-01-19,EUR,1.0887
2024-01-19,GBP,1.26851151
2024-01-19,JPY,0.00675498
2024-01-19,TRY,0.03312078
2024-01-19,USD,1.0
2024-01-20,EUR,1.0887
2024-01-20,GBP,1.26851151
2024-01-20,JPY,0.00675498
2024-01-20,TRY,0.03312078
2024-01-20,USD,1.0
2024-01-21,EUR,1.0887
2024-01-21,GBP,1.26851151
2024-01-21,JPY,0.00675498
2024-01-21,TRY,0.03312078
2024-01-21,USD,1.0
2024-01-22,EUR,1.089
2024-01-22,GBP,1.27256792
2024-01-22,JPY,0.00676608
2024-01-22,TRY,0.03306603
2024-01-22,USD,1.0
2024-01-23,EUR,1.0872
2024-01-23,GBP,1.27168306
2024-01-23,JPY,0.00675783
2024-01-23,TRY,0.03302501
2024-01-23,USD,1.0
2024-01-24,EUR,1.0905
2024-01-24,GBP,1.27479747
2024-01-24,JPY,0.00679609
2024-01-24,TRY,0.03314892
2024-01-24,USD,1.0
2024-01-25,EUR,1.0893
2024-01-25,GBP,1.2734691
2024-01-25,JPY,0.00677383
2024-01-25,TRY,0.0330199
2024-01-25,USD,1.0
2024-01-26,EUR,1.0871
2024-01-26,GBP,1.27342798
2024-01-26,JPY,0.00676815
2024-01-26,TRY,0.03299792
2024-01-26,USD,1.0
2024-01-27,EUR,1.0871
2024-01-27,GBP,1.27342798
2024-01-27,JPY,0.00676815
2024-01-27,TRY,0.03299792
2024-01-27,USD,1.0
2024-01-28,EUR,1.0871
2024-01-28,GBP,1.27342798
2024-01-28,JPY,0.00676815
2024-01-28,TRY,0.03299792
2024-01-28,USD,1.0
2024-01-29,EUR,1.0823
2024-01-29,GBP,1.26956012
2024-01-29,JPY,0.00675888
2024-01-29,TRY,0.03294582
2024-01-29,USD,1.0
2024-01-30,EUR,1.0846
2024-01-30,GBP,1.26664175
2024-01-30,JPY,0.00678002
2024-01-30,TRY,0.03293823
2024-01-30,USD,1.0
2024-01-31,EUR,1.0837
2024-01-31,GBP,1.2684497
2024-01-31,JPY,0.00676509
2024-01-31,TRY,0.03294081
2024-01-31,USD,1.0
2024-02-01,EUR,1.0814
2024-02-01,GBP,1.26697363
2024-02-01,JPY,0.00680297
2024-02-01,TRY,0.03293106
2024-02-01,USD,1.0
2024-02-02,EUR,1.0883
2024-02-02,GBP,1.2764036
2024-02-02,JPY,0.00681978
2024-02-02,TRY,0.032836
2024-02-02,USD,1.0
2024-02-03,EUR,1.0883
2024-02-03,GBP,1.2764036
2024-02-03,JPY,0.00681978
2024-02-03,TRY,0.032836
2024-02-03,USD,1.0
2024-02-04,EUR,1.0883
2024-02-04,GBP,1.2764036
2024-02-04,JPY,0.00681978
2024-02-04,TRY,0.032836
2024-02-04,USD,1.0
2024-02-05,EUR,1.0746
2024-02-05,GBP,1.25544716
2024-02-05,JPY,0.00672802
2024-02-05,TRY,0.03273096
2024-02-05,USD,1.0
2024-02-06,EUR,1.0743
2024-02-06,GBP,1.25707934
2024-02-06,JPY,0.00673289
2024-02-06,TRY,0.03272063
2024-02-06,USD,1.0
2024-02-07,EUR,1.0776
2024-02-07,GBP,1.26323193
2024-02-07,JPY,0.00674723
2024-02-07,TRY,0.03268029
2024-02-07,USD,1.0
2024-02-08,EUR,1.0758
2024-02-08,GBP,1.26004357
2024-02-08,JPY,0.00670072
2024-02-08,TRY,0.03267495
2024-02-08,USD,1.0
2024-02-09,EUR,1.0772
2024-02-09,GBP,1.26076779
2024-02-09,JPY,0.00669068
2024-02-09,TRY,0.03259136
2024-02-09,USD,1.0
2024-02-10,EUR,1.0772
2024-02-10,GBP,1.26076779
2024-02-10,JPY,0.00669068
2024-02-10,TRY,0.03259136
2024-02-10,USD,1.0
2024-02-11,EUR,1.0772
2024-02-11,GBP,1.26076779
2024-02-11,JPY,0.00669068
2024-02-11,TRY,0.03259136
2024-02-11,USD,1.0
2024-02-12,EUR,1.0773
2024-02-12,GBP,1.26160837
2024-02-12,JPY,0.00671173
2024-02-12,TRY,0.03256946
2024-02-12,USD,1.0
2024-02-13,EUR,1.0793
2024-02-13,GBP,1.26830243
2024-02-13,JPY,0.00669666
2024-02-13,TRY,0.03254786
2024-02-13,USD,1.0
2024-02-14,EUR,1.0713
2024-02-14,GBP,1.25653898
2024-02-14,JPY,0.00664249
2024-02-14,TRY,0.03252109
2024-02-14,USD,1.0
2024-02-15,EUR,1.0743
2024-02-15,GBP,1.25451042
2024-02-15,JPY,0.00666191
2024-02-15,TRY,0.0325302
2024-02-15,USD,1.0
2024-02-16,EUR,1.0768
2024-02-16,GBP,1.25787045
2024-02-16,JPY,0.00665184
2024-02-16,TRY,0.03243852
2024-02-16,USD,1.0
2024-02-17,EUR,1.0768
2024-02-17,GBP,1.25787045
2024-02-17,JPY,0.00665184
2024-02-17,TRY,0.03243852
2024-02-17,USD,1.0
2024-02-18,EUR,1.0768
2024-02-18,GBP,1.25787045
2024-02-18,JPY,0.00665184
2024-02-18,TRY,0.03243852
2024-02-18,USD,1.0
2024-02-19,EUR,1.0776
2024-02-19,GBP,1.26111787
2024-02-19,JPY,0.00666873
2024-02-19,TRY,0.03239538
2024-02-19,USD,1.0
2024-02-20,EUR,1.0802
2024-02-20,GBP,1.26103199
2024-02-20,JPY,0.0066605
2024-02-20,TRY,0.03235827
2024-02-20,USD,1.0
2024-02-21,EUR,1.0809
2024-02-21,GBP,1.26245343
2024-02-21,JPY,0.00666728
2024-02-21,TRY,0.03225133
2024-02-21,USD,1.0
2024-02-22,EUR,1.0844
2024-02-22,GBP,1.26645255
2024-02-22,JPY,0.00664787
2024-02-22,TRY,0.03226507
2024-02-22,USD,1.0
2024-02-23,EUR,1.0834
2024-02-23,GBP,1.26951019
2024-02-23,JPY,0.0066503
2024-02-23,TRY,0.03216345
2024-02-23,USD,1.0
2024-02-24,EUR,1.0834
2024-02-24,GBP,1.26951019
2024-02-24,JPY,0.0066503
2024-02-24,TRY,0.03216345
2024-02-24,USD,1.0
2024-02-25,EUR,1.0834
2024-02-25,GBP,1.26951019
2024-02-25,JPY,0.0066503
2024-02-25,TRY,0.03216345
2024-02-25,USD,1.0
2024-02-26,EUR,1.0852
2024-02-26,GBP,1.26931399
2024-02-26,JPY,0.00664218
2024-02-26,TRY,0.03213103
2024-02-26,USD,1.0
2024-02-27,EUR,1.0856
2024-02-27,GBP,1.26792805
2024-02-27,JPY,0.00665849
2024-02-27,TRY,0.0321058
2024-02-27,USD,1.0
2024-02-28,EUR,1.0808
2024-02-28,GBP,1.2633843
2024-02-28,JPY,0.00663597
2024-02-28,TRY,0.03206294
2024-02-28,USD,1.0
2024-02-29,EUR,1.0826
2024-02-29,GBP,1.26390754
2024-02-29,JPY,0.00666092
2024-02-29,TRY,0.03202324
2024-02-29,USD,1.0
2024-03-01,EUR,1.0813
2024-03-01,GBP,1.26337804
2024-03-01,JPY,0.00664108
2024-03-01,TRY,0.03190203
2024-03-01,USD,1.0
2024-03-02,EUR,1.0813
2024-03-02,GBP,1.26337804
2024-03-02,JPY,0.00664108
2024-03-02,TRY,0.03190203
2024-03-02,USD,1.0
2024-03-03,EUR,1.0813
2024-03-03,GBP,1.26337804
2024-03-03,JPY,0.00664108
2024-03-03,TRY,0.03190203
2024-03-03,USD,1.0
2024-03-04,EUR,1.0846
2024-03-04,GBP,1.26730776
2024-03-04,JPY,0.00664502
2024-03-04,TRY,0.03171939
2024-03-04,USD,1.0
2024-03-05,EUR,1.0849
2024-03-05,GBP,1.26825106
2024-03-05,JPY,0.00665542
2024-03-05,TRY,0.03158609
2024-03-05,USD,1.0
2024-03-06,EUR,1.0874
2024-03-06,GBP,1.27184262
2024-03-06,JPY,0.0066847
2024-03-06,TRY,0.03150304
2024-03-06,USD,1.0
2024-03-07,EUR,1.0895
2024-03-07,GBP,1.27508924
2024-03-07,JPY,0.0067633
2024-03-07,TRY,0.03140412
2024-03-07,USD,1.0
2024-03-08,EUR,1.0932
2024-03-08,GBP,1.28358069
2024-03-08,JPY,0.00679048
2024-03-08,TRY,0.03128425
2024-03-08,USD,1.0
2024-03-09,EUR,1.0932
2024-03-09,GBP,1.28358069
2024-03-09,JPY,0.00679048
2024-03-09,TRY,0.03128425
2024-03-09,USD,1.0
2024-03-10,EUR,1.0932
2024-03-10,GBP,1.28358069
2024-03-10,JPY,0.00679048
2024-03-10,TRY,0.03128425
2024-03-10,USD,1.0
2024-03-11,EUR,1.0926
2024-03-11,GBP,1.28227396
2024-03-11,JPY,0.00681045
2024-03-11,TRY,0.03124839
2024-03-11,USD,1.0
2024-03-12,EUR,1.0916
2024-03-12,GBP,1.27735262
2024-03-12,JPY,0.00676374
2024-03-12,TRY,0.03119766
2024-03-12,USD,1.0
2024-03-13,EUR,1.0939
2024-03-13,GBP,1.28014886
2024-03-13,JPY,0.00675956
2024-03-13,TRY,0.03115317
2024-03-13,USD,1.0
2024-03-14,EUR,1.0925
2024-03-14,GBP,1.27897448
2024-03-14,JPY,0.00675634
2024-03-14,TRY,0.03113015
2024-03-14,USD,1.0
2024-03-15,EUR,1.0892
2024-03-15,GBP,1.27526051
2024-03-15,JPY,0.00672221
2024-03-15,TRY,0.03103868
2024-03-15,USD,1.0
2024-03-16,EUR,1.0892
2024-03-16,GBP,1.27526051
2024-03-16,JPY,0.00672221
2024-03-16,TRY,0.03103868
2024-03-16,USD,1.0
2024-03-17,EUR,1.0892
2024-03-17,GBP,1.27526051
2024-03-17,JPY,0.00672221
2024-03-17,TRY,0.03103868
2024-03-17,USD,1.0
2024-03-18,EUR,1.0892
2024-03-18,GBP,1.27354575
2024-03-18,JPY,0.00670236
2024-03-18,TRY,0.03095857
2024-03-18,USD,1.0
2024-03-19,EUR,1.0854
2024-03-19,GBP,1.27029083
2024-03-19,JPY,0.00664381
2024-03-19,TRY,0.03091814
2024-03-19,USD,1.0
2024-03-20,EUR,1.0844
2024-03-20,GBP,1.26922447
2024-03-20,JPY,0.00659049
2024-03-20,TRY,0.03087339
2024-03-20,USD,1.0
2024-03-21,EUR,1.0907
2024-03-21,GBP,1.27302225
2024-03-21,JPY,0.00661191
2024-03-21,TRY,0.03121235
2024-03-21,USD,1.0
2024-03-22,EUR,1.0823
2024-03-22,GBP,1.26149543
2024-03-22,JPY,0.00660987
2024-03-22,TRY,0.03126146
2024-03-22,USD,1.0
2024-03-23,EUR,1.0823
2024-03-23,GBP,1.26149543
2024-03-23,JPY,0.00660987
2024-03-23,TRY,0.03126146
2024-03-23,USD,1.0
2024-03-24,EUR,1.0823
2024-03-24,GBP,1.26149543
2024-03-24,JPY,0.00660987
2024-03-24,TRY,0.03126146
2024-03-24,USD,1.0
2024-03-25,EUR,1.0835
2024-03-25,GBP,1.26432355
2024-03-25,JPY,0.00661558
2024-03-25,TRY,0.03110538
2024-03-25,USD,1.0
2024-03-26,EUR,1.0855
2024-03-26,GBP,1.26447359
2024-03-26,JPY,0.0066028
2024-03-26,TRY,0.03105492
2024-03-26,USD,1.0
2024-03-27,EUR,1.0816
2024-03-27,GBP,1.26107639
2024-03-27,JPY,0.00661448
2024-03-27,TRY,0.03099096
2024-03-27,USD,1.0
2024-03-28,EUR,1.0811
2024-03-28,GBP,1.26429657
2024-03-28,JPY,0.00661426
2024-03-28,TRY,0.03093391
2024-03-28,USD,1.0
2024-03-29,EUR,1.0811
2024-03-29,GBP,1.26429657
2024-03-29,JPY,0.00661426
2024-03-29,TRY,0.03093391
2024-03-29,USD,1.0
2024-03-30,EUR,1.0811
2024-03-30,GBP,1.26429657
2024-03-30,JPY,0.00661426
2024-03-30,TRY,0.03093391
2024-03-30,USD,1.0
2024-03-31,EUR,1.0811
2024-03-31,GBP,1.26429657
2024-03-31,JPY,0.00661426
2024-03-31,TRY,0.03093391
2024-03-31,USD,1.0
2024-04-01,EUR,1.0811
2024-04-01,GBP,1.26429657
2024-04-01,JPY,0.00661426
2024-04-01,TRY,0.03093391
2024-04-01,USD,1.0
2024-04-02,EUR,1.0749
2024-04-02,GBP,1.25704596
2024-04-02,JPY,0.00659407
2024-04-02,TRY,0.03106351
2024-04-02,USD,1.0
2024-04-03,EUR,1.0783
2024-04-03,GBP,1.25803554
2024-04-03,JPY,0.00658866
2024-04-03,TRY,0.03130789
2024-04-03,USD,1.0
2024-04-04,EUR,1.0852
2024-04-04,GBP,1.26497878
2024-04-04,JPY,0.00658935
2024-04-04,TRY,0.03135827
2024-04-04,USD,1.0
2024-04-05,EUR,1.0841
2024-04-05,GBP,1.26391755
2024-04-05,JPY,0.00660634
2024-04-05,TRY,0.03130414
2024-04-05,USD,1.0
2024-04-06,EUR,1.0841
2024-04-06,GBP,1.26391755
2024-04-06,JPY,0.00660634
2024-04-06,TRY,0.03130414
2024-04-06,USD,1.0
2024-04-07,EUR,1.0841
2024-04-07,GBP,1.26391755
2024-04-07,JPY,0.00660634
2024-04-07,TRY,0.03130414
2024-04-07,USD,1.0
2024-04-08,EUR,1.0823
2024-04-08,GBP,1.26149543
2024-04-08,JPY,0.00658213
2024-04-08,TRY,0.03105765
2024-04-08,USD,1.0
2024-04-09,EUR,1.0867
2024-04-09,GBP,1.2685757
2024-04-09,JPY,0.00658726
2024-04-09,TRY,0.03106384
2024-04-09,USD,1.0
2024-04-10,EUR,1.086
2024-04-10,GBP,1.26995264
2024-04-10,JPY,0.00658621
2024-04-10,TRY,0.03099943
2024-04-10,USD,1.0
2024-04-11,EUR,1.0729
2024-04-11,GBP,1.25448699
2024-04-11,JPY,0.0065349
2024-04-11,TRY,0.03097859
2024-04-11,USD,1.0
2024-04-12,EUR,1.0652
2024-04-12,GBP,1.24695636
2024-04-12,JPY,0.00652856
2024-04-12,TRY,0.03093508
2024-04-12,USD,1.0
2024-04-13,EUR,1.0652
2024-04-13,GBP,1.24695636
2024-04-13,JPY,0.00652856
2024-04-13,TRY,0.03093508
2024-04-13,USD,1.0
2024-04-14,EUR,1.0652
2024-04-14,GBP,1.24695636
2024-04-14,JPY,0.00652856
2024-04-14,TRY,0.03093508
2024-04-14,USD,1.0
2024-04-15,EUR,1.0656
2024-04-15,GBP,1.24770213
2024-04-15,JPY,0.00649558
2024-04-15,TRY,0.03086093
2024-04-15,USD,1.0
2024-04-16,EUR,1.0637
2024-04-16,GBP,1.24496723
2024-04-16,JPY,0.00646469
2024-04-16,TRY,0.03076767
2024-04-16,USD,1.0
2024-04-17,EUR,1.0638
2024-04-17,GBP,1.24566745
2024-04-17,JPY,0.0064653
2024-04-17,TRY,0.03074087
2024-04-17,USD,1.0
2024-04-18,EUR,1.0679
2024-04-18,GBP,1.24713879
2024-04-18,JPY,0.00647919
2024-04-18,TRY,0.03077211
2024-04-18,USD,1.0
2024-04-19,EUR,1.0653
2024-04-19,GBP,1.24421864
2024-04-19,JPY,0.00646891
2024-04-19,TRY,0.03067342
2024-04-19,USD,1.0
2024-04-20,EUR,1.0653
2024-04-20,GBP,1.24421864
2024-04-20,JPY,0.00646891
2024-04-20,TRY,0.03067342
2024-04-20,USD,1.0
2024-04-21,EUR,1.0653
2024-04-21,GBP,1.24421864
2024-04-21,JPY,0.00646891
2024-04-21,TRY,0.03067342
2024-04-21,USD,1.0
2024-04-22,EUR,1.0632
2024-04-22,GBP,1.23158187
2024-04-22,JPY,0.00646283
2024-04-22,TRY,0.03073339
2024-04-22,USD,1.0
2024-04-23,EUR,1.0674
2024-04-23,GBP,1.2404416
2024-04-23,JPY,0.00646009
2024-04-23,TRY,0.03068943
2024-04-23,USD,1.0
2024-04-24,EUR,1.0686
2024-04-24,GBP,1.24335331
2024-04-24,JPY,0.00645407
2024-04-24,TRY,0.03075134
2024-04-24,USD,1.0
2024-04-25,EUR,1.072
2024-04-25,GBP,1.25124015
2024-04-25,JPY,0.0064284
2024-04-25,TRY,0.03076261
2024-04-25,USD,1.0
2024-04-26,EUR,1.0714
2024-04-26,GBP,1.25100709
2024-04-26,JPY,0.00637624
2024-04-26,TRY,0.03078417
2024-04-26,USD,1.0
2024-04-27,EUR,1.0714
2024-04-27,GBP,1.25100709
2024-04-27,JPY,0.00637624
2024-04-27,TRY,0.03078417
2024-04-27,USD,1.0
2024-04-28,EUR,1.0714
2024-04-28,GBP,1.25100709
2024-04-28,JPY,0.00637624
2024-04-28,TRY,0.03078417
2024-04-28,USD,1.0
2024-04-29,EUR,1.072
2024-04-29,GBP,1.25390383
2024-04-29,JPY,0.00639885
2024-04-29,TRY,0.0308842
2024-04-29,USD,1.0
2024-04-30,EUR,1.0718
2024-04-30,GBP,1.25388989
2024-04-30,JPY,0.00636953
2024-04-30,TRY,0.0308836
2024-04-30,USD,1.0
2024-05-01,EUR,1.0718
2024-05-01,GBP,1.25388989
2024-05-01,JPY,0.00636953
2024-05-01,TRY,0.0308836
2024-05-01,USD,1.0
2024-05-02,EUR,1.0698
2024-05-02,GBP,1.25067222
2024-05-02,JPY,0.00645897
2024-05-02,TRY,0.03088828
2024-05-02,USD,1.0
2024-05-03,EUR,1.0744
2024-05-03,GBP,1.25553621
2024-05-03,JPY,0.00652655
2024-05-03,TRY,0.03091959
2024-05-03,USD,1.0
2024-05-04,EUR,1.0744
2024-05-04,GBP,1.25553621
2024-05-04,JPY,0.00652655
2024-05-04,TRY,0.03091959
2024-05-04,USD,1.0
2024-05-05,EUR,1.0744
2024-05-05,GBP,1.25553621
2024-05-05,JPY,0.00652655
2024-05-05,TRY,0.03091959
2024-05-05,USD,1.0
2024-05-06,EUR,1.0776
2024-05-06,GBP,1.25799673
2024-05-06,JPY,0.00650332
2024-05-06,TRY,0.03098805
2024-05-06,USD,1.0
2024-05-07,EUR,1.0766
2024-05-07,GBP,1.25470544
2024-05-07,JPY,0.00646801
2024-05-07,TRY,0.0309895
2024-05-07,USD,1.0
2024-05-08,EUR,1.0743
2024-05-08,GBP,1.2479816
2024-05-08,JPY,0.00642716
2024-05-08,TRY,0.0309986
2024-05-08,USD,1.0
2024-05-09,EUR,1.0732
2024-05-09,GBP,1.24797953
2024-05-09,JPY,0.00641406
2024-05-09,TRY,0.03103429
2024-05-09,USD,1.0
2024-05-10,EUR,1.0779
2024-05-10,GBP,1.25257103
2024-05-10,JPY,0.00642104
2024-05-10,TRY,0.03102487
2024-05-10,USD,1.0
2024-05-11,EUR,1.0779
2024-05-11,GBP,1.25257103
2024-05-11,JPY,0.00642104
2024-05-11,TRY,0.03102487
2024-05-11,USD,1.0
2024-05-12,EUR,1.0779
2024-05-12,GBP,1.25257103
2024-05-12,JPY,0.00642104
2024-05-12,TRY,0.03102487
2024-05-12,USD,1.0
2024-05-13,EUR,1.0795
2024-05-13,GBP,1.25489695
2024-05-13,JPY,0.00641605
2024-05-13,TRY,0.0310467
2024-05-13,USD,1.0
2024-05-14,EUR,1.0796
2024-05-14,GBP,1.25559704
2024-05-14,JPY,0.00639233
2024-05-14,TRY,0.03100793
2024-05-14,USD,1.0
2024-05-15,EUR,1.0832
2024-05-15,GBP,1.26188257
2024-05-15,JPY,0.00643116
2024-05-15,TRY,0.03096937
2024-05-15,USD,1.0
2024-05-16,EUR,1.0866
2024-05-16,GBP,1.26569598
2024-05-16,JPY,0.00645518
2024-05-16,TRY,0.0310545
2024-05-16,USD,1.0
2024-05-17,EUR,1.0844
2024-05-17,GBP,1.26556573
2024-05-17,JPY,0.00641809
2024-05-17,TRY,0.03099596
2024-05-17,USD,1.0
2024-05-18,EUR,1.0844
2024-05-18,GBP,1.26556573
2024-05-18,JPY,0.00641809
2024-05-18,TRY,0.03099596
2024-05-18,USD,1.0
2024-05-19,EUR,1.0844
2024-05-19,GBP,1.26556573
2024-05-19,JPY,0.00641809
2024-05-19,TRY,0.03099596
2024-05-19,USD,1.0
2024-05-20,EUR,1.0861
2024-05-20,GBP,1.26957965
2024-05-20,JPY,0.00641713
2024-05-20,TRY,0.03105583
2024-05-20,USD,1.0
2024-05-21,EUR,1.0864
2024-05-21,GBP,1.27153558
2024-05-21,JPY,0.00639586
2024-05-21,TRY,0.03106201
2024-05-21,USD,1.0
2024-05-22,EUR,1.083
2024-05-22,GBP,1.27164915
2024-05-22,JPY,0.00638787
2024-05-22,TRY,0.03107131
2024-05-22,USD,1.0
2024-05-23,EUR,1.0854
2024-05-23,GBP,1.27431758
2024-05-23,JPY,0.00638846
2024-05-23,TRY,0.03103608
2024-05-23,USD,1.0
2024-05-24,EUR,1.084
2024-05-24,GBP,1.27168851
2024-05-24,JPY,0.00636599
2024-05-24,TRY,0.03101228
2024-05-24,USD,1.0
2024-05-25,EUR,1.084
2024-05-25,GBP,1.27168851
2024-05-25,JPY,0.00636599
2024-05-25,TRY,0.03101228
2024-05-25,USD,1.0
2024-05-26,EUR,1.084
2024-05-26,GBP,1.27168851
2024-05-26,JPY,0.00636599
2024-05-26,TRY,0.03101228
2024-05-26,USD,1.0
2024-05-27,EUR,1.0843
2024-05-27,GBP,1.27459739
2024-05-27,JPY,0.00637561
2024-05-27,TRY,0.03106877
2024-05-27,USD,1.0
2024-05-28,EUR,1.0882
2024-05-28,GBP,1.2790315
2024-05-28,JPY,0.00638091
2024-05-28,TRY,0.03107163
2024-05-28,USD,1.0
2024-05-29,EUR,1.0857
2024-05-29,GBP,1.27534359
2024-05-29,JPY,0.00635879
2024-05-29,TRY,0.03102984
2024-05-29,USD,1.0
2024-05-30,EUR,1.0815
2024-05-30,GBP,1.27078315
2024-05-30,JPY,0.00638053
2024-05-30,TRY,0.03098516
2024-05-30,USD,1.0
2024-05-31,EUR,1.0852
2024-05-31,GBP,1.271247
2024-05-31,JPY,0.00636406
2024-05-31,TRY,0.03103311
2024-05-31,USD,1.0
2024-06-01,EUR,1.0852
2024-06-01,GBP,1.271247
2024-06-01,JPY,0.00636406
2024-06-01,TRY,0.03103311
2024-06-01,USD,1.0
2024-06-02,EUR,1.0852
2024-06-02,GBP,1.271247
2024-06-02,JPY,0.00636406
2024-06-02,TRY,0.03103311
2024-06-02,USD,1.0
2024-06-03,EUR,1.0842
2024-06-03,GBP,1.27290872
2024-06-03,JPY,0.00637427
2024-06-03,TRY,0.03105665
2024-06-03,USD,1.0
2024-06-04,EUR,1.0865
2024-06-04,GBP,1.27608846
2024-06-04,JPY,0.00645612
2024-06-04,TRY,0.03084746
2024-06-04,USD,1.0
2024-06-05,EUR,1.0872
2024-06-05,GBP,1.27833694
2024-06-05,JPY,0.00640584
2024-06-05,TRY,0.03085866
2024-06-05,USD,1.0
2024-06-06,EUR,1.0865
2024-06-06,GBP,1.27691331
2024-06-06,JPY,0.00640097
2024-06-06,TRY,0.03101955
2024-06-06,USD,1.0
2024-06-07,EUR,1.0898
2024-06-07,GBP,1.28031015
2024-06-07,JPY,0.00642874
2024-06-07,TRY,0.03099104
2024-06-07,USD,1.0
2024-06-08,EUR,1.0898
2024-06-08,GBP,1.28031015
2024-06-08,JPY,0.00642874
2024-06-08,TRY,0.03099104
2024-06-08,USD,1.0
2024-06-09,EUR,1.0898
2024-06-09,GBP,1.28031015
2024-06-09,JPY,0.00642874
2024-06-09,TRY,0.03099104
2024-06-09,USD,1.0
2024-06-10,EUR,1.0756
2024-06-10,GBP,1.27192101
2024-06-10,JPY,0.0063743
2024-06-10,TRY,0.03084626
2024-06-10,USD,1.0
2024-06-11,EUR,1.073
2024-06-11,GBP,1.27437706
2024-06-11,JPY,0.00636946
2024-06-11,TRY,0.03088659
2024-06-11,USD,1.0
2024-06-12,EUR,1.0765
2024-06-12,GBP,1.27600308
2024-06-12,JPY,0.00635666
2024-06-12,TRY,0.03088394
2024-06-12,USD,1.0
2024-06-13,EUR,1.0784
2024-06-13,GBP,1.2766965
2024-06-13,JPY,0.00635924
2024-06-13,TRY,0.03096084
2024-06-13,USD,1.0
2024-06-14,EUR,1.0686
2024-06-14,GBP,1.26904578
2024-06-14,JPY,0.0063683
2024-06-14,TRY,0.03063418
2024-06-14,USD,1.0
2024-06-15,EUR,1.0686
2024-06-15,GBP,1.26904578
2024-06-15,JPY,0.0063683
2024-06-15,TRY,0.03063418
2024-06-15,USD,1.0
2024-06-16,EUR,1.0686
2024-06-16,GBP,1.26904578
2024-06-16,JPY,0.0063683
2024-06-16,TRY,0.03063418
2024-06-16,USD,1.0
2024-06-17,EUR,1.0712
2024-06-17,GBP,1.26659809
2024-06-17,JPY,0.00633434
2024-06-17,TRY,0.03043588
2024-06-17,USD,1.0
2024-06-18,EUR,1.0715
2024-06-18,GBP,1.26744736
2024-06-18,JPY,0.00632489
2024-06-18,TRY,0.03063415
2024-06-18,USD,1.0
2024-06-19,EUR,1.0749
2024-06-19,GBP,1.2727488
2024-06-19,JPY,0.00633113
2024-06-19,TRY,0.03073338
2024-06-19,USD,1.0
2024-06-20,EUR,1.0719
2024-06-20,GBP,1.26832558
2024-06-20,JPY,0.00631198
2024-06-20,TRY,0.03047551
2024-06-20,USD,1.0
2024-06-21,EUR,1.0688
2024-06-21,GBP,1.26438821
2024-06-21,JPY,0.00629372
2024-06-21,TRY,0.03043896
2024-06-21,USD,1.0
2024-06-22,EUR,1.0688
2024-06-22,GBP,1.26438821
2024-06-22,JPY,0.00629372
2024-06-22,TRY,0.03043896
2024-06-22,USD,1.0
2024-06-23,EUR,1.0688
2024-06-23,GBP,1.26438821
2024-06-23,JPY,0.00629372
2024-06-23,TRY,0.03043896
2024-06-23,USD,1.0
2024-06-24,EUR,1.073
2024-06-24,GBP,1.26637555
2024-06-24,JPY,0.00626862
2024-06-24,TRY,0.03040065
2024-06-24,USD,1.0
2024-06-25,EUR,1.0714
2024-06-25,GBP,1.26845439
2024-06-25,JPY,0.00627137
2024-06-25,TRY,0.03033752
2024-06-25,USD,1.0
2024-06-26,EUR,1.0689
2024-06-26,GBP,1.2656744
2024-06-26,JPY,0.00623556
2024-06-26,TRY,0.03036976
2024-06-26,USD,1.0
2024-06-27,EUR,1.0696
2024-06-27,GBP,1.26445206
2024-06-27,JPY,0.00623092
2024-06-27,TRY,0.03041055
2024-06-27,USD,1.0
2024-06-28,EUR,1.0705
2024-06-28,GBP,1.26479832
2024-06-28,JPY,0.00622601
2024-06-28,TRY,0.03042334
2024-06-28,USD,1.0
2024-06-29,EUR,1.0705
2024-06-29,GBP,1.26479832
2024-06-29,JPY,0.00622601
2024-06-29,TRY,0.03042334
2024-06-29,USD,1.0
2024-06-30,EUR,1.0705
2024-06-30,GBP,1.26479832
2024-06-30,JPY,0.00622601
2024-06-30,TRY,0.03042334
2024-06-30,USD,1.0
2024-07-01,EUR,1.0745
2024-07-01,GBP,1.2672485
2024-07-01,JPY,0.0062056
2024-07-01,TRY,0.03060155
2024-07-01,USD,1.0
2024-07-02,EUR,1.0729
2024-07-02,GBP,1.26588402
2024-07-02,JPY,0.00619064
2024-07-02,TRY,0.03059249
2024-07-02,USD,1.0
2024-07-03,EUR,1.0758
2024-07-03,GBP,1.27042985
2024-07-03,JPY,0.00617637
2024-07-03,TRY,0.03069321
2024-07-03,USD,1.0
2024-07-04,EUR,1.08
2024-07-04,GBP,1.2756458
2024-07-04,JPY,0.00621261
2024-07-04,TRY,0.03070485
2024-07-04,USD,1.0
2024-07-05,EUR,1.0824
2024-07-05,GBP,1.27923605
2024-07-05,JPY,0.00621855
2024-07-05,TRY,0.03057092
2024-07-05,USD,1.0
2024-07-06,EUR,1.0824
2024-07-06,GBP,1.27923605
2024-07-06,JPY,0.00621855
2024-07-06,TRY,0.03057092
2024-07-06,USD,1.0
2024-07-07,EUR,1.0824
2024-07-07,GBP,1.27923605
2024-07-07,JPY,0.00621855
2024-07-07,TRY,0.03057092
2024-07-07,USD,1.0
2024-07-08,EUR,1.0835
2024-07-08,GBP,1.28361569
2024-07-08,JPY,0.0062138
2024-07-08,TRY,0.03055254
2024-07-08,USD,1.0
2024-07-09,EUR,1.0814
2024-07-09,GBP,1.27989963
2024-07-09,JPY,0.00620781
2024-07-09,TRY,0.03037777
2024-07-09,USD,1.0
2024-07-10,EUR,1.0825
2024-07-10,GBP,1.28079226
2024-07-10,JPY,0.00619315
2024-07-10,TRY,0.03043252
2024-07-10,USD,1.0
2024-07-11,EUR,1.0855
2024-07-11,GBP,1.28758674
2024-07-11,JPY,0.00618906
2024-07-11,TRY,0.0304238
2024-07-11,USD,1.0
2024-07-12,EUR,1.089
2024-07-12,GBP,1.29598115
2024-07-12,JPY,0.00629953
2024-07-12,TRY,0.03027885
2024-07-12,USD,1.0
2024-07-13,EUR,1.089
2024-07-13,GBP,1.29598115
2024-07-13,JPY,0.00629953
2024-07-13,TRY,0.03027885
2024-07-13,USD,1.0
2024-07-14,EUR,1.089
2024-07-14,GBP,1.29598115
2024-07-14,JPY,0.00629953
2024-07-14,TRY,0.03027885
2024-07-14,USD,1.0
2024-07-15,EUR,1.0907
2024-07-15,GBP,1.29775715
2024-07-15,JPY,0.00632877
2024-07-15,TRY,0.03025067
2024-07-15,USD,1.0
2024-07-16,EUR,1.0902
2024-07-16,GBP,1.29696162
2024-07-16,JPY,0.00631451
2024-07-16,TRY,0.03021744
2024-07-16,USD,1.0
2024-07-17,EUR,1.0934
2024-07-17,GBP,1.30298516
2024-07-17,JPY,0.00638631
2024-07-17,TRY,0.03021535
2024-07-17,USD,1.0
2024-07-18,EUR,1.093
2024-07-18,GBP,1.2984853
2024-07-18,JPY,0.00639107
2024-07-18,TRY,0.03022293
2024-07-18,USD,1.0
2024-07-19,EUR,1.089
2024-07-19,GBP,1.2921215
2024-07-19,JPY,0.00634578
2024-07-19,TRY,0.03025765
2024-07-19,USD,1.0
2024-07-20,EUR,1.089
2024-07-20,GBP,1.2921215
2024-07-20,JPY,0.00634578
2024-07-20,TRY,0.03025765
2024-07-20,USD,1.0
2024-07-21,EUR,1.089
2024-07-21,GBP,1.2921215
2024-07-21,JPY,0.00634578
2024-07-21,TRY,0.03025765
2024-07-21,USD,1.0
2024-07-22,EUR,1.0888
2024-07-22,GBP,1.29288132
2024-07-22,JPY,0.00637471
2024-07-22,TRY,0.03032328
2024-07-22,USD,1.0
2024-07-23,EUR,1.086
2024-07-23,GBP,1.29173456
2024-07-23,JPY,0.00640179
2024-07-23,TRY,0.03036981
2024-07-23,USD,1.0
2024-07-24,EUR,1.0848
2024-07-24,GBP,1.29184381
2024-07-24,JPY,0.00648687
2024-07-24,TRY,0.0304284
2024-07-24,USD,1.0
2024-07-25,EUR,1.0851
2024-07-25,GBP,1.28749407
2024-07-25,JPY,0.00655174
2024-07-25,TRY,0.03021906
2024-07-25,USD,1.0
2024-07-26,EUR,1.086
2024-07-26,GBP,1.28706535
2024-07-26,JPY,0.00647045
2024-07-26,TRY,0.03033655
2024-07-26,USD,1.0
2024-07-27,EUR,1.086
2024-07-27,GBP,1.28706535
2024-07-27,JPY,0.00647045
2024-07-27,TRY,0.03033655
2024-07-27,USD,1.0
2024-07-28,EUR,1.086
2024-07-28,GBP,1.28706535
2024-07-28,JPY,0.00647045
2024-07-28,TRY,0.03033655
2024-07-28,USD,1.0
2024-07-29,EUR,1.0817
2024-07-29,GBP,1.2824708
2024-07-29,JPY,0.00649904
2024-07-29,TRY,0.03029157
2024-07-29,USD,1.0
2024-07-30,EUR,1.0824
2024-07-30,GBP,1.2845953
2024-07-30,JPY,0.00645785
2024-07-30,TRY,0.03021784
2024-07-30,USD,1.0
2024-07-31,EUR,1.0828
2024-07-31,GBP,1.28324247
2024-07-31,JPY,0.00665274
2024-07-31,TRY,0.03015442
2024-07-31,USD,1.0
2024-08-01,EUR,1.0789
2024-08-01,GBP,1.27940897
2024-08-01,JPY,0.00663285
2024-08-01,TRY,0.03021613
2024-08-01,USD,1.0
2024-08-02,EUR,1.0835
2024-08-02,GBP,1.27470588
2024-08-02,JPY,0.00671438
2024-08-02,TRY,0.03014587
2024-08-02,USD,1.0
2024-08-03,EUR,1.0835
2024-08-03,GBP,1.27470588
2024-08-03,JPY,0.00671438
2024-08-03,TRY,0.03014587
2024-08-03,USD,1.0
2024-08-04,EUR,1.0835
2024-08-04,GBP,1.27470588
2024-08-04,JPY,0.00671438
2024-08-04,TRY,0.03014587
2024-08-04,USD,1.0
2024-08-05,EUR,1.0966
2024-08-05,GBP,1.27692773
2024-08-05,JPY,0.00703039
2024-08-05,TRY,0.0299742
2024-08-05,USD,1.0
2024-08-06,EUR,1.0915
2024-08-06,GBP,1.26921556
2024-08-06,JPY,0.00689557
2024-08-06,TRY,0.02978399
2024-08-06,USD,1.0
2024-08-07,EUR,1.0922
2024-08-07,GBP,1.27284169
2024-08-07,JPY,0.0067999
2024-08-07,TRY,0.02985899
2024-08-07,USD,1.0
2024-08-08,EUR,1.093
2024-08-08,GBP,1.26955734
2024-08-08,JPY,0.00684237
2024-08-08,TRY,0.02985254
2024-08-08,USD,1.0
2024-08-09,EUR,1.0917
2024-08-09,GBP,1.27374341
2024-08-09,JPY,0.00680908
2024-08-09,TRY,0.02980547
2024-08-09,USD,1.0
2024-08-10,EUR,1.0917
2024-08-10,GBP,1.27374341
2024-08-10,JPY,0.00680908
2024-08-10,TRY,0.02980547
2024-08-10,USD,1.0
2024-08-11,EUR,1.0917
2024-08-11,GBP,1.27374341
2024-08-11,JPY,0.00680908
2024-08-11,TRY,0.02980547
2024-08-11,USD,1.0
2024-08-12,EUR,1.0925
2024-08-12,GBP,1.27697127
2024-08-12,JPY,0.00677519
2024-08-12,TRY,0.02982585
2024-08-12,USD,1.0
2024-08-13,EUR,1.0931
2024-08-13,GBP,1.27910787
2024-08-13,JPY,0.00678228
2024-08-13,TRY,0.02980188
2024-08-13,USD,1.0
2024-08-14,EUR,1.1019
2024-08-14,GBP,1.28452024
2024-08-14,JPY,0.00680269
2024-08-14,TRY,0.02980807
2024-08-14,USD,1.0
2024-08-15,EUR,1.1011
2024-08-15,GBP,1.28610641
2024-08-15,JPY,0.00679104
2024-08-15,TRY,0.02974764
2024-08-15,USD,1.0
2024-08-16,EUR,1.0994
2024-08-16,GBP,1.29146697
2024-08-16,JPY,0.00675639
2024-08-16,TRY,0.02967758
2024-08-16,USD,1.0
2024-08-17,EUR,1.0994
2024-08-17,GBP,1.29146697
2024-08-17,JPY,0.00675639
2024-08-17,TRY,0.02967758
2024-08-17,USD,1.0
2024-08-18,EUR,1.0994
2024-08-18,GBP,1.29146697
2024-08-18,JPY,0.00675639
2024-08-18,TRY,0.02967758
2024-08-18,USD,1.0
2024-08-19,EUR,1.1041
2024-08-19,GBP,1.29523832
2024-08-19,JPY,0.00684841
2024-08-19,TRY,0.02964679
2024-08-19,USD,1.0
2024-08-20,EUR,1.1084
2024-08-20,GBP,1.30103059
2024-08-20,JPY,0.00683438
2024-08-20,TRY,0.0295649
2024-08-20,USD,1.0
2024-08-21,EUR,1.1116
2024-08-21,GBP,1.30311947
2024-08-21,JPY,0.00685073
2024-08-21,TRY,0.02949566
2024-08-21,USD,1.0
2024-08-22,EUR,1.1135
2024-08-22,GBP,1.31087906
2024-08-22,JPY,0.00684641
2024-08-22,TRY,0.02946898
2024-08-22,USD,1.0
2024-08-23,EUR,1.1121
2024-08-23,GBP,1.31247566
2024-08-23,JPY,0.00684917
2024-08-23,TRY,0.02940655
2024-08-23,USD,1.0
2024-08-24,EUR,1.1121
2024-08-24,GBP,1.31247566
2024-08-24,JPY,0.00684917
2024-08-24,TRY,0.02940655
2024-08-24,USD,1.0
2024-08-25,EUR,1.1121
2024-08-25,GBP,1.31247566
2024-08-25,JPY,0.00684917
2024-08-25,TRY,0.02940655
2024-08-25,USD,1.0
2024-08-26,EUR,1.1163
2024-08-26,GBP,1.31880206
2024-08-26,JPY,0.00693613
2024-08-26,TRY,0.02939666
2024-08-26,USD,1.0
2024-08-27,EUR,1.1162
2024-08-27,GBP,1.32191667
2024-08-27,JPY,0.0069226
2024-08-27,TRY,0.02938327
2024-08-27,USD,1.0
2024-08-28,EUR,1.1117
2024-08-28,GBP,1.32088923
2024-08-28,JPY,0.00692346
2024-08-28,TRY,0.02937982
2024-08-28,USD,1.0
2024-08-29,EUR,1.1088
2024-08-29,GBP,1.31725572
2024-08-29,JPY,0.00691444
2024-08-29,TRY,0.02933768
2024-08-29,USD,1.0
2024-08-30,EUR,1.1087
2024-08-30,GBP,1.3179981
2024-08-30,JPY,0.00687822
2024-08-30,TRY,0.02935779
2024-08-30,USD,1.0
2024-08-31,EUR,1.1087
2024-08-31,GBP,1.3179981
2024-08-31,JPY,0.00687822
2024-08-31,TRY,0.02935779
2024-08-31,USD,1.0
2024-09-01,EUR,1.1087
2024-09-01,GBP,1.3179981
2024-09-01,JPY,0.00687822
2024-09-01,TRY,0.02935779
2024-09-01,USD,1.0
2024-09-02,EUR,1.1061
2024-09-02,GBP,1.31337719
2024-09-02,JPY,0.00680426
2024-09-02,TRY,0.02943211
2024-09-02,USD,1.0
2024-09-03,EUR,1.1035
2024-09-03,GBP,1.31236249
2024-09-03,JPY,0.00684299
2024-09-03,TRY,0.02943083
2024-09-03,USD,1.0
2024-09-04,EUR,1.105
2024-09-04,GBP,1.31160384
2024-09-04,JPY,0.00689505
2024-09-04,TRY,0.02937033
2024-09-04,USD,1.0
2024-09-05,EUR,1.1097
2024-09-05,GBP,1.31608909
2024-09-05,JPY,0.00697048
2024-09-05,TRY,0.02942003
2024-09-05,USD,1.0
2024-09-06,EUR,1.1103
2024-09-06,GBP,1.31719123
2024-09-06,JPY,0.00698609
2024-09-06,TRY,0.02942065
2024-09-06,USD,1.0
2024-09-07,EUR,1.1103
2024-09-07,GBP,1.31719123
2024-09-07,JPY,0.00698609
2024-09-07,TRY,0.02942065
2024-09-07,USD,1.0
2024-09-08,EUR,1.1103
2024-09-08,GBP,1.31719123
2024-09-08,JPY,0.00698609
2024-09-08,TRY,0.02942065
2024-09-08,USD,1.0
2024-09-09,EUR,1.1043
2024-09-09,GBP,1.30895514
2024-09-09,JPY,0.00696587
2024-09-09,TRY,0.02937054
2024-09-09,USD,1.0
2024-09-10,EUR,1.1031
2024-09-10,GBP,1.30908444
2024-09-10,JPY,0.00699005
2024-09-10,TRY,0.02936057
2024-09-10,USD,1.0
2024-09-11,EUR,1.1043
2024-09-11,GBP,1.3088
2024-09-11,JPY,0.00705172
2024-09-11,TRY,0.02940331
2024-09-11,USD,1.0
2024-09-12,EUR,1.1016
2024-09-12,GBP,1.30428605
2024-09-12,JPY,0.00701567
2024-09-12,TRY,0.02945297
2024-09-12,USD,1.0
2024-09-13,EUR,1.1081
2024-09-13,GBP,1.31174904
2024-09-13,JPY,0.00709547
2024-09-13,TRY,0.02945915
2024-09-13,USD,1.0
2024-09-14,EUR,1.1081
2024-09-14,GBP,1.31174904
2024-09-14,JPY,0.00709547
2024-09-14,TRY,0.02945915
2024-09-14,USD,1.0
2024-09-15,EUR,1.1081
2024-09-15,GBP,1.31174904
2024-09-15,JPY,0.00709547
2024-09-15,TRY,0.02945915
2024-09-15,USD,1.0
2024-09-16,EUR,1.1126
2024-09-16,GBP,1.32015473
2024-09-16,JPY,0.00714763
2024-09-16,TRY,0.02943075
2024-09-16,USD,1.0
2024-09-17,EUR,1.1139
2024-09-17,GBP,1.32169724
2024-09-17,JPY,0.00710803
2024-09-17,TRY,0.02937988
2024-09-17,USD,1.0
2024-09-18,EUR,1.1124
2024-09-18,GBP,1.320748
2024-09-18,JPY,0.00704318
2024-09-18,TRY,0.02931774
2024-09-18,USD,1.0
2024-09-19,EUR,1.1156
2024-09-19,GBP,1.32883876
2024-09-19,JPY,0.00699304
2024-09-19,TRY,0.02939007
2024-09-19,USD,1.0
2024-09-20,EUR,1.1166
2024-09-20,GBP,1.33071148
2024-09-20,JPY,0.00693196
2024-09-20,TRY,0.02931809
2024-09-20,USD,1.0
2024-09-21,EUR,1.1166
2024-09-21,GBP,1.33071148
2024-09-21,JPY,0.00693196
2024-09-21,TRY,0.02931809
2024-09-21,USD,1.0
2024-09-22,EUR,1.1166
2024-09-22,GBP,1.33071148
2024-09-22,JPY,0.00693196
2024-09-22,TRY,0.02931809
2024-09-22,USD,1.0
2024-09-23,EUR,1.1119
2024-09-23,GBP,1.33132977
2024-09-23,JPY,0.00696767
2024-09-23,TRY,0.02928017
2024-09-23,USD,1.0
2024-09-24,EUR,1.1133
2024-09-24,GBP,1.33777938
2024-09-24,JPY,0.00695204
2024-09-24,TRY,0.02929243
2024-09-24,USD,1.0
2024-09-25,EUR,1.1194
2024-09-25,GBP,1.33814687
2024-09-25,JPY,0.0069317
2024-09-25,TRY,0.02929676
2024-09-25,USD,1.0
2024-09-26,EUR,1.1155
2024-09-26,GBP,1.33708108
2024-09-26,JPY,0.00693805
2024-09-26,TRY,0.02927652
2024-09-26,USD,1.0
2024-09-27,EUR,1.1158
2024-09-27,GBP,1.33888502
2024-09-27,JPY,0.00698991
2024-09-27,TRY,0.02926028
2024-09-27,USD,1.0
2024-09-28,EUR,1.1158
2024-09-28,GBP,1.33888502
2024-09-28,JPY,0.00698991
2024-09-28,TRY,0.02926028
2024-09-28,USD,1.0
2024-09-29,EUR,1.1158
2024-09-29,GBP,1.33888502
2024-09-29,JPY,0.00698991
2024-09-29,TRY,0.02926028
2024-09-29,USD,1.0
2024-09-30,EUR,1.1196
2024-09-30,GBP,1.34014819
2024-09-30,JPY,0.00700538
2024-09-30,TRY,0.02925583
2024-09-30,USD,1.0
2024-10-01,EUR,1.1086
2024-10-01,GBP,1.33256404
2024-10-01,JPY,0.00695614
2024-10-01,TRY,0.02923639
2024-10-01,USD,1.0
2024-10-02,EUR,1.1071
2024-10-02,GBP,1.32924311
2024-10-02,JPY,0.00690815
2024-10-02,TRY,0.02921671
2024-10-02,USD,1.0
2024-10-03,EUR,1.1039
2024-10-03,GBP,1.31014266
2024-10-03,JPY,0.00681504
2024-10-03,TRY,0.02927767
2024-10-03,USD,1.0
2024-10-04,EUR,1.1029
2024-10-04,GBP,1.31713143
2024-10-04,JPY,0.00682108
2024-10-04,TRY,0.02919563
2024-10-04,USD,1.0
2024-10-05,EUR,1.1029
2024-10-05,GBP,1.31713143
2024-10-05,JPY,0.00682108
2024-10-05,TRY,0.02919563
2024-10-05,USD,1.0
2024-10-06,EUR,1.1029
2024-10-06,GBP,1.31713143
2024-10-06,JPY,0.00682108
2024-10-06,TRY,0.02919563
2024-10-06,USD,1.0
2024-10-07,EUR,1.0982
2024-10-07,GBP,1.30865845
2024-10-07,JPY,0.00675275
2024-10-07,TRY,0.02919394
2024-10-07,USD,1.0
2024-10-08,EUR,1.0982
2024-10-08,GBP,1.31084533
2024-10-08,JPY,0.00675857
2024-10-08,TRY,0.02917788
2024-10-08,USD,1.0
2024-10-09,EUR,1.0957
2024-10-09,GBP,1.30845474
2024-10-09,JPY,0.00672332
2024-10-09,TRY,0.02920021
2024-10-09,USD,1.0
2024-10-10,EUR,1.0932
2024-10-10,GBP,1.30631169
2024-10-10,JPY,0.00671293
2024-10-10,TRY,0.02922862
2024-10-10,USD,1.0
2024-10-11,EUR,1.0938
2024-10-11,GBP,1.30673198
2024-10-11,JPY,0.0067129
2024-10-11,TRY,0.02916994
2024-10-11,USD,1.0
2024-10-12,EUR,1.0938
2024-10-12,GBP,1.30673198
2024-10-12,JPY,0.0067129
2024-10-12,TRY,0.02916994
2024-10-12,USD,1.0
2024-10-13,EUR,1.0938
2024-10-13,GBP,1.30673198
2024-10-13,JPY,0.0067129
2024-10-13,TRY,0.02916994
2024-10-13,USD,1.0
2024-10-14,EUR,1.0915
2024-10-14,GBP,1.30460766
2024-10-14,JPY,0.00668034
2024-10-14,TRY,0.02917529
2024-10-14,USD,1.0
2024-10-15,EUR,1.0903
2024-10-15,GBP,1.30801991
2024-10-15,JPY,0.00669512
2024-10-15,TRY,0.0291901
2024-10-15,USD,1.0
2024-10-16,EUR,1.0897
2024-10-16,GBP,1.30339095
2024-10-16,JPY,0.00670296
2024-10-16,TRY,0.02923109
2024-10-16,USD,1.0
2024-10-17,EUR,1.0866
2024-10-17,GBP,1.30201905
2024-10-17,JPY,0.00668677
2024-10-17,TRY,0.029275
2024-10-17,USD,1.0
2024-10-18,EUR,1.0847
2024-10-18,GBP,1.30427463
2024-10-18,JPY,0.00666482
2024-10-18,TRY,0.02916095
2024-10-18,USD,1.0
2024-10-19,EUR,1.0847
2024-10-19,GBP,1.30427463
2024-10-19,JPY,0.00666482
2024-10-19,TRY,0.02916095
2024-10-19,USD,1.0
2024-10-20,EUR,1.0847
2024-10-20,GBP,1.30427463
2024-10-20,JPY,0.00666482
2024-10-20,TRY,0.02916095
2024-10-20,USD,1.0
2024-10-21,EUR,1.0853
2024-10-21,GBP,1.30264658
2024-10-21,JPY,0.00666687
2024-10-21,TRY,0.02919333
2024-10-21,USD,1.0
2024-10-22,EUR,1.0821
2024-10-22,GBP,1.29841613
2024-10-22,JPY,0.0066297
2024-10-22,TRY,0.02919868
2024-10-22,USD,1.0
2024-10-23,EUR,1.0767
2024-10-23,GBP,1.2949199
2024-10-23,JPY,0.00653893
2024-10-23,TRY,0.02915911
2024-10-23,USD,1.0
2024-10-24,EUR,1.0801
2024-10-24,GBP,1.2980411
2024-10-24,JPY,0.00658116
2024-10-24,TRY,0.02920863
2024-10-24,USD,1.0
2024-10-25,EUR,1.0825
2024-10-25,GBP,1.29861561
2024-10-25,JPY,0.00658255
2024-10-25,TRY,0.02916375
2024-10-25,USD,1.0
2024-10-26,EUR,1.0825
2024-10-26,GBP,1.29861561
2024-10-26,JPY,0.00658255
2024-10-26,TRY,0.02916375
2024-10-26,USD,1.0
2024-10-27,EUR,1.0825
2024-10-27,GBP,1.29861561
2024-10-27,JPY,0.00658255
2024-10-27,TRY,0.02916375
2024-10-27,USD,1.0
2024-10-28,EUR,1.0818
2024-10-28,GBP,1.29883539
2024-10-28,JPY,0.00654922
2024-10-28,TRY,0.02915832
2024-10-28,USD,1.0
2024-10-29,EUR,1.0774
2024-10-29,GBP,1.29775958
2024-10-29,JPY,0.00650368
2024-10-29,TRY,0.02915903
2024-10-29,USD,1.0
2024-10-30,EUR,1.0815
2024-10-30,GBP,1.29637399
2024-10-30,JPY,0.00651859
2024-10-30,TRY,0.02916234
2024-10-30,USD,1.0
2024-10-31,EUR,1.0882
2024-10-31,GBP,1.29929674
2024-10-31,JPY,0.0065436
2024-10-31,TRY,0.02919931
2024-10-31,USD,1.0
2024-11-01,EUR,1.0885
2024-11-01,GBP,1.29586419
2024-11-01,JPY,0.00657545
2024-11-01,TRY,0.02912312
2024-11-01,USD,1.0
2024-11-02,EUR,1.0885
2024-11-02,GBP,1.29586419
2024-11-02,JPY,0.00657545
2024-11-02,TRY,0.02912312
2024-11-02,USD,1.0
2024-11-03,EUR,1.0885
2024-11-03,GBP,1.29586419
2024-11-03,JPY,0.00657545
2024-11-03,TRY,0.02912312
2024-11-03,USD,1.0
2024-11-04,EUR,1.0904
2024-11-04,GBP,1.2971224
2024-11-04,JPY,0.00658971
2024-11-04,TRY,0.02911398
2024-11-04,USD,1.0
2024-11-05,EUR,1.0897
2024-11-05,GBP,1.29849857
2024-11-05,JPY,0.00656723
2024-11-05,TRY,0.02911363
2024-11-05,USD,1.0
2024-11-06,EUR,1.0695
2024-11-06,GBP,1.28510147
2024-11-06,JPY,0.00647985
2024-11-06,TRY,0.02919284
2024-11-06,USD,1.0
2024-11-07,EUR,1.0785
2024-11-07,GBP,1.29650778
2024-11-07,JPY,0.00650836
2024-11-07,TRY,0.0292024
2024-11-07,USD,1.0
2024-11-08,EUR,1.0772
2024-11-08,GBP,1.2948983
2024-11-08,JPY,0.00656109
2024-11-08,TRY,0.02910533
2024-11-08,USD,1.0
2024-11-09,EUR,1.0772
2024-11-09,GBP,1.2948983
2024-11-09,JPY,0.00656109
2024-11-09,TRY,0.02910533
2024-11-09,USD,1.0
2024-11-10,EUR,1.0772
2024-11-10,GBP,1.2948983
2024-11-10,JPY,0.00656109
2024-11-10,TRY,0.02910533
2024-11-10,USD,1.0
2024-11-11,EUR,1.0651
2024-11-11,GBP,1.28821964
2024-11-11,JPY,0.00650165
2024-11-11,TRY,0.02912736
2024-11-11,USD,1.0
2024-11-12,EUR,1.0617
2024-11-12,GBP,1.28170459
2024-11-12,JPY,0.00648525
2024-11-12,TRY,0.02908456
2024-11-12,USD,1.0
2024-11-13,EUR,1.0629
2024-11-13,GBP,1.27426181
2024-11-13,JPY,0.00645316
2024-11-13,TRY,0.02910333
2024-11-13,USD,1.0
2024-11-14,EUR,1.0533
2024-11-14,GBP,1.26662498
2024-11-14,JPY,0.00641318
2024-11-14,TRY,0.02909918
2024-11-14,USD,1.0
2024-11-15,EUR,1.0583
2024-11-15,GBP,1.26810856
2024-11-15,JPY,0.00643891
2024-11-15,TRY,0.02905071
2024-11-15,USD,1.0
2024-11-16,EUR,1.0583
2024-11-16,GBP,1.26810856
2024-11-16,JPY,0.00643891
2024-11-16,TRY,0.02905071
2024-11-16,USD,1.0
2024-11-17,EUR,1.0583
2024-11-17,GBP,1.26810856
2024-11-17,JPY,0.00643891
2024-11-17,TRY,0.02905071
2024-11-17,USD,1.0
2024-11-18,EUR,1.0552
2024-11-18,GBP,1.26280517
2024-11-18,JPY,0.00644436
2024-11-18,TRY,0.02895187
2024-11-18,USD,1.0
2024-11-19,EUR,1.0578
2024-11-19,GBP,1.26473612
2024-11-19,JPY,0.00650114
2024-11-19,TRY,0.02893658
2024-11-19,USD,1.0
2024-11-20,EUR,1.0562
2024-11-20,GBP,1.26673063
2024-11-20,JPY,0.00642379
2024-11-20,TRY,0.02901449
2024-11-20,USD,1.0
2024-11-21,EUR,1.0526
2024-11-21,GBP,1.26403516
2024-11-21,JPY,0.00647634
2024-11-21,TRY,0.0290006
2024-11-21,USD,1.0
2024-11-22,EUR,1.0412
2024-11-22,GBP,1.25136711
2024-11-22,JPY,0.00647351
2024-11-22,TRY,0.02894337
2024-11-22,USD,1.0
2024-11-23,EUR,1.0412
2024-11-23,GBP,1.25136711
2024-11-23,JPY,0.00647351
2024-11-23,TRY,0.02894337
2024-11-23,USD,1.0
2024-11-24,EUR,1.0412
2024-11-24,GBP,1.25136711
2024-11-24,JPY,0.00647351
2024-11-24,TRY,0.02894337
2024-11-24,USD,1.0
2024-11-25,EUR,1.0495
2024-11-25,GBP,1.25741329
2024-11-25,JPY,0.00649282
2024-11-25,TRY,0.02891025
2024-11-25,USD,1.0
2024-11-26,EUR,1.0522
2024-11-26,GBP,1.26042166
2024-11-26,JPY,0.00653013
2024-11-26,TRY,0.02886765
2024-11-26,USD,1.0
2024-11-27,EUR,1.0531
2024-11-27,GBP,1.26270983
2024-11-27,JPY,0.0065963
2024-11-27,TRY,0.02885356
2024-11-27,USD,1.0
2024-11-28,EUR,1.0542
2024-11-28,GBP,1.2666106
2024-11-28,JPY,0.00659328
2024-11-28,TRY,0.02889692
2024-11-28,USD,1.0
2024-11-29,EUR,1.0562
2024-11-29,GBP,1.26939487
2024-11-29,JPY,0.00665784
2024-11-29,TRY,0.02882721
2024-11-29,USD,1.0
2024-11-30,EUR,1.0562
2024-11-30,GBP,1.26939487
2024-11-30,JPY,0.00665784
2024-11-30,TRY,0.02882721
2024-11-30,USD,1.0
2024-12-01,EUR,1.0562
2024-12-01,GBP,1.26939487
2024-12-01,JPY,0.00665784
2024-12-01,TRY,0.02882721
2024-12-01,USD,1.0
2024-12-02,EUR,1.0507
2024-12-02,GBP,1.26746122
2024-12-02,JPY,0.00666096
2024-12-02,TRY,0.02880429
2024-12-02,USD,1.0
2024-12-03,EUR,1.0512
2024-12-03,GBP,1.26463193
2024-12-03,JPY,0.00668277
2024-12-03,TRY,0.02877682
2024-12-03,USD,1.0
2024-12-04,EUR,1.0492
2024-12-04,GBP,1.26669081
2024-12-04,JPY,0.0066158
2024-12-04,TRY,0.02877145
2024-12-04,USD,1.0
2024-12-05,EUR,1.054
2024-12-05,GBP,1.27294686
2024-12-05,JPY,0.006649
2024-12-05,TRY,0.02879978
2024-12-05,USD,1.0
2024-12-06,EUR,1.0581
2024-12-06,GBP,1.27705027
2024-12-06,JPY,0.00664427
2024-12-06,TRY,0.02873718
2024-12-06,USD,1.0
2024-12-07,EUR,1.0581
2024-12-07,GBP,1.27705027
2024-12-07,JPY,0.00664427
2024-12-07,TRY,0.02873718
2024-12-07,USD,1.0
2024-12-08,EUR,1.0581
2024-12-08,GBP,1.27705027
2024-12-08,JPY,0.00664427
2024-12-08,TRY,0.02873718
2024-12-08,USD,1.0
2024-12-09,EUR,1.0568
2024-12-09,GBP,1.27625143
2024-12-09,JPY,0.00662986
2024-12-09,TRY,0.02872403
2024-12-09,USD,1.0
2024-12-10,EUR,1.0527
2024-12-10,GBP,1.2751499
2024-12-10,JPY,0.00659008
2024-12-10,TRY,0.02869659
2024-12-10,USD,1.0
2024-12-11,EUR,1.0507
2024-12-11,GBP,1.27422445
2024-12-11,JPY,0.00655254
2024-12-11,TRY,0.02867788
2024-12-11,USD,1.0
2024-12-12,EUR,1.0491
2024-12-12,GBP,1.27274712
2024-12-12,JPY,0.00657331
2024-12-12,TRY,0.02867216
2024-12-12,USD,1.0
2024-12-13,EUR,1.0518
2024-12-13,GBP,1.26657274
2024-12-13,JPY,0.00651471
2024-12-13,TRY,0.02861387
2024-12-13,USD,1.0
2024-12-14,EUR,1.0518
2024-12-14,GBP,1.26657274
2024-12-14,JPY,0.00651471
2024-12-14,TRY,0.02861387
2024-12-14,USD,1.0
2024-12-15,EUR,1.0518
2024-12-15,GBP,1.26657274
2024-12-15,JPY,0.00651471
2024-12-15,TRY,0.02861387
2024-12-15,USD,1.0
2024-12-16,EUR,1.0498
2024-12-16,GBP,1.26565797
2024-12-16,JPY,0.00649107
2024-12-16,TRY,0.02860225
2024-12-16,USD,1.0
2024-12-17,EUR,1.0497
2024-12-17,GBP,1.27008518
2024-12-17,JPY,0.00649446
2024-12-17,TRY,0.02857866
2024-12-17,USD,1.0
2024-12-18,EUR,1.0496
2024-12-18,GBP,1.27193408
2024-12-18,JPY,0.00649827
2024-12-18,TRY,0.02855619
2024-12-18,USD,1.0
2024-12-19,EUR,1.0395
2024-12-19,GBP,1.26084056
2024-12-19,JPY,0.00637456
2024-12-19,TRY,0.02851343
2024-12-19,USD,1.0
2024-12-20,EUR,1.039
2024-12-20,GBP,1.25233532
2024-12-20,JPY,0.00637854
2024-12-20,TRY,0.02842339
2024-12-20,USD,1.0
2024-12-21,EUR,1.039
2024-12-21,GBP,1.25233532
2024-12-21,JPY,0.00637854
2024-12-21,TRY,0.02842339
2024-12-21,USD,1.0
2024-12-22,EUR,1.039
2024-12-22,GBP,1.25233532
2024-12-22,JPY,0.00637854
2024-12-22,TRY,0.02842339
2024-12-22,USD,1.0
2024-12-23,EUR,1.0393
2024-12-23,GBP,1.25224411
2024-12-23,JPY,0.00636202
2024-12-23,TRY,0.02839369
2024-12-23,USD,1.0
2024-12-24,EUR,1.0395
2024-12-24,GBP,1.25535898
2024-12-24,JPY,0.00636753
2024-12-24,TRY,0.0283649
2024-12-24,USD,1.0
2024-12-25,EUR,1.0395
2024-12-25,GBP,1.25535898
2024-12-25,JPY,0.00636753
2024-12-25,TRY,0.0283649
2024-12-25,USD,1.0
2024-12-26,EUR,1.0395
2024-12-26,GBP,1.25535898
2024-12-26,JPY,0.00636753
2024-12-26,TRY,0.0283649
2024-12-26,USD,1.0
2024-12-27,EUR,1.0435
2024-12-27,GBP,1.25574623
2024-12-27,JPY,0.00633769
2024-12-27,TRY,0.02839796
2024-12-27,USD,1.0
2024-12-28,EUR,1.0435
2024-12-28,GBP,1.25574623
2024-12-28,JPY,0.00633769
2024-12-28,TRY,0.02839796
2024-12-28,USD,1.0
2024-12-29,EUR,1.0435
2024-12-29,GBP,1.25574623
2024-12-29,JPY,0.00633769
2024-12-29,TRY,0.02839796
2024-12-29,USD,1.0
2024-12-30,EUR,1.0444
2024-12-30,GBP,1.25907173
2024-12-30,JPY,0.00634624
2024-12-30,TRY,0.02831012
2024-12-30,USD,1.0
2024-12-31,EUR,1.0389
2024-12-31,GBP,1.25292458
2024-12-31,JPY,0.00637127
2024-12-31,TRY,0.02827924
2024-12-31,USD,1.0
2025-01-01,EUR,1.0389
2025-01-01,GBP,1.25292458
2025-01-01,JPY,0.00637127
2025-01-01,TRY,0.02827924
2025-01-01,USD,1.0
2025-01-02,EUR,1.0321
2025-01-02,GBP,1.24172863
2025-01-02,JPY,0.00636941
2025-01-02,TRY,0.02831371
2025-01-02,USD,1.0
2025-01-03,EUR,1.0299
2025-01-03,GBP,1.24094803
2025-01-03,JPY,0.00636645
2025-01-03,TRY,0.02827469
2025-01-03,USD,1.0
2025-01-04,EUR,1.0299
2025-01-04,GBP,1.24094803
2025-01-04,JPY,0.00636645
2025-01-04,TRY,0.02827469
2025-01-04,USD,1.0
2025-01-05,EUR,1.0299
2025-01-05,GBP,1.24094803
2025-01-05,JPY,0.00636645
2025-01-05,TRY,0.02827469
2025-01-05,USD,1.0
2025-01-06,EUR,1.0426
2025-01-06,GBP,1.25466317
2025-01-06,JPY,0.00638652
2025-01-06,TRY,0.02830806
2025-01-06,USD,1.0
2025-01-07,EUR,1.0393
2025-01-07,GBP,1.25345233
2025-01-07,JPY,0.00634261
2025-01-07,TRY,0.02828551
2025-01-07,USD,1.0
2025-01-08,EUR,1.0286
2025-01-08,GBP,1.23328897
2025-01-08,JPY,0.00631275
2025-01-08,TRY,0.02826197
2025-01-08,USD,1.0
2025-01-09,EUR,1.0305
2025-01-09,GBP,1.22959622
2025-01-09,JPY,0.0063392
2025-01-09,TRY,0.02829396
2025-01-09,USD,1.0
2025-01-10,EUR,1.0304
2025-01-10,GBP,1.23116629
2025-01-10,JPY,0.00632691
2025-01-10,TRY,0.02824182
2025-01-10,USD,1.0
2025-01-11,EUR,1.0304
2025-01-11,GBP,1.23116629
2025-01-11,JPY,0.00632691
2025-01-11,TRY,0.02824182
2025-01-11,USD,1.0
2025-01-12,EUR,1.0304
2025-01-12,GBP,1.23116629
2025-01-12,JPY,0.00632691
2025-01-12,TRY,0.02824182
2025-01-12,USD,1.0
2025-01-13,EUR,1.0198
2025-01-13,GBP,1.21173954
2025-01-13,JPY,0.006365
2025-01-13,TRY,0.02816979
2025-01-13,USD,1.0
2025-01-14,EUR,1.0245
2025-01-14,GBP,1.21547551
2025-01-14,JPY,0.00633855
2025-01-14,TRY,0.02817393
2025-01-14,USD,1.0
2025-01-15,EUR,1.03
2025-01-15,GBP,1.22163842
2025-01-15,JPY,0.00636785
2025-01-15,TRY,0.02818235
2025-01-15,USD,1.0
2025-01-16,EUR,1.0272
2025-01-16,GBP,1.21911273
2025-01-16,JPY,0.0064016
2025-01-16,TRY,0.02821428
2025-01-16,USD,1.0
2025-01-17,EUR,1.0298
2025-01-17,GBP,1.21937646
2025-01-17,JPY,0.00642701
2025-01-17,TRY,0.02811579
2025-01-17,USD,1.0
2025-01-18,EUR,1.0298
2025-01-18,GBP,1.21937646
2025-01-18,JPY,0.00642701
2025-01-18,TRY,0.02811579
2025-01-18,USD,1.0
2025-01-19,EUR,1.0298
2025-01-19,GBP,1.21937646
2025-01-19,JPY,0.00642701
2025-01-19,TRY,0.02811579
2025-01-19,USD,1.0
2025-01-20,EUR,1.0316
2025-01-20,GBP,1.21955833
2025-01-20,JPY,0.00639316
2025-01-20,TRY,0.02809866
2025-01-20,USD,1.0
2025-01-21,EUR,1.0357
2025-01-21,GBP,1.22491219
2025-01-21,JPY,0.00642255
2025-01-21,TRY,0.02806714
2025-01-21,USD,1.0
2025-01-22,EUR,1.0443
2025-01-22,GBP,1.23635546
2025-01-22,JPY,0.00641777
2025-01-22,TRY,0.02804906
2025-01-22,USD,1.0
2025-01-23,EUR,1.0404
2025-01-23,GBP,1.23170905
2025-01-23,JPY,0.00639931
2025-01-23,TRY,0.02804366
2025-01-23,USD,1.0
2025-01-24,EUR,1.0472
2025-01-24,GBP,1.24056721
2025-01-24,JPY,0.00638926
2025-01-24,TRY,0.0280173
2025-01-24,USD,1.0
2025-01-25,EUR,1.0472
2025-01-25,GBP,1.24056721
2025-01-25,JPY,0.00638926
2025-01-25,TRY,0.0280173
2025-01-25,USD,1.0
2025-01-26,EUR,1.0472
2025-01-26,GBP,1.24056721
2025-01-26,JPY,0.00638926
2025-01-26,TRY,0.0280173
2025-01-26,USD,1.0
2025-01-27,EUR,1.053
2025-01-27,GBP,1.25199153
2025-01-27,JPY,0.00649158
2025-01-27,TRY,0.0279856
2025-01-27,USD,1.0
2025-01-28,EUR,1.0421
2025-01-28,GBP,1.24254781
2025-01-28,JPY,0.00643828
2025-01-28,TRY,0.02796045
2025-01-28,USD,1.0
2025-01-29,EUR,1.0396
2025-01-29,GBP,1.24171375
2025-01-29,JPY,0.00643715
2025-01-29,TRY,0.0279512
2025-01-29,USD,1.0
2025-01-30,EUR,1.0403
2025-01-30,GBP,1.24311406
2025-01-30,JPY,0.0064889
2025-01-30,TRY,0.02794777
2025-01-30,USD,1.0
2025-01-31,EUR,1.0393
2025-01-31,GBP,1.24306286
2025-01-31,JPY,0.00645568
2025-01-31,TRY,0.02788907
2025-01-31,USD,1.0
2025-02-01,EUR,1.0393
2025-02-01,GBP,1.24306286
2025-02-01,JPY,0.00645568
2025-02-01,TRY,0.02788907
2025-02-01,USD,1.0
2025-02-02,EUR,1.0393
2025-02-02,GBP,1.24306286
2025-02-02,JPY,0.00645568
2025-02-02,TRY,0.02788907
2025-02-02,USD,1.0
2025-02-03,EUR,1.0274
2025-02-03,GBP,1.23580639
2025-02-03,JPY,0.00646692
2025-02-03,TRY,0.02778875
2025-02-03,USD,1.0
2025-02-04,EUR,1.0335
2025-02-04,GBP,1.24236669
2025-02-04,JPY,0.00643845
2025-02-04,TRY,0.02781561
2025-02-04,USD,1.0
2025-02-05,EUR,1.0422
2025-02-05,GBP,1.25437805
2025-02-05,JPY,0.00654443
2025-02-05,TRY,0.02784353
2025-02-05,USD,1.0
2025-02-06,EUR,1.036
2025-02-06,GBP,1.23793136
2025-02-06,JPY,0.00655904
2025-02-06,TRY,0.0278595
2025-02-06,USD,1.0
2025-02-07,EUR,1.0377
2025-02-07,GBP,1.24494619
2025-02-07,JPY,0.0065773
2025-02-07,TRY,0.02779474
2025-02-07,USD,1.0
2025-02-08,EUR,1.0377
2025-02-08,GBP,1.24494619
2025-02-08,JPY,0.0065773
2025-02-08,TRY,0.02779474
2025-02-08,USD,1.0
2025-02-09,EUR,1.0377
2025-02-09,GBP,1.24494619
2025-02-09,JPY,0.0065773
2025-02-09,TRY,0.02779474
2025-02-09,USD,1.0
2025-02-10,EUR,1.032
2025-02-10,GBP,1.23914845
2025-02-10,JPY,0.0065766
2025-02-10,TRY,0.02778047
2025-02-10,USD,1.0
2025-02-11,EUR,1.0324
2025-02-11,GBP,1.23855797
2025-02-11,JPY,0.00656409
2025-02-11,TRY,0.02773778
2025-02-11,USD,1.0
2025-02-12,EUR,1.037
2025-02-12,GBP,1.24433032
2025-02-12,JPY,0.006513
2025-02-12,TRY,0.0277035
2025-02-12,USD,1.0
2025-02-13,EUR,1.039
2025-02-13,GBP,1.24710429
2025-02-13,JPY,0.00650228
2025-02-13,TRY,0.02769559
2025-02-13,USD,1.0
2025-02-14,EUR,1.0478
2025-02-14,GBP,1.25914799
2025-02-14,JPY,0.00654507
2025-02-14,TRY,0.02761103
2025-02-14,USD,1.0
2025-02-15,EUR,1.0478
2025-02-15,GBP,1.25914799
2025-02-15,JPY,0.00654507
2025-02-15,TRY,0.02761103
2025-02-15,USD,1.0
2025-02-16,EUR,1.0478
2025-02-16,GBP,1.25914799
2025-02-16,JPY,0.00654507
2025-02-16,TRY,0.02761103
2025-02-16,USD,1.0
2025-02-17,EUR,1.0473
2025-02-17,GBP,1.25978853
2025-02-17,JPY,0.00660049
2025-02-17,TRY,0.027598
2025-02-17,USD,1.0
2025-02-18,EUR,1.0447
2025-02-18,GBP,1.25829569
2025-02-18,JPY,0.00658909
2025-02-18,TRY,0.0275677
2025-02-18,USD,1.0
2025-02-19,EUR,1.0434
2025-02-19,GBP,1.25956687
2025-02-19,JPY,0.00658671
2025-02-19,TRY,0.02754881
2025-02-19,USD,1.0
2025-02-20,EUR,1.0443
2025-02-20,GBP,1.26088164
2025-02-20,JPY,0.00666858
2025-02-20,TRY,0.02753767
2025-02-20,USD,1.0
2025-02-21,EUR,1.0465
2025-02-21,GBP,1.26449976
2025-02-21,JPY,0.00664613
2025-02-21,TRY,0.02746553
2025-02-21,USD,1.0
2025-02-22,EUR,1.0465
2025-02-22,GBP,1.26449976
2025-02-22,JPY,0.00664613
2025-02-22,TRY,0.02746553
2025-02-22,USD,1.0
2025-02-23,EUR,1.0465
2025-02-23,GBP,1.26449976
2025-02-23,JPY,0.00664613
2025-02-23,TRY,0.02746553
2025-02-23,USD,1.0
2025-02-24,EUR,1.0466
2025-02-24,GBP,1.26355185
2025-02-24,JPY,0.00667432
2025-02-24,TRY,0.02747407
2025-02-24,USD,1.0
2025-02-25,EUR,1.0497
2025-02-25,GBP,1.26610219
2025-02-25,JPY,0.00667791
2025-02-25,TRY,0.02742579
2025-02-25,USD,1.0
2025-02-26,EUR,1.0487
2025-02-26,GBP,1.26550659
2025-02-26,JPY,0.00669241
2025-02-26,TRY,0.02744383
2025-02-26,USD,1.0
2025-02-27,EUR,1.0477
2025-02-27,GBP,1.26728194
2025-02-27,JPY,0.00668474
2025-02-27,TRY,0.02744955
2025-02-27,USD,1.0
2025-02-28,EUR,1.0411
2025-02-28,GBP,1.26028956
2025-02-28,JPY,0.0066329
2025-02-28,TRY,0.02738396
2025-02-28,USD,1.0
2025-03-01,EUR,1.0411
2025-03-01,GBP,1.26028956
2025-03-01,JPY,0.0066329
2025-03-01,TRY,0.02738396
2025-03-01,USD,1.0
2025-03-02,EUR,1.0411
2025-03-02,GBP,1.26028956
2025-03-02,JPY,0.0066329
2025-03-02,TRY,0.02738396
2025-03-02,USD,1.0
2025-03-03,EUR,1.0465
2025-03-03,GBP,1.26802375
2025-03-03,JPY,0.00660961
2025-03-03,TRY,0.02743213
2025-03-03,USD,1.0
2025-03-04,EUR,1.0557
2025-03-04,GBP,1.27518481
2025-03-04,JPY,0.00674569
2025-03-04,TRY,0.02743182
2025-03-04,USD,1.0
2025-03-05,EUR,1.0694
2025-03-05,GBP,1.28071856
2025-03-05,JPY,0.00667999
2025-03-05,TRY,0.02744761
2025-03-05,USD,1.0
2025-03-06,EUR,1.0796
2025-03-06,GBP,1.28845924
2025-03-06,JPY,0.0067797
2025-03-06,TRY,0.02745446
2025-03-06,USD,1.0
2025-03-07,EUR,1.0857
2025-03-07,GBP,1.29114737
2025-03-07,JPY,0.00677081
2025-03-07,TRY,0.02743107
2025-03-07,USD,1.0
2025-03-08,EUR,1.0857
2025-03-08,GBP,1.29114737
2025-03-08,JPY,0.00677081
2025-03-08,TRY,0.02743107
2025-03-08,USD,1.0
2025-03-09,EUR,1.0857
2025-03-09,GBP,1.29114737
2025-03-09,JPY,0.00677081
2025-03-09,TRY,0.02743107
2025-03-09,USD,1.0
2025-03-10,EUR,1.0845
2025-03-10,GBP,1.29339646
2025-03-10,JPY,0.00680407
2025-03-10,TRY,0.0273568
2025-03-10,USD,1.0
2025-03-11,EUR,1.0912
2025-03-11,GBP,1.2932894
2025-03-11,JPY,0.00675582
2025-03-11,TRY,0.02732988
2025-03-11,USD,1.0
2025-03-12,EUR,1.0886
2025-03-12,GBP,1.29475011
2025-03-12,JPY,0.00671023
2025-03-12,TRY,0.02731566
2025-03-12,USD,1.0
2025-03-13,EUR,1.083
2025-03-13,GBP,1.29270214
2025-03-13,JPY,0.00674178
2025-03-13,TRY,0.02731682
2025-03-13,USD,1.0
2025-03-14,EUR,1.0889
2025-03-14,GBP,1.29349156
2025-03-14,JPY,0.00672659
2025-03-14,TRY,0.02726469
2025-03-14,USD,1.0
2025-03-15,EUR,1.0889
2025-03-15,GBP,1.29349156
2025-03-15,JPY,0.00672659
2025-03-15,TRY,0.02726469
2025-03-15,USD,1.0
2025-03-16,EUR,1.0889
2025-03-16,GBP,1.29349156
2025-03-16,JPY,0.00672659
2025-03-16,TRY,0.02726469
2025-03-16,USD,1.0
2025-03-17,EUR,1.0903
2025-03-17,GBP,1.29757456
2025-03-17,JPY,0.00671946
2025-03-17,TRY,0.0272725
2025-03-17,USD,1.0
2025-03-18,EUR,1.0918
2025-03-18,GBP,1.29709052
2025-03-18,JPY,0.00667768
2025-03-18,TRY,0.02728136
2025-03-18,USD,1.0
2025-03-19,EUR,1.0897
2025-03-19,GBP,1.29605842
2025-03-19,JPY,0.00667422
2025-03-19,TRY,0.02632145
2025-03-19,USD,1.0
2025-03-20,EUR,1.0833
2025-03-20,GBP,1.29441988
2025-03-20,JPY,0.00673485
2025-03-20,TRY,0.02631662
2025-03-20,USD,1.0
2025-03-21,EUR,1.0827
2025-03-21,GBP,1.29254462
2025-03-21,JPY,0.00672526
2025-03-21,TRY,0.02630927
2025-03-21,USD,1.0
2025-03-22,EUR,1.0827
2025-03-22,GBP,1.29254462
2025-03-22,JPY,0.00672526
2025-03-22,TRY,0.02630927
2025-03-22,USD,1.0
2025-03-23,EUR,1.0827
2025-03-23,GBP,1.29254462
2025-03-23,JPY,0.00672526
2025-03-23,TRY,0.02630927
2025-03-23,USD,1.0
2025-03-24,EUR,1.0824
2025-03-24,GBP,1.29376188
2025-03-24,JPY,0.0066753
2025-03-24,TRY,0.02631579
2025-03-24,USD,1.0
2025-03-25,EUR,1.0825
2025-03-25,GBP,1.29539879
2025-03-25,JPY,0.00666893
2025-03-25,TRY,0.02633314
2025-03-25,USD,1.0
2025-03-26,EUR,1.0788
2025-03-26,GBP,1.2900757
2025-03-26,JPY,0.00665105
2025-03-26,TRY,0.02630956
2025-03-26,USD,1.0
2025-03-27,EUR,1.0785
2025-03-27,GBP,1.29443818
2025-03-27,JPY,0.00663488
2025-03-27,TRY,0.02630873
2025-03-27,USD,1.0
2025-03-28,EUR,1.0797
2025-03-28,GBP,1.2952566
2025-03-28,JPY,0.00663859
2025-03-28,TRY,0.02630931
2025-03-28,USD,1.0
2025-03-29,EUR,1.0797
2025-03-29,GBP,1.2952566
2025-03-29,JPY,0.00663859
2025-03-29,TRY,0.02630931
2025-03-29,USD,1.0
2025-03-30,EUR,1.0797
2025-03-30,GBP,1.2952566
2025-03-30,JPY,0.00663859
2025-03-30,TRY,0.02630931
2025-03-30,USD,1.0
2025-03-31,EUR,1.0815
2025-03-31,GBP,1.29465141
2025-03-31,JPY,0.00669245
2025-03-31,TRY,0.0263524
2025-03-31,USD,1.0
2025-04-01,EUR,1.0788
2025-04-01,GBP,1.28942808
2025-04-01,JPY,0.00670354
2025-04-01,TRY,0.02636357
2025-04-01,USD,1.0
2025-04-02,EUR,1.0803
2025-04-02,GBP,1.29447007
2025-04-02,JPY,0.00670078
2025-04-02,TRY,0.02637625
2025-04-02,USD,1.0
2025-04-03,EUR,1.1097
2025-04-03,GBP,1.31851289
2025-04-03,JPY,0.00684282
2025-04-03,TRY,0.02636055
2025-04-03,USD,1.0
2025-04-04,EUR,1.1057
2025-04-04,GBP,1.30105313
2025-04-04,JPY,0.00688652
2025-04-04,TRY,0.02630752
2025-04-04,USD,1.0
2025-04-05,EUR,1.1057
2025-04-05,GBP,1.30105313
2025-04-05,JPY,0.00688652
2025-04-05,TRY,0.02630752
2025-04-05,USD,1.0
2025-04-06,EUR,1.1057
2025-04-06,GBP,1.30105313
2025-04-06,JPY,0.00688652
2025-04-06,TRY,0.02630752
2025-04-06,USD,1.0
2025-04-07,EUR,1.0967
2025-04-07,GBP,1.28137122
2025-04-07,JPY,0.00682962
2025-04-07,TRY,0.02630809
2025-04-07,USD,1.0
2025-04-08,EUR,1.095
2025-04-08,GBP,1.27854841
2025-04-08,JPY,0.00681606
2025-04-08,TRY,0.02630852
2025-04-08,USD,1.0
2025-04-09,EUR,1.1045
2025-04-09,GBP,1.27783884
2025-04-09,JPY,0.00691999
2025-04-09,TRY,0.02630889
2025-04-09,USD,1.0
2025-04-10,EUR,1.1082
2025-04-10,GBP,1.29228616
2025-04-10,JPY,0.00687128
2025-04-10,TRY,0.02637774
2025-04-10,USD,1.0
2025-04-11,EUR,1.1346
2025-04-11,GBP,1.30898267
2025-04-11,JPY,0.00700068
2025-04-11,TRY,0.02627545
2025-04-11,USD,1.0
2025-04-12,EUR,1.1346
2025-04-12,GBP,1.30898267
2025-04-12,JPY,0.00700068
2025-04-12,TRY,0.02627545
2025-04-12,USD,1.0
2025-04-13,EUR,1.1346
2025-04-13,GBP,1.30898267
2025-04-13,JPY,0.00700068
2025-04-13,TRY,0.02627545
2025-04-13,USD,1.0
2025-04-14,EUR,1.1377
2025-04-14,GBP,1.31704155
2025-04-14,JPY,0.00698104
2025-04-14,TRY,0.02627901
2025-04-14,USD,1.0
2025-04-15,EUR,1.1324
2025-04-15,GBP,1.32336099
2025-04-15,JPY,0.0069966
2025-04-15,TRY,0.02622334
2025-04-15,USD,1.0
2025-04-16,EUR,1.1355
2025-04-16,GBP,1.32623981
2025-04-16,JPY,0.00700537
2025-04-16,TRY,0.02623002
2025-04-16,USD,1.0
2025-04-17,EUR,1.136
2025-04-17,GBP,1.32288379
2025-04-17,JPY,0.00701321
2025-04-17,TRY,0.02625958
2025-04-17,USD,1.0
2025-04-18,EUR,1.136
2025-04-18,GBP,1.32288379
2025-04-18,JPY,0.00701321
2025-04-18,TRY,0.02625958
2025-04-18,USD,1.0
2025-04-19,EUR,1.136
2025-04-19,GBP,1.32288379
2025-04-19,JPY,0.00701321
2025-04-19,TRY,0.02625958
2025-04-19,USD,1.0
2025-04-20,EUR,1.136
2025-04-20,GBP,1.32288379
2025-04-20,JPY,0.00701321
2025-04-20,TRY,0.02625958
2025-04-20,USD,1.0
2025-04-21,EUR,1.136
2025-04-21,GBP,1.32288379
2025-04-21,JPY,0.00701321
2025-04-21,TRY,0.02625958
2025-04-21,USD,1.0
2025-04-22,EUR,1.1476
2025-04-22,GBP,1.33662559
2025-04-22,JPY,0.00712574
2025-04-22,TRY,0.02613712
2025-04-22,USD,1.0
2025-04-23,EUR,1.1415
2025-04-23,GBP,1.33052813
2025-04-23,JPY,0.00706024
2025-04-23,TRY,0.02611674
2025-04-23,USD,1.0
2025-04-24,EUR,1.1376
2025-04-24,GBP,1.33052632
2025-04-24,JPY,0.00701529
2025-04-24,TRY,0.02610132
2025-04-24,USD,1.0
2025-04-25,EUR,1.1357
2025-04-25,GBP,1.33126245
2025-04-25,JPY,0.00697604
2025-04-25,TRY,0.02603091
2025-04-25,USD,1.0
2025-04-26,EUR,1.1357
2025-04-26,GBP,1.33126245
2025-04-26,JPY,0.00697604
2025-04-26,TRY,0.02603091
2025-04-26,USD,1.0
2025-04-27,EUR,1.1357
2025-04-27,GBP,1.33126245
2025-04-27,JPY,0.00697604
2025-04-27,TRY,0.02603091
2025-04-27,USD,1.0
2025-04-28,EUR,1.1358
2025-04-28,GBP,1.33403805
2025-04-28,JPY,0.00697666
2025-04-28,TRY,0.02601192
2025-04-28,USD,1.0
2025-04-29,EUR,1.1373
2025-04-29,GBP,1.3383149
2025-04-29,JPY,0.00700826
2025-04-29,TRY,0.02601571
2025-04-29,USD,1.0
2025-04-30,EUR,1.1373
2025-04-30,GBP,1.33517258
2025-04-30,JPY,0.00699103
2025-04-30,TRY,0.02599103
2025-04-30,USD,1.0
2025-05-01,EUR,1.1373
2025-05-01,GBP,1.33517258
2025-05-01,JPY,0.00699103
2025-05-01,TRY,0.02599103
2025-05-01,USD,1.0
2025-05-02,EUR,1.1343
2025-05-02,GBP,1.32930974
2025-05-02,JPY,0.00691942
2025-05-02,TRY,0.02592828
2025-05-02,USD,1.0
2025-05-03,EUR,1.1343
2025-05-03,GBP,1.32930974
2025-05-03,JPY,0.00691942
2025-05-03,TRY,0.02592828
2025-05-03,USD,1.0
2025-05-04,EUR,1.1343
2025-05-04,GBP,1.32930974
2025-05-04,JPY,0.00691942
2025-05-04,TRY,0.02592828
2025-05-04,USD,1.0
2025-05-05,EUR,1.1343
2025-05-05,GBP,1.33211979
2025-05-05,JPY,0.00695079
2025-05-05,TRY,0.02591726
2025-05-05,USD,1.0
2025-05-06,EUR,1.1325
2025-05-06,GBP,1.3372299
2025-05-06,JPY,0.00700631
2025-05-06,TRY,0.02590608
2025-05-06,USD,1.0
2025-05-07,EUR,1.136
2025-05-07,GBP,1.33474327
2025-05-07,JPY,0.00697403
2025-05-07,TRY,0.02587746
2025-05-07,USD,1.0
2025-05-08,EUR,1.1297
2025-05-08,GBP,1.33282209
2025-05-08,JPY,0.00691159
2025-05-08,TRY,0.02588425
2025-05-08,USD,1.0
2025-05-09,EUR,1.1252
2025-05-09,GBP,1.32735638
2025-05-09,JPY,0.00688786
2025-05-09,TRY,0.0258074
2025-05-09,USD,1.0
2025-05-10,EUR,1.1252
2025-05-10,GBP,1.32735638
2025-05-10,JPY,0.00688786
2025-05-10,TRY,0.0258074
2025-05-10,USD,1.0
2025-05-11,EUR,1.1252
2025-05-11,GBP,1.32735638
2025-05-11,JPY,0.00688786
2025-05-11,TRY,0.0258074
2025-05-11,USD,1.0
2025-05-12,EUR,1.1106
2025-05-12,GBP,1.31759402
2025-05-12,JPY,0.00675301
2025-05-12,TRY,0.0257918
2025-05-12,USD,1.0
2025-05-13,EUR,1.1112
2025-05-13,GBP,1.32191292
2025-05-13,JPY,0.0067505
2025-05-13,TRY,0.02578801
2025-05-13,USD,1.0
2025-05-14,EUR,1.1214
2025-05-14,GBP,1.33262032
2025-05-14,JPY,0.00683739
2025-05-14,TRY,0.02580595
2025-05-14,USD,1.0
2025-05-15,EUR,1.1185
2025-05-15,GBP,1.32775404
2025-05-15,JPY,0.00684936
2025-05-15,TRY,0.02584406
2025-05-15,USD,1.0
2025-05-16,EUR,1.1194
2025-05-16,GBP,1.32834935
2025-05-16,JPY,0.00686538
2025-05-16,TRY,0.02574979
2025-05-16,USD,1.0
2025-05-17,EUR,1.1194
2025-05-17,GBP,1.32834935
2025-05-17,JPY,0.00686538
2025-05-17,TRY,0.02574979
2025-05-17,USD,1.0
2025-05-18,EUR,1.1194
2025-05-18,GBP,1.32834935
2025-05-18,JPY,0.00686538
2025-05-18,TRY,0.02574979
2025-05-18,USD,1.0
2025-05-19,EUR,1.1262
2025-05-19,GBP,1.33768856
2025-05-19,JPY,0.0068982
2025-05-19,TRY,0.02574489
2025-05-19,USD,1.0
2025-05-20,EUR,1.1241
2025-05-20,GBP,1.33535282
2025-05-20,JPY,0.00691371
2025-05-20,TRY,0.02574031
2025-05-20,USD,1.0
2025-05-21,EUR,1.1321
2025-05-21,GBP,1.34039782
2025-05-21,JPY,0.00695564
2025-05-21,TRY,0.02575718
2025-05-21,USD,1.0
2025-05-22,EUR,1.1309
2025-05-22,GBP,1.34199597
2025-05-22,JPY,0.00697269
2025-05-22,TRY,0.02569877
2025-05-22,USD,1.0
2025-05-23,EUR,1.1301
2025-05-23,GBP,1.34824624
2025-05-23,JPY,0.00701359
2025-05-23,TRY,0.0256212
2025-05-23,USD,1.0
2025-05-24,EUR,1.1301
2025-05-24,GBP,1.34824624
2025-05-24,JPY,0.00701359
2025-05-24,TRY,0.0256212
2025-05-24,USD,1.0
2025-05-25,EUR,1.1301
2025-05-25,GBP,1.34824624
2025-05-25,JPY,0.00701359
2025-05-25,TRY,0.0256212
2025-05-25,USD,1.0
2025-05-26,EUR,1.1381
2025-05-26,GBP,1.35617255
2025-05-26,JPY,0.00699809
2025-05-26,TRY,0.0257056
2025-05-26,USD,1.0
2025-05-27,EUR,1.1356
2025-05-27,GBP,1.35496957
2025-05-27,JPY,0.00693623
2025-05-27,TRY,0.02564172
2025-05-27,USD,1.0
2025-05-28,EUR,1.1317
2025-05-28,GBP,1.34758276
2025-05-28,JPY,0.00692468
2025-05-28,TRY,0.02559568
2025-05-28,USD,1.0
2025-05-29,EUR,1.1281
2025-05-29,GBP,1.34666348
2025-05-29,JPY,0.00690096
2025-05-29,TRY,0.02556601
2025-05-29,USD,1.0
2025-05-30,EUR,1.1339
2025-05-30,GBP,1.3479553
2025-05-30,JPY,0.00695815
2025-05-30,TRY,0.02548353
2025-05-30,USD,1.0
2025-05-31,EUR,1.1339
2025-05-31,GBP,1.3479553
2025-05-31,JPY,0.00695815
2025-05-31,TRY,0.02548353
2025-05-31,USD,1.0
2025-06-01,EUR,1.1339
2025-06-01,GBP,1.3479553
2025-06-01,JPY,0.00695815
2025-06-01,TRY,0.02548353
2025-06-01,USD,1.0
2025-06-02,EUR,1.1419
2025-06-02,GBP,1.35392459
2025-06-02,JPY,0.00700638
2025-06-02,TRY,0.02551703
2025-06-02,USD,1.0
2025-06-03,EUR,1.1386
2025-06-03,GBP,1.3496918
2025-06-03,JPY,0.00698528
2025-06-03,TRY,0.02555579
2025-06-03,USD,1.0
2025-06-04,EUR,1.1384
2025-06-04,GBP,1.35185845
2025-06-04,JPY,0.00693512
2025-06-04,TRY,0.02556249
2025-06-04,USD,1.0
2025-06-05,EUR,1.1423
2025-06-05,GBP,1.35681197
2025-06-05,JPY,0.00697971
2025-06-05,TRY,0.0254223
2025-06-05,USD,1.0
2025-06-06,EUR,1.1411
2025-06-06,GBP,1.35426062
2025-06-06,JPY,0.00693172
2025-06-06,TRY,0.02548674
2025-06-06,USD,1.0
2025-06-07,EUR,1.1411
2025-06-07,GBP,1.35426062
2025-06-07,JPY,0.00693172
2025-06-07,TRY,0.02548674
2025-06-07,USD,1.0
2025-06-08,EUR,1.1411
2025-06-08,GBP,1.35426062
2025-06-08,JPY,0.00693172
2025-06-08,TRY,0.02548674
2025-06-08,USD,1.0
2025-06-09,EUR,1.141
2025-06-09,GBP,1.35446344
2025-06-09,JPY,0.00692018
2025-06-09,TRY,0.02549236
2025-06-09,USD,1.0
2025-06-10,EUR,1.1429
2025-06-10,GBP,1.35030718
2025-06-10,JPY,0.00691702
2025-06-10,TRY,0.02549255
2025-06-10,USD,1.0
2025-06-11,EUR,1.1433
2025-06-11,GBP,1.34886739
2025-06-11,JPY,0.0068803
2025-06-11,TRY,0.02551644
2025-06-11,USD,1.0
2025-06-12,EUR,1.1594
2025-06-12,GBP,1.35792926
2025-06-12,JPY,0.00695751
2025-06-12,TRY,0.02542817
2025-06-12,USD,1.0
2025-06-13,EUR,1.1512
2025-06-13,GBP,1.35355673
2025-06-13,JPY,0.00693745
2025-06-13,TRY,0.02535828
2025-06-13,USD,1.0
2025-06-14,EUR,1.1512
2025-06-14,GBP,1.35355673
2025-06-14,JPY,0.00693745
2025-06-14,TRY,0.02535828
2025-06-14,USD,1.0
2025-06-15,EUR,1.1512
2025-06-15,GBP,1.35355673
2025-06-15,JPY,0.00693745
2025-06-15,TRY,0.02535828
2025-06-15,USD,1.0
2025-06-16,EUR,1.1574
2025-06-16,GBP,1.35797254
2025-06-16,JPY,0.00693511
2025-06-16,TRY,0.02538336
2025-06-16,USD,1.0
2025-06-17,EUR,1.1568
2025-06-17,GBP,1.35695015
2025-06-17,JPY,0.00691246
2025-06-17,TRY,0.02539008
2025-06-17,USD,1.0
2025-06-18,EUR,1.1508
2025-06-18,GBP,1.34565014
2025-06-18,JPY,0.00690466
2025-06-18,TRY,0.02529125
2025-06-18,USD,1.0
2025-06-19,EUR,1.1478
2025-06-19,GBP,1.34387074
2025-06-19,JPY,0.00686483
2025-06-19,TRY,0.02527893
2025-06-19,USD,1.0
2025-06-20,EUR,1.1515
2025-06-20,GBP,1.34883449
2025-06-20,JPY,0.00686766
2025-06-20,TRY,0.02520223
2025-06-20,USD,1.0
2025-06-21,EUR,1.1515
2025-06-21,GBP,1.34883449
2025-06-21,JPY,0.00686766
2025-06-21,TRY,0.02520223
2025-06-21,USD,1.0
2025-06-22,EUR,1.1515
2025-06-22,GBP,1.34883449
2025-06-22,JPY,0.00686766
2025-06-22,TRY,0.02520223
2025-06-22,USD,1.0
2025-06-23,EUR,1.1472
2025-06-23,GBP,1.33909186
2025-06-23,JPY,0.00677734
2025-06-23,TRY,0.02517004
2025-06-23,USD,1.0
2025-06-24,EUR,1.1607
2025-06-24,GBP,1.36120558
2025-06-24,JPY,0.00689784
2025-06-24,TRY,0.02522789
2025-06-24,USD,1.0
2025-06-25,EUR,1.1598
2025-06-25,GBP,1.36030964
2025-06-25,JPY,0.00685988
2025-06-25,TRY,0.02516512
2025-06-25,USD,1.0
2025-06-26,EUR,1.1695
2025-06-26,GBP,1.37024019
2025-06-26,JPY,0.0069234
2025-06-26,TRY,0.02514162
2025-06-26,USD,1.0
2025-06-27,EUR,1.1704
2025-06-27,GBP,1.37225935
2025-06-27,JPY,0.00691562
2025-06-27,TRY,0.02507187
2025-06-27,USD,1.0
2025-06-28,EUR,1.1704
2025-06-28,GBP,1.37225935
2025-06-28,JPY,0.00691562
2025-06-28,TRY,0.02507187
2025-06-28,USD,1.0
2025-06-29,EUR,1.1704
2025-06-29,GBP,1.37225935
2025-06-29,JPY,0.00691562
2025-06-29,TRY,0.02507187
2025-06-29,USD,1.0
2025-06-30,EUR,1.172
2025-06-30,GBP,1.36995909
2025-06-30,JPY,0.00692794
2025-06-30,TRY,0.02516739
2025-06-30,USD,1.0
2025-07-01,EUR,1.181
2025-07-01,GBP,1.37517466
2025-07-01,JPY,0.00700059
2025-07-01,TRY,0.02509114
2025-07-01,USD,1.0
2025-07-02,EUR,1.1755
2025-07-02,GBP,1.36606624
2025-07-02,JPY,0.00693715
2025-07-02,TRY,0.02514648
2025-07-02,USD,1.0
2025-07-03,EUR,1.1782
2025-07-03,GBP,1.36539576
2025-07-03,JPY,0.00694775
2025-07-03,TRY,0.02508869
2025-07-03,USD,1.0
2025-07-04,EUR,1.1767
2025-07-04,GBP,1.36428986
2025-07-04,JPY,0.00692502
2025-07-04,TRY,0.02509255
2025-07-04,USD,1.0
2025-07-05,EUR,1.1767
2025-07-05,GBP,1.36428986
2025-07-05,JPY,0.00692502
2025-07-05,TRY,0.02509255
2025-07-05,USD,1.0
2025-07-06,EUR,1.1767
2025-07-06,GBP,1.36428986
2025-07-06,JPY,0.00692502
2025-07-06,TRY,0.02509255
2025-07-06,USD,1.0
2025-07-07,EUR,1.1728
2025-07-07,GBP,1.36197886
2025-07-07,JPY,0.00687013
2025-07-07,TRY,0.02500027
2025-07-07,USD,1.0
2025-07-08,EUR,1.1718
2025-07-08,GBP,1.35750695
2025-07-08,JPY,0.00682469
2025-07-08,TRY,0.02498539
2025-07-08,USD,1.0
2025-07-09,EUR,1.1698
2025-07-09,GBP,1.3581795
2025-07-09,JPY,0.00681582
2025-07-09,TRY,0.02496964
2025-07-09,USD,1.0
2025-07-10,EUR,1.1709
2025-07-10,GBP,1.35725049
2025-07-10,JPY,0.00683418
2025-07-10,TRY,0.02498874
2025-07-10,USD,1.0
2025-07-11,EUR,1.1683
2025-07-11,GBP,1.34954372
2025-07-11,JPY,0.00679995
2025-07-11,TRY,0.02489155
2025-07-11,USD,1.0
2025-07-12,EUR,1.1683
2025-07-12,GBP,1.34954372
2025-07-12,JPY,0.00679995
2025-07-12,TRY,0.02489155
2025-07-12,USD,1.0
2025-07-13,EUR,1.1683
2025-07-13,GBP,1.34954372
2025-07-13,JPY,0.00679995
2025-07-13,TRY,0.02489155
2025-07-13,USD,1.0
2025-07-14,EUR,1.169
2025-07-14,GBP,1.34879428
2025-07-14,JPY,0.00678586
2025-07-14,TRY,0.02486203
2025-07-14,USD,1.0
2025-07-15,EUR,1.1665
2025-07-15,GBP,1.34404885
2025-07-15,JPY,0.00675918
2025-07-15,TRY,0.02486602
2025-07-15,USD,1.0
2025-07-16,EUR,1.1602
2025-07-16,GBP,1.33987758
2025-07-16,JPY,0.00672346
2025-07-16,TRY,0.02483991
2025-07-16,USD,1.0
2025-07-17,EUR,1.1579
2025-07-17,GBP,1.33954188
2025-07-17,JPY,0.00672104
2025-07-17,TRY,0.02482388
2025-07-17,USD,1.0
2025-07-18,EUR,1.165
2025-07-18,GBP,1.34588725
2025-07-18,JPY,0.00673644
2025-07-18,TRY,0.02479388
2025-07-18,USD,1.0
2025-07-19,EUR,1.165
2025-07-19,GBP,1.34588725
2025-07-19,JPY,0.00673644
2025-07-19,TRY,0.02479388
2025-07-19,USD,1.0
2025-07-20,EUR,1.165
2025-07-20,GBP,1.34588725
2025-07-20,JPY,0.00673644
2025-07-20,TRY,0.02479388
2025-07-20,USD,1.0
2025-07-21,EUR,1.1667
2025-07-21,GBP,1.3478512
2025-07-21,JPY,0.00678235
2025-07-21,TRY,0.02477817
2025-07-21,USD,1.0
2025-07-22,EUR,1.1699
2025-07-22,GBP,1.3485879
2025-07-22,JPY,0.00679503
2025-07-22,TRY,0.02473691
2025-07-22,USD,1.0
2025-07-23,EUR,1.1726
2025-07-23,GBP,1.35326024
2025-07-23,JPY,0.00683612
2025-07-23,TRY,0.02471915
2025-07-23,USD,1.0
2025-07-24,EUR,1.1756
2025-07-24,GBP,1.3551585
2025-07-24,JPY,0.00682615
2025-07-24,TRY,0.02470511
2025-07-24,USD,1.0
2025-07-25,EUR,1.1724
2025-07-25,GBP,1.34526678
2025-07-25,JPY,0.00677257
2025-07-25,TRY,0.02465854
2025-07-25,USD,1.0
2025-07-26,EUR,1.1724
2025-07-26,GBP,1.34526678
2025-07-26,JPY,0.00677257
2025-07-26,TRY,0.02465854
2025-07-26,USD,1.0
2025-07-27,EUR,1.1724
2025-07-27,GBP,1.34526678
2025-07-27,JPY,0.00677257
2025-07-27,TRY,0.02465854
2025-07-27,USD,1.0
2025-07-28,EUR,1.1654
2025-07-28,GBP,1.34278143
2025-07-28,JPY,0.00675007
2025-07-28,TRY,0.02466753
2025-07-28,USD,1.0
2025-07-29,EUR,1.1533
2025-07-29,GBP,1.3332948
2025-07-29,JPY,0.00672165
2025-07-29,TRY,0.02464601
2025-07-29,USD,1.0
2025-07-30,EUR,1.1527
2025-07-30,GBP,1.33692879
2025-07-30,JPY,0.00674251
2025-07-30,TRY,0.02464214
2025-07-30,USD,1.0
2025-07-31,EUR,1.1446
2025-07-31,GBP,1.32338999
2025-07-31,JPY,0.00667327
2025-07-31,TRY,0.02463391
2025-07-31,USD,1.0
2025-08-01,EUR,1.1404
2025-08-01,GBP,1.31609925
2025-08-01,JPY,0.0066453
2025-08-01,TRY,0.02458903
2025-08-01,USD,1.0
2025-08-02,EUR,1.1404
2025-08-02,GBP,1.31609925
2025-08-02,JPY,0.0066453
2025-08-02,TRY,0.02458903
2025-08-02,USD,1.0
2025-08-03,EUR,1.1404
2025-08-03,GBP,1.31609925
2025-08-03,JPY,0.0066453
2025-08-03,TRY,0.02458903
2025-08-03,USD,1.0
2025-08-04,EUR,1.1565
2025-08-04,GBP,1.32869945
2025-08-04,JPY,0.00678498
2025-08-04,TRY,0.0245842
2025-08-04,USD,1.0
2025-08-05,EUR,1.1546
2025-08-05,GBP,1.3281951
2025-08-05,JPY,0.00677503
2025-08-05,TRY,0.02459165
2025-08-05,USD,1.0
2025-08-06,EUR,1.1604
2025-08-06,GBP,1.33119192
2025-08-06,JPY,0.00677725
2025-08-06,TRY,0.02459418
2025-08-06,USD,1.0
2025-08-07,EUR,1.1643
2025-08-07,GBP,1.34244206
2025-08-07,JPY,0.00678497
2025-08-07,TRY,0.02460534
2025-08-07,USD,1.0
2025-08-08,EUR,1.1648
2025-08-08,GBP,1.34332834
2025-08-08,JPY,0.00676501
2025-08-08,TRY,0.02457565
2025-08-08,USD,1.0
2025-08-09,EUR,1.1648
2025-08-09,GBP,1.34332834
2025-08-09,JPY,0.00676501
2025-08-09,TRY,0.02457565
2025-08-09,USD,1.0
2025-08-10,EUR,1.1648
2025-08-10,GBP,1.34332834
2025-08-10,JPY,0.00676501
2025-08-10,TRY,0.02457565
2025-08-10,USD,1.0
2025-08-11,EUR,1.1622
2025-08-11,GBP,1.3426525
2025-08-11,JPY,0.00676248
2025-08-11,TRY,0.02456771
2025-08-11,USD,1.0
2025-08-12,EUR,1.1606
2025-08-12,GBP,1.34624754
2025-08-12,JPY,0.00673593
2025-08-12,TRY,0.02454535
2025-08-12,USD,1.0
2025-08-13,EUR,1.1711
2025-08-13,GBP,1.3568532
2025-08-13,JPY,0.00679017
2025-08-13,TRY,0.02454323
2025-08-13,USD,1.0
2025-08-14,EUR,1.169
2025-08-14,GBP,1.35772358
2025-08-14,JPY,0.00682428
2025-08-14,TRY,0.02451736
2025-08-14,USD,1.0
2025-08-15,EUR,1.1688
2025-08-15,GBP,1.35560195
2025-08-15,JPY,0.00680286
2025-08-15,TRY,0.02445214
2025-08-15,USD,1.0
2025-08-16,EUR,1.1688
2025-08-16,GBP,1.35560195
2025-08-16,JPY,0.00680286
2025-08-16,TRY,0.02445214
2025-08-16,USD,1.0
2025-08-17,EUR,1.1688
2025-08-17,GBP,1.35560195
2025-08-17,JPY,0.00680286
2025-08-17,TRY,0.02445214
2025-08-17,USD,1.0
2025-08-18,EUR,1.1673
2025-08-18,GBP,1.35401926
2025-08-18,JPY,0.00677599
2025-08-18,TRY,0.02447093
2025-08-18,USD,1.0
2025-08-19,EUR,1.1682
2025-08-19,GBP,1.35208333
2025-08-19,JPY,0.00676551
2025-08-19,TRY,0.02447415
2025-08-19,USD,1.0
2025-08-20,EUR,1.1651
2025-08-20,GBP,1.34771544
2025-08-20,JPY,0.00678291
2025-08-20,TRY,0.02444941
2025-08-20,USD,1.0
2025-08-21,EUR,1.1639
2025-08-21,GBP,1.3449272
2025-08-21,JPY,0.00676332
2025-08-21,TRY,0.02442905
2025-08-21,USD,1.0
2025-08-22,EUR,1.1608
2025-08-22,GBP,1.34150006
2025-08-22,JPY,0.00672538
2025-08-22,TRY,0.02445798
2025-08-22,USD,1.0
2025-08-23,EUR,1.1608
2025-08-23,GBP,1.34150006
2025-08-23,JPY,0.00672538
2025-08-23,TRY,0.02445798
2025-08-23,USD,1.0
2025-08-24,EUR,1.1608
2025-08-24,GBP,1.34150006
2025-08-24,JPY,0.00672538
2025-08-24,TRY,0.02445798
2025-08-24,USD,1.0
2025-08-25,EUR,1.1697
2025-08-25,GBP,1.35084883
2025-08-25,JPY,0.00678638
2025-08-25,TRY,0.02439543
2025-08-25,USD,1.0
2025-08-26,EUR,1.1656
2025-08-26,GBP,1.34876186
2025-08-26,JPY,0.00678582
2025-08-26,TRY,0.02437464
2025-08-26,USD,1.0
2025-08-27,EUR,1.1593
2025-08-27,GBP,1.34396012
2025-08-27,JPY,0.00675465
2025-08-27,TRY,0.0243681
2025-08-27,USD,1.0
2025-08-28,EUR,1.1676
2025-08-28,GBP,1.35185828
2025-08-28,JPY,0.00680896
2025-08-28,TRY,0.0243653
2025-08-28,USD,1.0
2025-08-29,EUR,1.1658
2025-08-29,GBP,1.34494693
2025-08-29,JPY,0.00678896
2025-08-29,TRY,0.024311
2025-08-29,USD,1.0
2025-08-30,EUR,1.1658
2025-08-30,GBP,1.34494693
2025-08-30,JPY,0.00678896
2025-08-30,TRY,0.024311
2025-08-30,USD,1.0
2025-08-31,EUR,1.1658
2025-08-31,GBP,1.34494693
2025-08-31,JPY,0.00678896
2025-08-31,TRY,0.024311
2025-08-31,USD,1.0
2025-09-01,EUR,1.1715
2025-09-01,GBP,1.35245902
2025-09-01,JPY,0.00679249
2025-09-01,TRY,0.02432224
2025-09-01,USD,1.0
2025-09-02,EUR,1.1646
2025-09-02,GBP,1.33831303
2025-09-02,JPY,0.0067279
2025-09-02,TRY,0.02429849
2025-09-02,USD,1.0
2025-09-03,EUR,1.1653
2025-09-03,GBP,1.34142972
2025-09-03,JPY,0.00672923
2025-09-03,TRY,0.02429105
2025-09-03,USD,1.0
2025-09-04,EUR,1.1647
2025-09-04,GBP,1.34445342
2025-09-04,JPY,0.00674172
2025-09-04,TRY,0.02428669
2025-09-04,USD,1.0
2025-09-05,EUR,1.1697
2025-09-05,GBP,1.34789122
2025-09-05,JPY,0.00675776
2025-09-05,TRY,0.02427922
2025-09-05,USD,1.0
2025-09-06,EUR,1.1697
2025-09-06,GBP,1.34789122
2025-09-06,JPY,0.00675776
2025-09-06,TRY,0.02427922
2025-09-06,USD,1.0
2025-09-07,EUR,1.1697
2025-09-07,GBP,1.34789122
2025-09-07,JPY,0.00675776
2025-09-07,TRY,0.02427922
2025-09-07,USD,1.0
2025-09-08,EUR,1.1728
2025-09-08,GBP,1.35286654
2025-09-08,JPY,0.00676394
2025-09-08,TRY,0.02423366
2025-09-08,USD,1.0
2025-09-09,EUR,1.1744
2025-09-09,GBP,1.35565047
2025-09-09,JPY,0.00681365
2025-09-09,TRY,0.02422772
2025-09-09,USD,1.0
2025-09-10,EUR,1.1707
2025-09-10,GBP,1.3534104
2025-09-10,JPY,0.00677998
2025-09-10,TRY,0.0242219
2025-09-10,USD,1.0
2025-09-11,EUR,1.1685
2025-09-11,GBP,1.35133572
2025-09-11,JPY,0.00675902
2025-09-11,TRY,0.02421651
2025-09-11,USD,1.0
2025-09-12,EUR,1.1718
2025-09-12,GBP,1.35421241
2025-09-12,JPY,0.00676051
2025-09-12,TRY,0.02417194
2025-09-12,USD,1.0
2025-09-13,EUR,1.1718
2025-09-13,GBP,1.35421241
2025-09-13,JPY,0.00676051
2025-09-13,TRY,0.02417194
2025-09-13,USD,1.0
2025-09-14,EUR,1.1718
2025-09-14,GBP,1.35421241
2025-09-14,JPY,0.00676051
2025-09-14,TRY,0.02417194
2025-09-14,USD,1.0
2025-09-15,EUR,1.1766
2025-09-15,GBP,1.36164796
2025-09-15,JPY,0.00678625
2025-09-15,TRY,0.02423057
2025-09-15,USD,1.0
2025-09-16,EUR,1.1807
2025-09-16,GBP,1.36402495
2025-09-16,JPY,0.00680323
2025-09-16,TRY,0.02421626
2025-09-16,USD,1.0
2025-09-17,EUR,1.1837
2025-09-17,GBP,1.36449568
2025-09-17,JPY,0.00683114
2025-09-17,TRY,0.02421689
2025-09-17,USD,1.0
2025-09-18,EUR,1.1818
2025-09-18,GBP,1.36152074
2025-09-18,JPY,0.0067826
2025-09-18,TRY,0.02421235
2025-09-18,USD,1.0
2025-09-19,EUR,1.1736
2025-09-19,GBP,1.34772623
2025-09-19,JPY,0.00675298
2025-09-19,TRY,0.02415749
2025-09-19,USD,1.0
2025-09-20,EUR,1.1736
2025-09-20,GBP,1.34772623
2025-09-20,JPY,0.00675298
2025-09-20,TRY,0.02415749
2025-09-20,USD,1.0
2025-09-21,EUR,1.1736
2025-09-21,GBP,1.34772623
2025-09-21,JPY,0.00675298
2025-09-21,TRY,0.02415749
2025-09-21,USD,1.0
2025-09-22,EUR,1.1781
2025-09-22,GBP,1.34963913
2025-09-22,JPY,0.00676408
2025-09-22,TRY,0.0241615
2025-09-22,USD,1.0
2025-09-23,EUR,1.1793
2025-09-23,GBP,1.35101386
2025-09-23,JPY,0.00676592
2025-09-23,TRY,0.02414758
2025-09-23,USD,1.0
2025-09-24,EUR,1.1756
2025-09-24,GBP,1.34646661
2025-09-24,JPY,0.00673658
2025-09-24,TRY,0.02412531
2025-09-24,USD,1.0
2025-09-25,EUR,1.1739
2025-09-25,GBP,1.34190672
2025-09-25,JPY,0.00671952
2025-09-25,TRY,0.02411314
2025-09-25,USD,1.0
2025-09-26,EUR,1.1672
2025-09-26,GBP,1.33546911
2025-09-26,JPY,0.00667773
2025-09-26,TRY,0.02405596
2025-09-26,USD,1.0
2025-09-27,EUR,1.1672
2025-09-27,GBP,1.33546911
2025-09-27,JPY,0.00667773
2025-09-27,TRY,0.02405596
2025-09-27,USD,1.0
2025-09-28,EUR,1.1672
2025-09-28,GBP,1.33546911
2025-09-28,JPY,0.00667773
2025-09-28,TRY,0.02405596
2025-09-28,USD,1.0
2025-09-29,EUR,1.1723
2025-09-29,GBP,1.34391838
2025-09-29,JPY,0.00672267
2025-09-29,TRY,0.02405044
2025-09-29,USD,1.0
2025-09-30,EUR,1.1741
2025-09-30,GBP,1.3442867
2025-09-30,JPY,0.00675702
2025-09-30,TRY,0.02404824
2025-09-30,USD,1.0
2025-10-01,EUR,1.1724
2025-10-01,GBP,1.34696691
2025-10-01,JPY,0.0067977
2025-10-01,TRY,0.02404302
2025-10-01,USD,1.0
2025-10-02,EUR,1.1754
2025-10-02,GBP,1.34778122
2025-10-02,JPY,0.00681273
2025-10-02,TRY,0.02403303
2025-10-02,USD,1.0
2025-10-03,EUR,1.1734
2025-10-03,GBP,1.34471694
2025-10-03,JPY,0.00678658
2025-10-03,TRY,0.02398963
2025-10-03,USD,1.0
2025-10-04,EUR,1.1734
2025-10-04,GBP,1.34471694
2025-10-04,JPY,0.00678658
2025-10-04,TRY,0.02398963
2025-10-04,USD,1.0
2025-10-05,EUR,1.1734
2025-10-05,GBP,1.34471694
2025-10-05,JPY,0.00678658
2025-10-05,TRY,0.02398963
2025-10-05,USD,1.0
2025-10-06,EUR,1.1678
2025-10-06,GBP,1.34307073
2025-10-06,JPY,0.00666476
2025-10-06,TRY,0.02398469
2025-10-06,USD,1.0
2025-10-07,EUR,1.1666
2025-10-07,GBP,1.34045731
2025-10-07,JPY,0.00662653
2025-10-07,TRY,0.02397792
2025-10-07,USD,1.0
2025-10-08,EUR,1.1627
2025-10-08,GBP,1.34090647
2025-10-08,JPY,0.00654932
2025-10-08,TRY,0.02397241
2025-10-08,USD,1.0
2025-10-09,EUR,1.1611
2025-10-09,GBP,1.33721064
2025-10-09,JPY,0.0065451
2025-10-09,TRY,0.02396669
2025-10-09,USD,1.0
2025-10-10,EUR,1.1568
2025-10-10,GBP,1.32828109
2025-10-10,JPY,0.00655559
2025-10-10,TRY,0.02390893
2025-10-10,USD,1.0
2025-10-11,EUR,1.1568
2025-10-11,GBP,1.32828109
2025-10-11,JPY,0.00655559
2025-10-11,TRY,0.02390893
2025-10-11,USD,1.0
2025-10-12,EUR,1.1568
2025-10-12,GBP,1.32828109
2025-10-12,JPY,0.00655559
2025-10-12,TRY,0.02390893
2025-10-12,USD,1.0
2025-10-13,EUR,1.1569
2025-10-13,GBP,1.33329492
2025-10-13,JPY,0.00657404
2025-10-13,TRY,0.02392039
2025-10-13,USD,1.0
2025-10-14,EUR,1.1553
2025-10-14,GBP,1.32610193
2025-10-14,JPY,0.00657466
2025-10-14,TRY,0.02390728
2025-10-14,USD,1.0
2025-10-15,EUR,1.1622
2025-10-15,GBP,1.33509477
2025-10-15,JPY,0.00659854
2025-10-15,TRY,0.02390011
2025-10-15,USD,1.0
2025-10-16,EUR,1.1649
2025-10-16,GBP,1.34266943
2025-10-16,JPY,0.00661011
2025-10-16,TRY,0.02389298
2025-10-16,USD,1.0
2025-10-17,EUR,1.1681
2025-10-17,GBP,1.34341576
2025-10-17,JPY,0.00664826
2025-10-17,TRY,0.02383829
2025-10-17,USD,1.0
2025-10-18,EUR,1.1681
2025-10-18,GBP,1.34341576
2025-10-18,JPY,0.00664826
2025-10-18,TRY,0.02383829
2025-10-18,USD,1.0
2025-10-19,EUR,1.1681
2025-10-19,GBP,1.34341576
2025-10-19,JPY,0.00664826
2025-10-19,TRY,0.02383829
2025-10-19,USD,1.0
2025-10-20,EUR,1.1655
2025-10-20,GBP,1.34104246
2025-10-20,JPY,0.00663309
2025-10-20,TRY,0.02383314
2025-10-20,USD,1.0
2025-10-21,EUR,1.1607
2025-10-21,GBP,1.33752017
2025-10-21,JPY,0.00657807
2025-10-21,TRY,0.0238281
2025-10-21,USD,1.0
2025-10-22,EUR,1.1587
2025-10-22,GBP,1.33352515
2025-10-22,JPY,0.00658652
2025-10-22,TRY,0.02380463
2025-10-22,USD,1.0
2025-10-23,EUR,1.1593
2025-10-23,GBP,1.33390864
2025-10-23,JPY,0.00655194
2025-10-23,TRY,0.02376204
2025-10-23,USD,1.0
2025-10-24,EUR,1.1612
2025-10-24,GBP,1.33073573
2025-10-24,JPY,0.00654013
2025-10-24,TRY,0.02382173
2025-10-24,USD,1.0
2025-10-25,EUR,1.1612
2025-10-25,GBP,1.33073573
2025-10-25,JPY,0.00654013
2025-10-25,TRY,0.02382173
2025-10-25,USD,1.0
2025-10-26,EUR,1.1612
2025-10-26,GBP,1.33073573
2025-10-26,JPY,0.00654013
2025-10-26,TRY,0.02382173
2025-10-26,USD,1.0
2025-10-27,EUR,1.164
2025-10-27,GBP,1.33470932
2025-10-27,JPY,0.0065419
2025-10-27,TRY,0.02385495
2025-10-27,USD,1.0
2025-10-28,EUR,1.163
2025-10-28,GBP,1.32762557
2025-10-28,JPY,0.00656654
2025-10-28,TRY,0.02383031
2025-10-28,USD,1.0
2025-10-29,EUR,1.1636
2025-10-29,GBP,1.32122176
2025-10-29,JPY,0.00657141
2025-10-29,TRY,0.02384055
2025-10-29,USD,1.0
2025-10-30,EUR,1.155
2025-10-30,GBP,1.31235087
2025-10-30,JPY,0.0064753
2025-10-30,TRY,0.0238164
2025-10-30,USD,1.0
2025-10-31,EUR,1.1554
2025-10-31,GBP,1.31057169
2025-10-31,JPY,0.00648591
2025-10-31,TRY,0.02378188
2025-10-31,USD,1.0
2025-11-01,EUR,1.1554
2025-11-01,GBP,1.31057169
2025-11-01,JPY,0.00648591
2025-11-01,TRY,0.02378188
2025-11-01,USD,1.0
2025-11-02,EUR,1.1554
2025-11-02,GBP,1.31057169
2025-11-02,JPY,0.00648591
2025-11-02,TRY,0.02378188
2025-11-02,USD,1.0
2025-11-03,EUR,1.1514
2025-11-03,GBP,1.31363377
2025-11-03,JPY,0.0064842
2025-11-03,TRY,0.02378223
2025-11-03,USD,1.0
2025-11-04,EUR,1.1491
2025-11-04,GBP,1.30653781
2025-11-04,JPY,0.00651454
2025-11-04,TRY,0.02376059
2025-11-04,USD,1.0
2025-11-05,EUR,1.1492
2025-11-05,GBP,1.30442679
2025-11-05,JPY,0.00650478
2025-11-05,TRY,0.02375769
2025-11-05,USD,1.0
2025-11-06,EUR,1.1533
2025-11-06,GBP,1.30952651
2025-11-06,JPY,0.0065103
2025-11-06,TRY,0.02374144
2025-11-06,USD,1.0
2025-11-07,EUR,1.1561
2025-11-07,GBP,1.31210986
2025-11-07,JPY,0.00653201
2025-11-07,TRY,0.02369023
2025-11-07,USD,1.0
2025-11-08,EUR,1.1561
2025-11-08,GBP,1.31210986
2025-11-08,JPY,0.00653201
2025-11-08,TRY,0.02369023
2025-11-08,USD,1.0
2025-11-09,EUR,1.1561
2025-11-09,GBP,1.31210986
2025-11-09,JPY,0.00653201
2025-11-09,TRY,0.02369023
2025-11-09,USD,1.0
2025-11-10,EUR,1.1571
2025-11-10,GBP,1.31818182
2025-11-10,JPY,0.00648926
2025-11-10,TRY,0.02368297
2025-11-10,USD,1.0
2025-11-11,EUR,1.1575
2025-11-11,GBP,1.3147433
2025-11-11,JPY,0.00648605
2025-11-11,TRY,0.0236772
2025-11-11,USD,1.0
2025-11-12,EUR,1.1576
2025-11-12,GBP,1.31202539
2025-11-12,JPY,0.00646018
2025-11-12,TRY,0.02367179
2025-11-12,USD,1.0
2025-11-13,EUR,1.1619
2025-11-13,GBP,1.31749631
2025-11-13,JPY,0.00647046
2025-11-13,TRY,0.02366626
2025-11-13,USD,1.0
2025-11-14,EUR,1.1648
2025-11-14,GBP,1.31675333
2025-11-14,JPY,0.00649927
2025-11-14,TRY,0.02362371
2025-11-14,USD,1.0
2025-11-15,EUR,1.1648
2025-11-15,GBP,1.31675333
2025-11-15,JPY,0.00649927
2025-11-15,TRY,0.02362371
2025-11-15,USD,1.0
2025-11-16,EUR,1.1648
2025-11-16,GBP,1.31675333
2025-11-16,JPY,0.00649927
2025-11-16,TRY,0.02362371
2025-11-16,USD,1.0
2025-11-17,EUR,1.1593
2025-11-17,GBP,1.3181353
2025-11-17,JPY,0.00645598
2025-11-17,TRY,0.0236249
2025-11-17,USD,1.0
2025-11-18,EUR,1.159
2025-11-18,GBP,1.31390999
2025-11-18,JPY,0.00644104
2025-11-18,TRY,0.02362047
2025-11-18,USD,1.0
2025-11-19,EUR,1.1583
2025-11-19,GBP,1.31222386
2025-11-19,JPY,0.00640476
2025-11-19,TRY,0.023609
2025-11-19,USD,1.0
2025-11-20,EUR,1.1514
2025-11-20,GBP,1.30618264
2025-11-20,JPY,0.00634485
2025-11-20,TRY,0.02360152
2025-11-20,USD,1.0
2025-11-21,EUR,1.152
2025-11-21,GBP,1.30864478
2025-11-21,JPY,0.00638015
2025-11-21,TRY,0.02356016
2025-11-21,USD,1.0
2025-11-22,EUR,1.152
2025-11-22,GBP,1.30864478
2025-11-22,JPY,0.00638015
2025-11-22,TRY,0.02356016
2025-11-22,USD,1.0
2025-11-23,EUR,1.152
2025-11-23,GBP,1.30864478
2025-11-23,JPY,0.00638015
2025-11-23,TRY,0.02356016
2025-11-23,USD,1.0
2025-11-24,EUR,1.1544
2025-11-24,GBP,1.31122217
2025-11-24,JPY,0.00637016
2025-11-24,TRY,0.02361427
2025-11-24,USD,1.0
2025-11-25,EUR,1.1551
2025-11-25,GBP,1.31440601
2025-11-25,JPY,0.00640228
2025-11-25,TRY,0.02357001
2025-11-25,USD,1.0
2025-11-26,EUR,1.1577
2025-11-26,GBP,1.31916591
2025-11-26,JPY,0.00639295
2025-11-26,TRY,0.02355639
2025-11-26,USD,1.0
2025-11-27,EUR,1.1586
2025-11-27,GBP,1.32350925
2025-11-27,JPY,0.00639722
2025-11-27,TRY,0.02356248
2025-11-27,USD,1.0
2025-11-28,EUR,1.1566
2025-11-28,GBP,1.32152651
2025-11-28,JPY,0.00640527
2025-11-28,TRY,0.02353161
2025-11-28,USD,1.0
2025-11-29,EUR,1.1566
2025-11-29,GBP,1.32152651
2025-11-29,JPY,0.00640527
2025-11-29,TRY,0.02353161
2025-11-29,USD,1.0
2025-11-30,EUR,1.1566
2025-11-30,GBP,1.32152651
2025-11-30,JPY,0.00640527
2025-11-30,TRY,0.02353161
2025-11-30,USD,1.0
2025-12-01,EUR,1.1646
2025-12-01,GBP,1.32672591
2025-12-01,JPY,0.00645995
2025-12-01,TRY,0.02355363
2025-12-01,USD,1.0
2025-12-02,EUR,1.1614
2025-12-02,GBP,1.3203729
2025-12-02,JPY,0.00640737
2025-12-02,TRY,0.02357689
2025-12-02,USD,1.0
2025-12-03,EUR,1.1668
2025-12-03,GBP,1.33105179
2025-12-03,JPY,0.00643645
2025-12-03,TRY,0.02355991
2025-12-03,USD,1.0
2025-12-04,EUR,1.1666
2025-12-04,GBP,1.33401944
2025-12-04,JPY,0.00646137
2025-12-04,TRY,0.02355849
2025-12-04,USD,1.0
2025-12-05,EUR,1.1645
2025-12-05,GBP,1.33436462
2025-12-05,JPY,0.00644224
2025-12-05,TRY,0.02352183
2025-12-05,USD,1.0
2025-12-06,EUR,1.1645
2025-12-06,GBP,1.33436462
2025-12-06,JPY,0.00644224
2025-12-06,TRY,0.02352183
2025-12-06,USD,1.0
2025-12-07,EUR,1.1645
2025-12-07,GBP,1.33436462
2025-12-07,JPY,0.00644224
2025-12-07,TRY,0.02352183
2025-12-07,USD,1.0
2025-12-08,EUR,1.1655
2025-12-08,GBP,1.33260919
2025-12-08,JPY,0.00642893
2025-12-08,TRY,0.0234923
2025-12-08,USD,1.0
2025-12-09,EUR,1.1637
2025-12-09,GBP,1.33222667
2025-12-09,JPY,0.00639536
2025-12-09,TRY,0.02348347
2025-12-09,USD,1.0
2025-12-10,EUR,1.1634
2025-12-10,GBP,1.330969
2025-12-10,JPY,0.00638109
2025-12-10,TRY,0.02347363
2025-12-10,USD,1.0
2025-12-11,EUR,1.1714
2025-12-11,GBP,1.33858988
2025-12-11,JPY,0.00642743
2025-12-11,TRY,0.02346522
2025-12-11,USD,1.0
2025-12-12,EUR,1.1731
2025-12-12,GBP,1.338086
2025-12-12,JPY,0.00641073
2025-12-12,TRY,0.02349071
2025-12-12,USD,1.0
2025-12-13,EUR,1.1731
2025-12-13,GBP,1.338086
2025-12-13,JPY,0.00641073
2025-12-13,TRY,0.02349071
2025-12-13,USD,1.0
2025-12-14,EUR,1.1731
2025-12-14,GBP,1.338086
2025-12-14,JPY,0.00641073
2025-12-14,TRY,0.02349071
2025-12-14,USD,1.0
2025-12-15,EUR,1.1753
2025-12-15,GBP,1.33876296
2025-12-15,JPY,0.00644636
2025-12-15,TRY,0.02341982
2025-12-15,USD,1.0
2025-12-16,EUR,1.1776
2025-12-16,GBP,1.34367869
2025-12-16,JPY,0.00646784
2025-12-16,TRY,0.02341116
2025-12-16,USD,1.0
2025-12-17,EUR,1.1722
2025-12-17,GBP,1.33431986
2025-12-17,JPY,0.00642724
2025-12-17,TRY,0.02340618
2025-12-17,USD,1.0
2025-12-18,EUR,1.1719
2025-12-18,GBP,1.33992682
2025-12-18,JPY,0.00641961
2025-12-18,TRY,0.02340061
2025-12-18,USD,1.0
2025-12-19,EUR,1.1712
2025-12-19,GBP,1.3369863
2025-12-19,JPY,0.00636003
2025-12-19,TRY,0.02335948
2025-12-19,USD,1.0
2025-12-20,EUR,1.1712
2025-12-20,GBP,1.3369863
2025-12-20,JPY,0.00636003
2025-12-20,TRY,0.02335948
2025-12-20,USD,1.0
2025-12-21,EUR,1.1712
2025-12-21,GBP,1.3369863
2025-12-21,JPY,0.00636003
2025-12-21,TRY,0.02335948
2025-12-21,USD,1.0
2025-12-22,EUR,1.1745
2025-12-22,GBP,1.34351407
2025-12-22,JPY,0.00635655
2025-12-22,TRY,0.02335942
2025-12-22,USD,1.0
2025-12-23,EUR,1.1786
2025-12-23,GBP,1.35021194
2025-12-23,JPY,0.00640927
2025-12-23,TRY,0.02334818
2025-12-23,USD,1.0
2025-12-24,EUR,1.1787
2025-12-24,GBP,1.3503265
2025-12-24,JPY,0.0064119
2025-12-24,TRY,0.02333727
2025-12-24,USD,1.0
2025-12-25,EUR,1.1787
2025-12-25,GBP,1.3503265
2025-12-25,JPY,0.0064119
2025-12-25,TRY,0.02333727
2025-12-25,USD,1.0
2025-12-26,EUR,1.1787
2025-12-26,GBP,1.3503265
2025-12-26,JPY,0.0064119
2025-12-26,TRY,0.02333727
2025-12-26,USD,1.0
2025-12-27,EUR,1.1787
2025-12-27,GBP,1.3503265
2025-12-27,JPY,0.0064119
2025-12-27,TRY,0.02333727
2025-12-27,USD,1.0
2025-12-28,EUR,1.1787
2025-12-28,GBP,1.3503265
2025-12-28,JPY,0.0064119
2025-12-28,TRY,0.02333727
2025-12-28,USD,1.0
2025-12-29,EUR,1.1766
2025-12-29,GBP,1.34838414
2025-12-29,JPY,0.00639561
2025-12-29,TRY,0.02329075
2025-12-29,USD,1.0
2025-12-30,EUR,1.1757
2025-12-30,GBP,1.34951791
2025-12-30,JPY,0.00640778
2025-12-30,TRY,0.02329747
2025-12-30,USD,1.0
2025-12-31,EUR,1.175
2025-12-31,GBP,1.34655054
2025-12-31,JPY,0.00638275
2025-12-31,TRY,0.02327479
2025-12-31,USD,1.0
2026-01-01,EUR,1.175
2026-01-01,GBP,1.34655054
2026-01-01,JPY,0.00638275
2026-01-01,TRY,0.02327479
2026-01-01,USD,1.0
2026-01-02,EUR,1.1721
2026-01-02,GBP,1.34430554
2026-01-02,JPY,0.00637219
2026-01-02,TRY,0.02324064
2026-01-02,USD,1.0
2026-01-03,EUR,1.1721
2026-01-03,GBP,1.34430554
2026-01-03,JPY,0.00637219
2026-01-03,TRY,0.02324064
2026-01-03,USD,1.0
2026-01-04,EUR,1.1721
2026-01-04,GBP,1.34430554
2026-01-04,JPY,0.00637219
2026-01-04,TRY,0.02324064
2026-01-04,USD,1.0
2026-01-05,EUR,1.1664
2026-01-05,GBP,1.34439834
2026-01-05,JPY,0.00637621
2026-01-05,TRY,0.02323312
2026-01-05,USD,1.0
2026-01-06,EUR,1.1707
2026-01-06,GBP,1.35137943
2026-01-06,JPY,0.00639238
2026-01-06,TRY,0.02323306
2026-01-06,USD,1.0
2026-01-07,EUR,1.1684
2026-01-07,GBP,1.34856879
2026-01-07,JPY,0.00638784
2026-01-07,TRY,0.02323274
2026-01-07,USD,1.0
2026-01-08,EUR,1.1675
2026-01-08,GBP,1.34396224
2026-01-08,JPY,0.00638083
2026-01-08,TRY,0.02322976
2026-01-08,USD,1.0
2026-01-09,EUR,1.1642
2026-01-09,GBP,1.34170796
2026-01-09,JPY,0.00634372
2026-01-09,TRY,0.02319858
2026-01-09,USD,1.0
2026-01-10,EUR,1.1642
2026-01-10,GBP,1.34170796
2026-01-10,JPY,0.00634372
2026-01-10,TRY,0.02319858
2026-01-10,USD,1.0
2026-01-11,EUR,1.1642
2026-01-11,GBP,1.34170796
2026-01-11,JPY,0.00634372
2026-01-11,TRY,0.02319858
2026-01-11,USD,1.0
2026-01-12,EUR,1.1692
2026-01-12,GBP,1.34793636
2026-01-12,JPY,0.00633988
2026-01-12,TRY,0.02318608
2026-01-12,USD,1.0
2026-01-13,EUR,1.1654
2026-01-13,GBP,1.34572748
2026-01-13,JPY,0.00629538
2026-01-13,TRY,0.0231717
2026-01-13,USD,1.0
2026-01-14,EUR,1.1651
2026-01-14,GBP,1.34413936
2026-01-14,JPY,0.00630397
2026-01-14,TRY,0.02315888
2026-01-14,USD,1.0
2026-01-15,EUR,1.1624
2026-01-15,GBP,1.34009684
2026-01-15,JPY,0.00630677
2026-01-15,TRY,0.02315367
2026-01-15,USD,1.0
2026-01-16,EUR,1.1617
2026-01-16,GBP,1.33990773
2026-01-16,JPY,0.00632493
2026-01-16,TRY,0.02310535
2026-01-16,USD,1.0
2026-01-17,EUR,1.1617
2026-01-17,GBP,1.33990773
2026-01-17,JPY,0.00632493
2026-01-17,TRY,0.02310535
2026-01-17,USD,1.0
2026-01-18,EUR,1.1617
2026-01-18,GBP,1.33990773
2026-01-18,JPY,0.00632493
2026-01-18,TRY,0.02310535
2026-01-18,USD,1.0
2026-01-19,EUR,1.1631
2026-01-19,GBP,1.34136778
2026-01-19,JPY,0.00633186
2026-01-19,TRY,0.02310957
2026-01-19,USD,1.0
2026-01-20,EUR,1.1728
2026-01-20,GBP,1.34464572
2026-01-20,JPY,0.0063333
2026-01-20,TRY,0.02310913
2026-01-20,USD,1.0
2026-01-21,EUR,1.1739
2026-01-21,GBP,1.34252059
2026-01-21,JPY,0.00633753
2026-01-21,TRY,0.02309563
2026-01-21,USD,1.0
2026-01-22,EUR,1.1706
2026-01-22,GBP,1.34212337
2026-01-22,JPY,0.00629761
2026-01-22,TRY,0.02310343
2026-01-22,USD,1.0
2026-01-23,EUR,1.1742
2026-01-23,GBP,1.35260915
2026-01-23,JPY,0.00632276
2026-01-23,TRY,0.02306496
2026-01-23,USD,1.0
2026-01-24,EUR,1.1742
2026-01-24,GBP,1.35260915
2026-01-24,JPY,0.00632276
2026-01-24,TRY,0.02306496
2026-01-24,USD,1.0
2026-01-25,EUR,1.1742
2026-01-25,GBP,1.35260915
2026-01-25,JPY,0.00632276
2026-01-25,TRY,0.02306496
2026-01-25,USD,1.0
2026-01-26,EUR,1.1836
2026-01-26,GBP,1.3643804
2026-01-26,JPY,0.00648477
2026-01-26,TRY,0.02305406
2026-01-26,USD,1.0
2026-01-27,EUR,1.1929
2026-01-27,GBP,1.37383393
2026-01-27,JPY,0.00652143
2026-01-27,TRY,0.02303959
2026-01-27,USD,1.0
2026-01-28,EUR,1.1974
2026-01-28,GBP,1.37869891
2026-01-28,JPY,0.00655176
2026-01-28,TRY,0.02303374
2026-01-28,USD,1.0
2026-01-29,EUR,1.1968
2026-01-29,GBP,1.38166705
2026-01-29,JPY,0.00652278
2026-01-29,TRY,0.02302827
2026-01-29,USD,1.0
2026-01-30,EUR,1.1919
2026-01-30,GBP,1.37601016
2026-01-30,JPY,0.00649218
2026-01-30,TRY,0.02299527
2026-01-30,USD,1.0
2026-01-31,EUR,1.1919
2026-01-31,GBP,1.37601016
2026-01-31,JPY,0.00649218
2026-01-31,TRY,0.02299527
2026-01-31,USD,1.0
2026-02-01,EUR,1.1919
2026-02-01,GBP,1.37601016
2026-02-01,JPY,0.00649218
2026-02-01,TRY,0.02299527
2026-02-01,USD,1.0
2026-02-02,EUR,1.184
2026-02-02,GBP,1.36752137
2026-02-02,JPY,0.00644915
2026-02-02,TRY,0.02299293
2026-02-02,USD,1.0
2026-02-03,EUR,1.1801
2026-02-03,GBP,1.36854923
2026-02-03,JPY,0.00641638
2026-02-03,TRY,0.02299287
2026-02-03,USD,1.0
2026-02-04,EUR,1.182
2026-02-04,GBP,1.3718663
2026-02-04,JPY,0.00638401
2026-02-04,TRY,0.02298337
2026-02-04,USD,1.0
2026-02-05,EUR,1.1798
2026-02-05,GBP,1.35749626
2026-02-05,JPY,0.00637351
2026-02-05,TRY,0.02296743
2026-02-05,USD,1.0
2026-02-06,EUR,1.1794
2026-02-06,GBP,1.35891232
2026-02-06,JPY,0.00636584
2026-02-06,TRY,0.02292795
2026-02-06,USD,1.0
2026-02-07,EUR,1.1794
2026-02-07,GBP,1.35891232
2026-02-07,JPY,0.00636584
2026-02-07,TRY,0.02292795
2026-02-07,USD,1.0
2026-02-08,EUR,1.1794
2026-02-08,GBP,1.35891232
2026-02-08,JPY,0.00636584
2026-02-08,TRY,0.02292795
2026-02-08,USD,1.0
2026-02-09,EUR,1.1886
2026-02-09,GBP,1.36604988
2026-02-09,JPY,0.00640237
2026-02-09,TRY,0.02294156
2026-02-09,USD,1.0
2026-02-10,EUR,1.1894
2026-02-10,GBP,1.36791259
2026-02-10,JPY,0.00644626
2026-02-10,TRY,0.02291763
2026-02-10,USD,1.0
2026-02-11,EUR,1.19
2026-02-11,GBP,1.36797333
2026-02-11,JPY,0.0065102
2026-02-11,TRY,0.02291308
2026-02-11,USD,1.0
2026-02-12,EUR,1.1874
2026-02-12,GBP,1.36310412
2026-02-12,JPY,0.00650559
2026-02-12,TRY,0.02290978
2026-02-12,USD,1.0
2026-02-13,EUR,1.1862
2026-02-13,GBP,1.36094539
2026-02-13,JPY,0.00652368
2026-02-13,TRY,0.02286241
2026-02-13,USD,1.0
2026-02-14,EUR,1.1862
2026-02-14,GBP,1.36094539
2026-02-14,JPY,0.00652368
2026-02-14,TRY,0.02286241
2026-02-14,USD,1.0
2026-02-15,EUR,1.1862
2026-02-15,GBP,1.36094539
2026-02-15,JPY,0.00652368
2026-02-15,TRY,0.02286241
2026-02-15,USD,1.0
2026-02-16,EUR,1.1855
2026-02-16,GBP,1.36421174
2026-02-16,JPY,0.00652126
2026-02-16,TRY,0.02287872
2026-02-16,USD,1.0
2026-02-17,EUR,1.1826
2026-02-17,GBP,1.35417382
2026-02-17,JPY,0.00653154
2026-02-17,TRY,0.02286923
2026-02-17,USD,1.0
2026-02-18,EUR,1.1845
2026-02-18,GBP,1.35774874
2026-02-18,JPY,0.0065086
2026-02-18,TRY,0.02285334
2026-02-18,USD,1.0
2026-02-19,EUR,1.1753
2026-02-19,GBP,1.34504463
2026-02-19,JPY,0.00645592
2026-02-19,TRY,0.02284682
2026-02-19,USD,1.0
2026-02-20,EUR,1.1767
2026-02-20,GBP,1.34818973
2026-02-20,JPY,0.00644308
2026-02-20,TRY,0.02280727
2026-02-20,USD,1.0
2026-02-21,EUR,1.1767
2026-02-21,GBP,1.34818973
2026-02-21,JPY,0.00644308
2026-02-21,TRY,0.02280727
2026-02-21,USD,1.0
2026-02-22,EUR,1.1767
2026-02-22,GBP,1.34818973
2026-02-22,JPY,0.00644308
2026-02-22,TRY,0.02280727
2026-02-22,USD,1.0
2026-02-23,EUR,1.1784
2026-02-23,GBP,1.34920998
2026-02-23,JPY,0.00645911
2026-02-23,TRY,0.02281077
2026-02-23,USD,1.0
2026-02-24,EUR,1.1777
2026-02-24,GBP,1.34887184
2026-02-24,JPY,0.00641693
2026-02-24,TRY,0.02280415
2026-02-24,USD,1.0
2026-02-25,EUR,1.1784
2026-02-25,GBP,1.35230663
2026-02-25,JPY,0.00638008
2026-02-25,TRY,0.02279515
2026-02-25,USD,1.0
2026-02-26,EUR,1.1814
2026-02-26,GBP,1.3549719
2026-02-26,JPY,0.00640777
2026-02-26,TRY,0.02278869
2026-02-26,USD,1.0
2026-02-27,EUR,1.1805
2026-02-27,GBP,1.34714139
2026-02-27,JPY,0.00641123
2026-02-27,TRY,0.02274803
2026-02-27,USD,1.0
2026-02-28,EUR,1.1805
2026-02-28,GBP,1.34714139
2026-02-28,JPY,0.00641123
2026-02-28,TRY,0.02274803
2026-02-28,USD,1.0
2026-03-01,EUR,1.1805
2026-03-01,GBP,1.34714139
2026-03-01,JPY,0.00641123
2026-03-01,TRY,0.02274803
2026-03-01,USD,1.0
2026-03-02,EUR,1.1698
2026-03-02,GBP,1.33859709
2026-03-02,JPY,0.00635105
2026-03-02,TRY,0.02274862
2026-03-02,USD,1.0
2026-03-03,EUR,1.1606
2026-03-03,GBP,1.33142136
2026-03-03,JPY,0.00634277
2026-03-03,TRY,0.02273863
2026-03-03,USD,1.0
2026-03-04,EUR,1.1649
2026-03-04,GBP,1.33819644
2026-03-04,JPY,0.00636488
2026-03-04,TRY,0.02274067
2026-03-04,USD,1.0
2026-03-05,EUR,1.1618
2026-03-05,GBP,1.33617021
2026-03-05,JPY,0.00634759
2026-03-05,TRY,0.02273025
2026-03-05,USD,1.0
2026-03-06,EUR,1.1561
2026-03-06,GBP,1.33355634
2026-03-06,JPY,0.00633237
2026-03-06,TRY,0.02268914
2026-03-06,USD,1.0
2026-03-07,EUR,1.1561
2026-03-07,GBP,1.33355634
2026-03-07,JPY,0.00633237
2026-03-07,TRY,0.02268914
2026-03-07,USD,1.0
2026-03-08,EUR,1.1561
2026-03-08,GBP,1.33355634
2026-03-08,JPY,0.00633237
2026-03-08,TRY,0.02268914
2026-03-08,USD,1.0
2026-03-09,EUR,1.1555
2026-03-09,GBP,1.33537501
2026-03-09,JPY,0.00630904
2026-03-09,TRY,0.02268382
2026-03-09,USD,1.0
2026-03-10,EUR,1.1641
2026-03-10,GBP,1.34508059
2026-03-10,JPY,0.006338
2026-03-10,TRY,0.02270405
2026-03-10,USD,1.0
2026-03-11,EUR,1.1581
2026-03-11,GBP,1.34096778
2026-03-11,JPY,0.0063067
2026-03-11,TRY,0.02267801
2026-03-11,USD,1.0
2026-03-12,EUR,1.1547
2026-03-12,GBP,1.33889127
2026-03-12,JPY,0.00629504
2026-03-12,TRY,0.02267083
2026-03-12,USD,1.0
2026-03-13,EUR,1.1476
2026-03-13,GBP,1.32665919
2026-03-13,JPY,0.00627618
2026-03-13,TRY,0.02262966
2026-03-13,USD,1.0
2026-03-14,EUR,1.1476
2026-03-14,GBP,1.32665919
2026-03-14,JPY,0.00627618
2026-03-14,TRY,0.02262966
2026-03-14,USD,1.0
2026-03-15,EUR,1.1476
2026-03-15,GBP,1.32665919
2026-03-15,JPY,0.00627618
2026-03-15,TRY,0.02262966
2026-03-15,USD,1.0
2026-03-16,EUR,1.1478
2026-03-16,GBP,1.32834923
2026-03-16,JPY,0.00628381
2026-03-16,TRY,0.02263204
2026-03-16,USD,1.0
2026-03-17,EUR,1.1531
2026-03-17,GBP,1.33414324
2026-03-17,JPY,0.00629112
2026-03-17,TRY,0.02262178
2026-03-17,USD,1.0
2026-03-18,EUR,1.15
2026-03-18,GBP,1.33112636
2026-03-18,JPY,0.00626737
2026-03-18,TRY,0.0226138
2026-03-18,USD,1.0
2026-03-19,EUR,1.1489
2026-03-19,GBP,1.32993008
2026-03-19,JPY,0.00629672
2026-03-19,TRY,0.02256284
2026-03-19,USD,1.0
2026-03-20,EUR,1.1555
2026-03-20,GBP,1.33679632
2026-03-20,JPY,0.00629838
2026-03-20,TRY,0.02256968
2026-03-20,USD,1.0
2026-03-21,EUR,1.1555
2026-03-21,GBP,1.33679632
2026-03-21,JPY,0.00629838
2026-03-21,TRY,0.02256968
2026-03-21,USD,1.0
2026-03-22,EUR,1.1555
2026-03-22,GBP,1.33679632
2026-03-22,JPY,0.00629838
2026-03-22,TRY,0.02256968
2026-03-22,USD,1.0
2026-03-23,EUR,1.1596
2026-03-23,GBP,1.34181902
2026-03-23,JPY,0.00630697
2026-03-23,TRY,0.02256255
2026-03-23,USD,1.0
2026-03-24,EUR,1.1572
2026-03-24,GBP,1.33716967
2026-03-24,JPY,0.00629221
2026-03-24,TRY,0.02254902
2026-03-24,USD,1.0
2026-03-25,EUR,1.1592
2026-03-25,GBP,1.33921763
2026-03-25,JPY,0.00629077
2026-03-25,TRY,0.02254428
2026-03-25,USD,1.0
2026-03-26,EUR,1.1539
2026-03-26,GBP,1.33375715
2026-03-26,JPY,0.00626473
2026-03-26,TRY,0.02253949
2026-03-26,USD,1.0
2026-03-27,EUR,1.1517
2026-03-27,GBP,1.32806734
2026-03-27,JPY,0.0062538
2026-03-27,TRY,0.0224941
2026-03-27,USD,1.0
2026-03-28,EUR,1.1517
2026-03-28,GBP,1.32806734
2026-03-28,JPY,0.0062538
2026-03-28,TRY,0.0224941
2026-03-28,USD,1.0
2026-03-29,EUR,1.1517
2026-03-29,GBP,1.32806734
2026-03-29,JPY,0.0062538
2026-03-29,TRY,0.0224941
2026-03-29,USD,1.0
2026-03-30,EUR,1.1484
2026-03-30,GBP,1.32299575
2026-03-30,JPY,0.0062713
2026-03-30,TRY,0.02249436
2026-03-30,USD,1.0
2026-03-31,EUR,1.1498
2026-03-31,GBP,1.32415096
2026-03-31,JPY,0.0062697
2026-03-31,TRY,0.02248193
2026-03-31,USD,1.0
2026-04-01,EUR,1.1605
2026-04-01,GBP,1.33217775
2026-04-01,JPY,0.00631633
2026-04-01,TRY,0.0224887
2026-04-01,USD,1.0
2026-04-02,EUR,1.1525
2026-04-02,GBP,1.32087149
2026-04-02,JPY,0.00626563
2026-04-02,TRY,0.02247487
2026-04-02,USD,1.0
2026-04-03,EUR,1.1525
2026-04-03,GBP,1.32087149
2026-04-03,JPY,0.00626563
2026-04-03,TRY,0.02247487
2026-04-03,USD,1.0
2026-04-04,EUR,1.1525
2026-04-04,GBP,1.32087149
2026-04-04,JPY,0.00626563
2026-04-04,TRY,0.02247487
2026-04-04,USD,1.0
2026-04-05,EUR,1.1525
2026-04-05,GBP,1.32087149
2026-04-05,JPY,0.00626563
2026-04-05,TRY,0.02247487
2026-04-05,USD,1.0
2026-04-06,EUR,1.1525
2026-04-06,GBP,1.32087149
2026-04-06,JPY,0.00626563
2026-04-06,TRY,0.02247487
2026-04-06,USD,1.0
2026-04-07,EUR,1.1557
2026-04-07,GBP,1.32446309
2026-04-07,JPY,0.00625616
2026-04-07,TRY,0.02241679
2026-04-07,USD,1.0
2026-04-08,EUR,1.1706
2026-04-08,GBP,1.34717411
2026-04-08,JPY,0.00632312
2026-04-08,TRY,0.02248097
2026-04-08,USD,1.0
2026-04-09,EUR,1.1685
2026-04-09,GBP,1.34228573
2026-04-09,JPY,0.00629241
2026-04-09,TRY,0.022426
2026-04-09,USD,1.0
2026-04-10,EUR,1.1711
2026-04-10,GBP,1.34446932
2026-04-10,JPY,0.00628171
2026-04-10,TRY,0.02238568
2026-04-10,USD,1.0
2026-04-11,EUR,1.1711
2026-04-11,GBP,1.34446932
2026-04-11,JPY,0.00628171
2026-04-11,TRY,0.02238568
2026-04-11,USD,1.0
2026-04-12,EUR,1.1711
2026-04-12,GBP,1.34446932
2026-04-12,JPY,0.00628171
2026-04-12,TRY,0.02238568
2026-04-12,USD,1.0
2026-04-13,EUR,1.1684
2026-04-13,GBP,1.34209378
2026-04-13,JPY,0.00625649
2026-04-13,TRY,0.02236266
2026-04-13,USD,1.0
2026-04-14,EUR,1.1793
2026-04-14,GBP,1.35687412
2026-04-14,JPY,0.00629531
2026-04-14,TRY,0.02235886
2026-04-14,USD,1.0
2026-04-15,EUR,1.178
2026-04-15,GBP,1.35503537
2026-04-15,JPY,0.00628568
2026-04-15,TRY,0.02236584
2026-04-15,USD,1.0
2026-04-16,EUR,1.1782
2026-04-16,GBP,1.35436185
2026-04-16,JPY,0.00629011
2026-04-16,TRY,0.02233906
2026-04-16,USD,1.0
2026-04-17,EUR,1.1797
2026-04-17,GBP,1.35336362
2026-04-17,JPY,0.00628436
2026-04-17,TRY,0.02228911
2026-04-17,USD,1.0
2026-04-18,EUR,1.1797
2026-04-18,GBP,1.35336362
2026-04-18,JPY,0.00628436
2026-04-18,TRY,0.02228911
2026-04-18,USD,1.0
2026-04-19,EUR,1.1797
2026-04-19,GBP,1.35336362
2026-04-19,JPY,0.00628436
2026-04-19,TRY,0.02228911
2026-04-19,USD,1.0
2026-04-20,EUR,1.176
2026-04-20,GBP,1.35102533
2026-04-20,JPY,0.00629281
2026-04-20,TRY,0.02228184
2026-04-20,USD,1.0
2026-04-21,EUR,1.1767
2026-04-21,GBP,1.35198483
2026-04-21,JPY,0.00628781
2026-04-21,TRY,0.02227443
2026-04-21,USD,1.0
2026-04-22,EUR,1.1733
2026-04-22,GBP,1.350126
2026-04-22,JPY,0.00628071
2026-04-22,TRY,0.02225945
2026-04-22,USD,1.0
2026-04-23,EUR,1.1694
2026-04-23,GBP,1.35073636
2026-04-23,JPY,0.00627024
2026-04-23,TRY,0.0222594
2026-04-23,USD,1.0
2026-04-24,EUR,1.1712
2026-04-24,GBP,1.34926212
2026-04-24,JPY,0.00627283
2026-04-24,TRY,0.02221084
2026-04-24,USD,1.0
2026-04-25,EUR,1.1712
2026-04-25,GBP,1.34926212
2026-04-25,JPY,0.00627283
2026-04-25,TRY,0.02221084
2026-04-25,USD,1.0
2026-04-26,EUR,1.1712
2026-04-26,GBP,1.34926212
2026-04-26,JPY,0.00627283
2026-04-26,TRY,0.02221084
2026-04-26,USD,1.0
2026-04-27,EUR,1.1749
2026-04-27,GBP,1.35701086
2026-04-27,JPY,0.00628087
2026-04-27,TRY,0.02221873
2026-04-27,USD,1.0
2026-04-28,EUR,1.168
2026-04-28,GBP,1.34694113
2026-04-28,JPY,0.00626005
2026-04-28,TRY,0.02219524
2026-04-28,USD,1.0
2026-04-29,EUR,1.1706
2026-04-29,GBP,1.35106125
2026-04-29,JPY,0.00625822
2026-04-29,TRY,0.02218789
2026-04-29,USD,1.0
2026-04-30,EUR,1.1702
2026-04-30,GBP,1.35088023
2026-04-30,JPY,0.00638721
2026-04-30,TRY,0.02213115
2026-04-30,USD,1.0
2026-05-01,EUR,1.1702
2026-05-01,GBP,1.35088023
2026-05-01,JPY,0.00638721
2026-05-01,TRY,0.02213115
2026-05-01,USD,1.0
2026-05-02,EUR,1.1702
2026-05-02,GBP,1.35088023
2026-05-02,JPY,0.00638721
2026-05-02,TRY,0.02213115
2026-05-02,USD,1.0
2026-05-03,EUR,1.1702
2026-05-03,GBP,1.35088023
2026-05-03,JPY,0.00638721
2026-05-03,TRY,0.02213115
2026-05-03,USD,1.0
2026-05-04,EUR,1.17
2026-05-04,GBP,1.35482526
2026-05-04,JPY,0.00636458
2026-05-04,TRY,0.02212335
2026-05-04,USD,1.0
2026-05-05,EUR,1.1686
2026-05-05,GBP,1.35343919
2026-05-05,JPY,0.00633662
2026-05-05,TRY,0.02211436
2026-05-05,USD,1.0
2026-05-06,EUR,1.1762
2026-05-06,GBP,1.36181545
2026-05-06,JPY,0.00640144
2026-05-06,TRY,0.02211181
2026-05-06,USD,1.0
2026-05-07,EUR,1.177
2026-05-07,GBP,1.36211087
2026-05-07,JPY,0.00639431
2026-05-07,TRY,0.02210802
2026-05-07,USD,1.0
2026-05-08,EUR,1.1761
2026-05-08,GBP,1.36106932
2026-05-08,JPY,0.00637902
2026-05-08,TRY,0.02204358
2026-05-08,USD,1.0
2026-05-09,EUR,1.1761
2026-05-09,GBP,1.36106932
2026-05-09,JPY,0.00637902
2026-05-09,TRY,0.02204358
2026-05-09,USD,1.0
2026-05-10,EUR,1.1761
2026-05-10,GBP,1.36106932
2026-05-10,JPY,0.00637902
2026-05-10,TRY,0.02204358
2026-05-10,USD,1.0
2026-05-11,EUR,1.1765
2026-05-11,GBP,1.36030432
2026-05-11,JPY,0.00636393
2026-05-11,TRY,0.02203761
2026-05-11,USD,1.0
2026-05-12,EUR,1.1738
2026-05-12,GBP,1.35225741
2026-05-12,JPY,0.00634555
2026-05-12,TRY,0.02202644
2026-05-12,USD,1.0
2026-05-13,EUR,1.1715
2026-05-13,GBP,1.3510085
2026-05-13,JPY,0.00633826
2026-05-13,TRY,0.02201782
2026-05-13,USD,1.0
2026-05-14,EUR,1.1702
2026-05-14,GBP,1.3509894
2026-05-14,JPY,0.00633122
2026-05-14,TRY,0.0220096
2026-05-14,USD,1.0
2026-05-15,EUR,1.1628
2026-05-15,GBP,1.33578403
2026-05-15,JPY,0.00630722
2026-05-15,TRY,0.02195628
2026-05-15,USD,1.0
2026-05-16,EUR,1.1628
2026-05-16,GBP,1.33578403
2026-05-16,JPY,0.00630722
2026-05-16,TRY,0.02195628
2026-05-16,USD,1.0
2026-05-17,EUR,1.1628
2026-05-17,GBP,1.33578403
2026-05-17,JPY,0.00630722
2026-05-17,TRY,0.02195628
2026-05-17,USD,1.0
2026-05-18,EUR,1.1648
2026-05-18,GBP,1.33854286
2026-05-18,JPY,0.0062986
2026-05-18,TRY,0.02193948
2026-05-18,USD,1.0
2026-05-19,EUR,1.162
2026-05-19,GBP,1.3407022
2026-05-19,JPY,0.00628482
2026-05-19,TRY,0.02194254
2026-05-19,USD,1.0
2026-05-20,EUR,1.16
2026-05-20,GBP,1.34018832
2026-05-20,JPY,0.00628794
2026-05-20,TRY,0.02193634
2026-05-20,USD,1.0
2026-05-21,EUR,1.1599
2026-05-21,GBP,1.3419643
2026-05-21,JPY,0.00628366
2026-05-21,TRY,0.021924
2026-05-21,USD,1.0
2026-05-22,EUR,1.1595
2026-05-22,GBP,1.34173436
2026-05-22,JPY,0.00628353
2026-05-22,TRY,0.02187459
2026-05-22,USD,1.0
2026-05-23,EUR,1.1595
2026-05-23,GBP,1.34173436
2026-05-23,JPY,0.00628353
2026-05-23,TRY,0.02187459
2026-05-23,USD,1.0
2026-05-24,EUR,1.1595
2026-05-24,GBP,1.34173436
2026-05-24,JPY,0.00628353
2026-05-24,TRY,0.02187459
2026-05-24,USD,1.0
2026-05-25,EUR,1.1643
2026-05-25,GBP,1.34983479
2026-05-25,JPY,0.00629215
2026-05-25,TRY,0.02187506
2026-05-25,USD,1.0
2026-05-26,EUR,1.1634
2026-05-26,GBP,1.34691751
2026-05-26,JPY,0.00628118
2026-05-26,TRY,0.02178366
2026-05-26,USD,1.0
2026-05-27,EUR,1.1637
2026-05-27,GBP,1.34348519
2026-05-27,JPY,0.00627264
2026-05-27,TRY,0.02178422
2026-05-27,USD,1.0
2026-05-28,EUR,1.1617
2026-05-28,GBP,1.34044885
2026-05-28,JPY,0.00627132
2026-05-28,TRY,0.02178679
2026-05-28,USD,1.0
2026-05-29,EUR,1.1644
2026-05-29,GBP,1.34266573
2026-05-29,JPY,0.00627878
2026-05-29,TRY,0.02179312
2026-05-29,USD,1.0
2026-05-30,EUR,1.1644
2026-05-30,GBP,1.34266573
2026-05-30,JPY,0.00627878
2026-05-30,TRY,0.02179312
2026-05-30,USD,1.0
2026-05-31,EUR,1.1644
2026-05-31,GBP,1.34266573
2026-05-31,JPY,0.00627878
2026-05-31,TRY,0.02179312
2026-05-31,USD,1.0
2026-06-01,EUR,1.1646
2026-06-01,GBP,1.34646734
2026-06-01,JPY,0.00627005
2026-06-01,TRY,0.02178928
2026-06-01,USD,1.0
2026-06-02,EUR,1.1649
2026-06-02,GBP,1.34725033
2026-06-02,JPY,0.00625987
2026-06-02,TRY,0.02177383
2026-06-02,USD,1.0
2026-06-03,EUR,1.1614
2026-06-03,GBP,1.34467987
2026-06-03,JPY,0.00625552
2026-06-03,TRY,0.02175929
2026-06-03,USD,1.0
2026-06-04,EUR,1.164
2026-06-04,GBP,1.34582033
2026-06-04,JPY,0.00625773
2026-06-04,TRY,0.02175144
2026-06-04,USD,1.0
2026-06-05,EUR,1.164
2026-06-05,GBP,1.34670785
2026-06-05,JPY,0.00625537
2026-06-05,TRY,0.02169921
2026-06-05,USD,1.0
2026-06-06,EUR,1.164
2026-06-06,GBP,1.34670785
2026-06-06,JPY,0.00625537
2026-06-06,TRY,0.02169921
2026-06-06,USD,1.0
2026-06-07,EUR,1.164
2026-06-07,GBP,1.34670785
2026-06-07,JPY,0.00625537
2026-06-07,TRY,0.02169921
2026-06-07,USD,1.0
2026-06-08,EUR,1.154
2026-06-08,GBP,1.33626679
2026-06-08,JPY,0.00625135
2026-06-08,TRY,0.02169222
2026-06-08,USD,1.0
2026-06-09,EUR,1.1573
2026-06-09,GBP,1.34039842
2026-06-09,JPY,0.00624386
2026-06-09,TRY,0.02168365
2026-06-09,USD,1.0
2026-06-10,EUR,1.1539
2026-06-10,GBP,1.33819641
2026-06-10,JPY,0.0062309
2026-06-10,TRY,0.02167421
2026-06-10,USD,1.0
2026-06-11,EUR,1.1537
2026-06-11,GBP,1.33638364
2026-06-11,JPY,0.00622915
2026-06-11,TRY,0.0216663
2026-06-11,USD,1.0
2026-06-12,EUR,1.1567
2026-06-12,GBP,1.3402468
2026-06-12,JPY,0.00624231
2026-06-12,TRY,0.0216147
2026-06-12,USD,1.0
2026-06-13,EUR,1.1567
2026-06-13,GBP,1.3402468
2026-06-13,JPY,0.00624231
2026-06-13,TRY,0.0216147
2026-06-13,USD,1.0
2026-06-14,EUR,1.1567
2026-06-14,GBP,1.3402468
2026-06-14,JPY,0.00624231
2026-06-14,TRY,0.0216147
2026-06-14,USD,1.0
2026-06-15,EUR,1.1607
2026-06-15,GBP,1.34211348
2026-06-15,JPY,0.00624267
2026-06-15,TRY,0.02160821
2026-06-15,USD,1.0
2026-06-16,EUR,1.1594
2026-06-16,GBP,1.34079634
2026-06-16,JPY,0.00623534
2026-06-16,TRY,0.02159848
2026-06-16,USD,1.0
2026-06-17,EUR,1.1591
2026-06-17,GBP,1.34057342
2026-06-17,JPY,0.00623776
2026-06-17,TRY,0.02159024
2026-06-17,USD,1.0
2026-06-18,EUR,1.1461
2026-06-18,GBP,1.32286064
2026-06-18,JPY,0.00621394
2026-06-18,TRY,0.02153061
2026-06-18,USD,1.0
2026-06-19,EUR,1.1467
2026-06-19,GBP,1.32332406
2026-06-19,JPY,0.0062024
2026-06-19,TRY,0.02153075
2026-06-19,USD,1.0
2026-06-20,EUR,1.1467
2026-06-20,GBP,1.32332406
2026-06-20,JPY,0.0062024
2026-06-20,TRY,0.02153075
2026-06-20,USD,1.0
2026-06-21,EUR,1.1467
2026-06-21,GBP,1.32332406
2026-06-21,JPY,0.0062024
2026-06-21,TRY,0.02153075
2026-06-21,USD,1.0
2026-06-22,EUR,1.1456
2026-06-22,GBP,1.32488319
2026-06-22,JPY,0.00618141
2026-06-22,TRY,0.02152275
2026-06-22,USD,1.0
2026-06-23,EUR,1.1392
2026-06-23,GBP,1.32157773
2026-06-23,JPY,0.00619063
2026-06-23,TRY,0.0215148
2026-06-23,USD,1.0
2026-06-24,EUR,1.134
2026-06-24,GBP,1.31607961
2026-06-24,JPY,0.00618489
2026-06-24,TRY,0.02151043
2026-06-24,USD,1.0
2026-06-25,EUR,1.1342
2026-06-25,GBP,1.31603681
2026-06-25,JPY,0.00617857
2026-06-25,TRY,0.02149857
2026-06-25,USD,1.0
2026-06-26,EUR,1.1401
2026-06-26,GBP,1.3218091
2026-06-26,JPY,0.00618611
2026-06-26,TRY,0.02144767
2026-06-26,USD,1.0
2026-06-27,EUR,1.1401
2026-06-27,GBP,1.3218091
2026-06-27,JPY,0.00618611
2026-06-27,TRY,0.02144767
2026-06-27,USD,1.0
2026-06-28,EUR,1.1401
2026-06-28,GBP,1.3218091
2026-06-28,JPY,0.00618611
2026-06-28,TRY,0.02144767
2026-06-28,USD,1.0
2026-06-29,EUR,1.1406
2026-06-29,GBP,1.32297164
2026-06-29,JPY,0.0061781
2026-06-29,TRY,0.02143981
2026-06-29,USD,1.0
2026-06-30,EUR,1.1394
2026-06-30,GBP,1.32214718
2026-06-30,JPY,0.00615626
2026-06-30,TRY,0.02143172
2026-06-30,USD,1.0
2026-07-01,EUR,1.1383
2026-07-01,GBP,1.32402033
2026-07-01,JPY,0.006146
2026-07-01,TRY,0.02142618
2026-07-01,USD,1.0
2026-07-02,EUR,1.1399
2026-07-02,GBP,1.33064846
2026-07-02,JPY,0.00618872
2026-07-02,TRY,0.02141566
2026-07-02,USD,1.0
2026-07-03,EUR,1.1448
2026-07-03,GBP,1.33551097
2026-07-03,JPY,0.00620555
2026-07-03,TRY,0.02136534
2026-07-03,USD,1.0
2026-07-04,EUR,1.1448
2026-07-04,GBP,1.33551097
2026-07-04,JPY,0.00620555
2026-07-04,TRY,0.02136534
2026-07-04,USD,1.0
2026-07-05,EUR,1.1448
2026-07-05,GBP,1.33551097
2026-07-05,JPY,0.00620555
2026-07-05,TRY,0.02136534
2026-07-05,USD,1.0
2026-07-06,EUR,1.1415
2026-07-06,GBP,1.33449461
2026-07-06,JPY,0.00615995
2026-07-06,TRY,0.02136752
2026-07-06,USD,1.0
2026-07-07,EUR,1.1433
2026-07-07,GBP,1.33858636
2026-07-07,JPY,0.00617699
2026-07-07,TRY,0.02134918
2026-07-07,USD,1.0
2026-07-08,EUR,1.1404
2026-07-08,GBP,1.33481594
2026-07-08,JPY,0.00615434
2026-07-08,TRY,0.02134134
2026-07-08,USD,1.0
2026-07-09,EUR,1.1435
2026-07-09,GBP,1.33957335
2026-07-09,JPY,0.00615712
2026-07-09,TRY,0.02135746
2026-07-09,USD,1.0
2026-07-10,EUR,1.143
2026-07-10,GBP,1.34225823
2026-07-10,JPY,0.00617771
2026-07-10,TRY,0.02128337
2026-07-10,USD,1.0
2026-07-11,EUR,1.143
2026-07-11,GBP,1.34225823
2026-07-11,JPY,0.00617771
2026-07-11,TRY,0.02128337
2026-07-11,USD,1.0
2026-07-12,EUR,1.143
2026-07-12,GBP,1.34225823
2026-07-12,JPY,0.00617771
2026-07-12,TRY,0.02128337
2026-07-12,USD,1.0
2026-07-13,EUR,1.1424
2026-07-13,GBP,1.3388023
2026-07-13,JPY,0.00616747
2026-07-13,TRY,0.02127977
2026-07-13,USD,1.0
2026-07-14,EUR,1.1405
2026-07-14,GBP,1.33837939
2026-07-14,JPY,0.00616453
2026-07-14,TRY,0.02125958
2026-07-14,USD,1.0
2026-07-15,EUR,1.1406
2026-07-15,GBP,1.34041578
2026-07-15,JPY,0.00615808
2026-07-15,TRY,0.0212624
2026-07-15,USD,1.0
2026-07-16,EUR,1.1467
2026-07-16,GBP,1.35107749
2026-07-16,JPY,0.00616539
2026-07-16,TRY,0.02125183
2026-07-16,USD,1.0
2026-07-17,EUR,1.1435
2026-07-17,GBP,1.34374486
2026-07-17,JPY,0.00615944
2026-07-17,TRY,0.02121246
2026-07-17,USD,1.0
2026-07-18,EUR,1.1435
2026-07-18,GBP,1.34374486
2026-07-18,JPY,0.00615944
2026-07-18,TRY,0.02121246
2026-07-18,USD,1.0
2026-07-19,EUR,1.1435
2026-07-19,GBP,1.34374486
2026-07-19,JPY,0.00615944
2026-07-19,TRY,0.02121246
2026-07-19,USD,1.0
2026-07-20,EUR,1.1426
2026-07-20,GBP,1.34600886
2026-07-20,JPY,0.00615824
2026-07-20,TRY,0.02119502
2026-07-20,USD,1.0
2026-07-21,EUR,1.1418
2026-07-21,GBP,1.3400622
2026-07-21,JPY,0.00614466
2026-07-21,TRY,0.02119323
2026-07-21,USD,1.0
2026-07-22,EUR,1.1408
2026-07-22,GBP,1.33677056
2026-07-22,JPY,0.00613234
2026-07-22,TRY,0.02117856
2026-07-22,USD,1.0
2026-07-23,EUR,1.1392
2026-07-23,GBP,1.33523993
2026-07-23,JPY,0.00611717
2026-07-23,TRY,0.02117067
2026-07-23,USD,1.0
2026-07-24,EUR,1.1377
2026-07-24,GBP,1.33238863
2026-07-24,JPY,0.0061042
2026-07-24,TRY,0.0211214
2026-07-24,USD,1.0
2026-07-25,EUR,1.1377
2026-07-25,GBP,1.33238863
2026-07-25,JPY,0.0061042
2026-07-25,TRY,0.0211214
2026-07-25,USD,1.0
2026-07-26,EUR,1.1377
2026-07-26,GBP,1.33238863
2026-07-26,JPY,0.0061042
2026-07-26,TRY,0.0211214
2026-07-26,USD,1.0
2026-07-27,EUR,1.1389
2026-07-27,GBP,1.33167298
2026-07-27,JPY,0.00611096
2026-07-27,TRY,0.02111702
2026-07-27,USD,1.0
2026-07-28,EUR,1.1367
2026-07-28,GBP,1.32869667
2026-07-28,JPY,0.00610079
2026-07-28,TRY,0.02110613
2026-07-28,USD,1.0
2026-07-29,EUR,1.138
2026-07-29,GBP,1.3288959
2026-07-29,JPY,0.00610941
2026-07-29,TRY,0.02109806
2026-07-29,USD,1.0
2026-07-30,EUR,1.1476
2026-07-30,GBP,1.33885551
2026-07-30,JPY,0.00613723
2026-07-30,TRY,0.02109144
2026-07-30,USD,1.0
2026-07-31,EUR,1.1485
2026-07-31,GBP,1.34212894
2026-07-31,JPY,0.00624083
2026-07-31,TRY,0.02104139
2026-07-31,USD,1.0
2026-08-01,EUR,1.1485
2026-08-01,GBP,1.34212894
2026-08-01,JPY,0.00624083
2026-08-01,TRY,0.02104139
2026-08-01,USD,1.0
2026-08-02,EUR,1.1485
2026-08-02,GBP,1.34212894
2026-08-02,JPY,0.00624083
2026-08-02,TRY,0.02104139
2026-08-02,USD,1.0
2026-08-03,EUR,1.1535
2026-08-03,GBP,1.34702743
2026-08-03,JPY,0.00638245
2026-08-03,TRY,0.02103649
2026-08-03,USD,1.0
2026-08-04,EUR,1.1515
2026-08-04,GBP,1.34459767
2026-08-04,JPY,0.00635275
2026-08-04,TRY,0.02102789
2026-08-04,USD,1.0
2026-08-05,EUR,1.1554
2026-08-05,GBP,1.34787681
2026-08-05,JPY,0.00634556
2026-08-05,TRY,0.02101908
2026-08-05,USD,1.0
2026-08-06,EUR,1.1542
2026-08-06,GBP,1.34671256
2026-08-06,JPY,0.00633584
2026-08-06,TRY,0.02101063
2026-08-06,USD,1.0
2026-08-07,EUR,1.1535
2026-08-07,GBP,1.34495424
2026-08-07,JPY,0.0063157
2026-08-07,TRY,0.02096179
2026-08-07,USD,1.0
2026-08-08,EUR,1.1535
2026-08-08,GBP,1.34495424
2026-08-08,JPY,0.0063157
2026-08-08,TRY,0.02096179
2026-08-08,USD,1.0
2026-08-09,EUR,1.1535
2026-08-09,GBP,1.34495424
2026-08-09,JPY,0.0063157
2026-08-09,TRY,0.02096179
2026-08-09,USD,1.0
2026-08-10,EUR,1.1555
2026-08-10,GBP,1.35043534
2026-08-10,JPY,0.00630353
2026-08-10,TRY,0.02096655
2026-08-10,USD,1.0
2026-08-11,EUR,1.154
2026-08-11,GBP,1.34997602
2026-08-11,JPY,0.0062813
2026-08-11,TRY,0.02095264
2026-08-11,USD,1.0
2026-08-12,EUR,1.1545
2026-08-12,GBP,1.35253872
2026-08-12,JPY,0.00628573
2026-08-12,TRY,0.02093902
2026-08-12,USD,1.0
2026-08-13,EUR,1.1534
2026-08-13,GBP,1.34916364
2026-08-13,JPY,0.00627632
2026-08-13,TRY,0.02093152
2026-08-13,USD,1.0
2026-08-14,EUR,1.1567
2026-08-14,GBP,1.35365711
2026-08-14,JPY,0.00628881
2026-08-14,TRY,0.02088362
2026-08-14,USD,1.0
2026-08-15,EUR,1.1567
2026-08-15,GBP,1.35365711
2026-08-15,JPY,0.00628881
2026-08-15,TRY,0.02088362
2026-08-15,USD,1.0
2026-08-16,EUR,1.1567
2026-08-16,GBP,1.35365711
2026-08-16,JPY,0.00628881
2026-08-16,TRY,0.02088362
2026-08-16,USD,1.0
2026-08-17,EUR,1.1593
2026-08-17,GBP,1.35590643
2026-08-17,JPY,0.00628041
2026-08-17,TRY,0.02087603
2026-08-17,USD,1.0
2026-08-18,EUR,1.1576
2026-08-18,GBP,1.35257346
2026-08-18,JPY,0.0062617
2026-08-18,TRY,0.02087161
2026-08-18,USD,1.0
2026-08-19,EUR,1.1605
2026-08-19,GBP,1.35559761
2026-08-19,JPY,0.00628588
2026-08-19,TRY,0.02086176
2026-08-19,USD,1.0
2026-08-20,EUR,1.1681
2026-08-20,GBP,1.36261301
2026-08-20,JPY,0.00629873
2026-08-20,TRY,0.02085353
2026-08-20,USD,1.0
2026-08-21,EUR,1.1699
2026-08-21,GBP,1.36558889
2026-08-21,JPY,0.0063013
2026-08-21,TRY,0.02080495
2026-08-21,USD,1.0
2026-08-22,EUR,1.1699
2026-08-22,GBP,1.36558889
2026-08-22,JPY,0.0063013
2026-08-22,TRY,0.02080495
2026-08-22,USD,1.0
2026-08-23,EUR,1.1699
2026-08-23,GBP,1.36558889
2026-08-23,JPY,0.0063013
2026-08-23,TRY,0.02080495
2026-08-23,USD,1.0
2026-08-24,EUR,1.1664
2026-08-24,GBP,1.36341321
2026-08-24,JPY,0.00628448
2026-08-24,TRY,0.02079808
2026-08-24,USD,1.0
2026-08-25,EUR,1.1662
2026-08-25,GBP,1.36317943
2026-08-25,JPY,0.00628002
2026-08-25,TRY,0.02079029
2026-08-25,USD,1.0
2026-08-26,EUR,1.1669
2026-08-26,GBP,1.36299394
2026-08-26,JPY,0.0062865
2026-08-26,TRY,0.02078254
2026-08-26,USD,1.0
2026-08-27,EUR,1.1645
2026-08-27,GBP,1.35817588
2026-08-27,JPY,0.00627391
2026-08-27,TRY,0.02077672
2026-08-27,USD,1.0
2026-08-28,EUR,1.1643
2026-08-28,GBP,1.35825945
2026-08-28,JPY,0.00626237
2026-08-28,TRY,0.02072748
2026-08-28,USD,1.0
2026-08-29,EUR,1.1643
2026-08-29,GBP,1.35825945
2026-08-29,JPY,0.00626237
2026-08-29,TRY,0.02072748
2026-08-29,USD,1.0
2026-08-30,EUR,1.1643
2026-08-30,GBP,1.35825945
2026-08-30,JPY,0.00626237
2026-08-30,TRY,0.02072748
2026-08-30,USD,1.0
2026-08-31,EUR,1.1596
2026-08-31,GBP,1.35391369
2026-08-31,JPY,0.00626066
2026-08-31,TRY,0.02072017
2026-08-31,USD,1.0
2026-09-01,EUR,1.159
2026-09-01,GBP,1.35310256
2026-09-01,JPY,0.0062436
2026-09-01,TRY,0.020715
2026-09-01,USD,1.0
2026-09-02,EUR,1.1578
2026-09-02,GBP,1.34831722
2026-09-02,JPY,0.00626583
2026-09-02,TRY,0.02070661
2026-09-02,USD,1.0
2026-09-03,EUR,1.1615
2026-09-03,GBP,1.3497182
2026-09-03,JPY,0.00640969
2026-09-03,TRY,0.02069757
2026-09-03,USD,1.0
2026-09-04,EUR,1.1622
2026-09-04,GBP,1.35300007
2026-09-04,JPY,0.00640013
2026-09-04,TRY,0.02064317
2026-09-04,USD,1.0
2026-09-05,EUR,1.1622
2026-09-05,GBP,1.35300007
2026-09-05,JPY,0.00640013
2026-09-05,TRY,0.02064317
2026-09-05,USD,1.0
2026-09-06,EUR,1.1622
2026-09-06,GBP,1.35300007
2026-09-06,JPY,0.00640013
2026-09-06,TRY,0.02064317
2026-09-06,USD,1.0
2026-09-07,EUR,1.1622
2026-09-07,GBP,1.35306308
2026-09-07,JPY,0.00646205
2026-09-07,TRY,0.02064702
2026-09-07,USD,1.0
2026-09-08,EUR,1.1614
2026-09-08,GBP,1.3545603
2026-09-08,JPY,0.00648103
2026-09-08,TRY,0.02063559
2026-09-08,USD,1.0
2026-09-09,EUR,1.1652
2026-09-09,GBP,1.35649258
2026-09-09,JPY,0.00652444
2026-09-09,TRY,0.02062823
2026-09-09,USD,1.0
2026-09-10,EUR,1.1616
2026-09-10,GBP,1.35203399
2026-09-10,JPY,0.00648612
2026-09-10,TRY,0.02062075
2026-09-10,USD,1.0
2026-09-11,EUR,1.1592
2026-09-11,GBP,1.35081279
2026-09-11,JPY,0.00649194
2026-09-11,TRY,0.02057767
2026-09-11,USD,1.0
2026-09-12,EUR,1.1592
2026-09-12,GBP,1.35081279
2026-09-12,JPY,0.00649194
2026-09-12,TRY,0.02057767
2026-09-12,USD,1.0
2026-09-13,EUR,1.1592
2026-09-13,GBP,1.35081279
2026-09-13,JPY,0.00649194
2026-09-13,TRY,0.02057767
2026-09-13,USD,1.0
2026-09-14,EUR,1.1551
2026-09-14,GBP,1.34944742
2026-09-14,JPY,0.00647042
2026-09-14,TRY,0.0205667
2026-09-14,USD,1.0
2026-09-15,EUR,1.1539
2026-09-15,GBP,1.34832905
2026-09-15,JPY,0.00645141
2026-09-15,TRY,0.02055928
2026-09-15,USD,1.0
2026-09-16,EUR,1.1537
2026-09-16,GBP,1.34557966
2026-09-16,JPY,0.00644958
2026-09-16,TRY,0.02055187
2026-09-16,USD,1.0
2026-09-17,EUR,1.1481
2026-09-17,GBP,1.33764418
2026-09-17,JPY,0.00642294
2026-09-17,TRY,0.02054431
2026-09-17,USD,1.0
2026-09-18,EUR,1.146
2026-09-18,GBP,1.33442012
2026-09-18,JPY,0.00633359
2026-09-18,TRY,0.02049807
2026-09-18,USD,1.0
2026-09-19,EUR,1.146
2026-09-19,GBP,1.33442012
2026-09-19,JPY,0.00633359
2026-09-19,TRY,0.02049807
2026-09-19,USD,1.0
2026-09-20,EUR,1.146
2026-09-20,GBP,1.33442012
2026-09-20,JPY,0.00633359
2026-09-20,TRY,0.02049807
2026-09-20,USD,1.0
2026-09-21,EUR,1.149
2026-09-21,GBP,1.33947307
2026-09-21,JPY,0.00635861
2026-09-21,TRY,0.02049221
2026-09-21,USD,1.0
2026-09-22,EUR,1.1463
2026-09-22,GBP,1.33632548
2026-09-22,JPY,0.00636232
2026-09-22,TRY,0.02048823
2026-09-22,USD,1.0
2026-09-23,EUR,1.1411
2026-09-23,GBP,1.32763234
2026-09-23,JPY,0.00633241
2026-09-23,TRY,0.02047613
2026-09-23,USD,1.0
2026-09-24,EUR,1.1367
2026-09-24,GBP,1.32195939
2026-09-24,JPY,0.00629507
2026-09-24,TRY,0.02046884
2026-09-24,USD,1.0
2026-09-25,EUR,1.1403
2026-09-25,GBP,1.32523679
2026-09-25,JPY,0.00634558
2026-09-25,TRY,0.0204364
2026-09-25,USD,1.0
2026-09-26,EUR,1.1403
2026-09-26,GBP,1.32523679
2026-09-26,JPY,0.00634558
2026-09-26,TRY,0.0204364
2026-09-26,USD,1.0
2026-09-27,EUR,1.1403
2026-09-27,GBP,1.32523679
2026-09-27,JPY,0.00634558
2026-09-27,TRY,0.0204364
2026-09-27,USD,1.0
2026-09-28,EUR,1.1378
2026-09-28,GBP,1.3263391
2026-09-28,JPY,0.00637423
2026-09-28,TRY,0.02041563
2026-09-28,USD,1.0
2026-09-29,EUR,1.1355
2026-09-29,GBP,1.3246926
2026-09-29,JPY,0.00636455
2026-09-29,TRY,0.02040805
2026-09-29,USD,1.0
2026-09-30,EUR,1.1355
2026-09-30,GBP,1.32864514
2026-09-30,JPY,0.00636955
2026-09-30,TRY,0.02040079
2026-09-30,USD,1.0
2026-10-01,EUR,1.1298
2026-10-01,GBP,1.32336922
2026-10-01,JPY,0.00632977
2026-10-01,TRY,0.02039376
2026-10-01,USD,1.0
2026-10-02,EUR,1.1225
2026-10-02,GBP,1.32007574
2026-10-02,JPY,0.00634217
2026-10-02,TRY,0.02034805
2026-10-02,USD,1.0
